{"type":"FeatureCollection","features":[{"type":"Feature","properties":{"rank":0,"summary":"N5","distance_m":259888,"distance_text":"260 km","duration_s":20629,"duration_text":"5 h 44 min","duration_traffic_s":22375,"duration_traffic_text":"6 h 13 min","duration_min_s":21978,"duration_max_s":25608,"duration_range_text":"6 h 6 min à 7 h 7 min","point_count":8824},"geometry":{"type":"LineString","coordinates":[[9.714281,4.070861],[9.714252,4.070832],[9.714005,4.070613],[9.71353,4.07021],[9.713475,4.070162],[9.712779,4.069565],[9.71249,4.069312],[9.712246,4.069102],[9.711957,4.06885],[9.711685,4.068615],[9.711369,4.068336],[9.711002,4.068026],[9.710432,4.067535],[9.710318,4.067441],[9.710194,4.067329],[9.709879,4.06705],[9.709518,4.066729],[9.709279,4.066522],[9.709213,4.066467],[9.708909,4.066186],[9.70855,4.065838],[9.708386,4.065696],[9.708234,4.065563],[9.708218,4.065549],[9.708099,4.065445],[9.707988,4.065343],[9.707953,4.065309],[9.707918,4.065273],[9.707876,4.065228],[9.707757,4.065082],[9.707718,4.065033],[9.707569,4.064941],[9.707477,4.06484],[9.70739,4.064747],[9.707389,4.064747],[9.707265,4.064624],[9.707146,4.064517],[9.707035,4.06442],[9.706972,4.064452],[9.706936,4.064463],[9.706899,4.064469],[9.706862,4.06447],[9.706825,4.064466],[9.706789,4.064458],[9.706754,4.064445],[9.706723,4.064428],[9.70655,4.064611],[9.706407,4.064731],[9.706351,4.064789],[9.706196,4.064895],[9.706158,4.064939],[9.705963,4.06517],[9.705847,4.065308],[9.705662,4.065527],[9.705492,4.065723],[9.70544,4.065783],[9.705323,4.06592],[9.705223,4.066054],[9.704995,4.06633],[9.704885,4.066444],[9.70476,4.066574],[9.704726,4.066609],[9.704216,4.067046],[9.704061,4.06724],[9.70405,4.067249],[9.703823,4.067426],[9.703713,4.067512],[9.703275,4.067824],[9.702972,4.068058],[9.702913,4.068104],[9.702799,4.068193],[9.702661,4.068301],[9.70235,4.06858],[9.702092,4.068795],[9.701669,4.069199],[9.701448,4.06939],[9.701379,4.069454],[9.700266,4.070491],[9.699976,4.070772],[9.699776,4.07099],[9.699592,4.071144],[9.699461,4.071248],[9.699267,4.071389],[9.699049,4.071531],[9.698728,4.071722],[9.698497,4.071843],[9.698252,4.071958],[9.698032,4.072046],[9.697892,4.072097],[9.697709,4.072163],[9.697412,4.072246],[9.697207,4.072295],[9.696935,4.072348],[9.696521,4.072405],[9.695962,4.072437],[9.69542,4.072445],[9.69494,4.072433],[9.694619,4.072415],[9.694136,4.072358],[9.693691,4.072288],[9.693349,4.07222],[9.693276,4.072202],[9.693101,4.072158],[9.692986,4.07213],[9.692526,4.071988],[9.692412,4.071947],[9.691905,4.071759],[9.691901,4.071758],[9.691311,4.071528],[9.690403,4.071146],[9.689905,4.070935],[9.689761,4.070873],[9.689496,4.070758],[9.689241,4.070674],[9.68888,4.070563],[9.688303,4.070389],[9.687473,4.070182],[9.686884,4.070035],[9.68678,4.070008],[9.686628,4.069981],[9.686398,4.069937],[9.686168,4.069903],[9.685849,4.069872],[9.685479,4.06989],[9.685471,4.069903],[9.68546,4.06992],[9.685447,4.069935],[9.685426,4.069954],[9.685414,4.069964],[9.685397,4.069975],[9.685379,4.069984],[9.68536,4.069992],[9.685341,4.069998],[9.685321,4.070002],[9.685301,4.070004],[9.68528,4.070004],[9.68526,4.070002],[9.68524,4.069998],[9.685229,4.069994],[9.685204,4.069986],[9.685188,4.069979],[9.685173,4.06997],[9.685159,4.06996],[9.685145,4.069949],[9.685133,4.069936],[9.685121,4.069923],[9.685096,4.069885],[9.684972,4.069856],[9.684873,4.069844],[9.684711,4.069844],[9.684401,4.069862],[9.684106,4.069902],[9.683766,4.069967],[9.683146,4.070123],[9.682902,4.070182],[9.681687,4.07048],[9.681354,4.070556],[9.680298,4.070811],[9.680027,4.070877],[9.679427,4.071013],[9.67834,4.07127],[9.677497,4.07147],[9.677389,4.071495],[9.677331,4.071515],[9.677164,4.071583],[9.677162,4.071592],[9.677155,4.071608],[9.677138,4.07163],[9.677115,4.071649],[9.677103,4.071656],[9.677094,4.071662],[9.677084,4.071668],[9.677074,4.071673],[9.677064,4.071676],[9.677053,4.07168],[9.677042,4.071682],[9.677031,4.071684],[9.67702,4.071685],[9.677009,4.071686],[9.676999,4.071686],[9.676988,4.071684],[9.676977,4.071683],[9.676967,4.07168],[9.676956,4.071677],[9.676952,4.071675],[9.676947,4.071673],[9.676939,4.071669],[9.676929,4.071662],[9.67681,4.071646],[9.676741,4.071649],[9.676673,4.071655],[9.67658,4.07167],[9.676404,4.071714],[9.676159,4.071764],[9.675972,4.071807],[9.675781,4.071866],[9.675477,4.071969],[9.675292,4.072056],[9.675027,4.072207],[9.674749,4.072409],[9.674389,4.072706],[9.673093,4.073745],[9.672211,4.074478],[9.671762,4.074834],[9.671527,4.075076],[9.67153,4.075086],[9.671531,4.075095],[9.671533,4.075104],[9.671534,4.075114],[9.671534,4.075123],[9.671533,4.075132],[9.671532,4.075142],[9.671531,4.075151],[9.671528,4.07516],[9.671526,4.075169],[9.671522,4.075178],[9.671518,4.075187],[9.671514,4.075195],[9.671509,4.075203],[9.671503,4.07521],[9.671497,4.075217],[9.671491,4.075224],[9.671484,4.075231],[9.671476,4.075237],[9.671469,4.075242],[9.671461,4.075247],[9.671452,4.075252],[9.671444,4.075255],[9.671435,4.075259],[9.671426,4.075261],[9.671417,4.075264],[9.671408,4.075265],[9.671398,4.075266],[9.671389,4.075266],[9.671379,4.075266],[9.67137,4.075265],[9.671361,4.075264],[9.671351,4.075262],[9.671342,4.075259],[9.671333,4.075256],[9.671325,4.075252],[9.671316,4.075248],[9.671308,4.075243],[9.671117,4.075367],[9.670432,4.075971],[9.670288,4.076091],[9.669539,4.076698],[9.668739,4.077319],[9.668558,4.077453],[9.66835,4.077593],[9.667676,4.078115],[9.66653,4.079086],[9.664706,4.080592],[9.664183,4.08101],[9.664015,4.081129],[9.66392,4.081174],[9.663499,4.081526],[9.663251,4.081753],[9.663237,4.081766],[9.662877,4.082113],[9.662586,4.082393],[9.662036,4.083159],[9.661893,4.083351],[9.661896,4.083353],[9.661902,4.083358],[9.661907,4.083364],[9.661913,4.08337],[9.661918,4.083376],[9.661922,4.083383],[9.661926,4.08339],[9.66193,4.083397],[9.661933,4.083404],[9.661938,4.083418],[9.661941,4.083425],[9.661942,4.083433],[9.661944,4.083441],[9.661945,4.083449],[9.661945,4.083457],[9.661945,4.083465],[9.661945,4.083473],[9.661943,4.083481],[9.661942,4.083489],[9.66194,4.083497],[9.661937,4.083505],[9.661934,4.083512],[9.661931,4.083519],[9.661927,4.083526],[9.661923,4.083533],[9.661918,4.08354],[9.661913,4.083546],[9.661908,4.083552],[9.661902,4.083558],[9.661896,4.083563],[9.66189,4.083568],[9.661883,4.083572],[9.661876,4.083576],[9.661869,4.08358],[9.661862,4.083583],[9.661854,4.083586],[9.661847,4.083588],[9.661839,4.08359],[9.661831,4.083591],[9.661816,4.083593],[9.661722,4.083738],[9.661682,4.0838],[9.661629,4.083891],[9.661594,4.083961],[9.661533,4.084089],[9.66137,4.084531],[9.661312,4.084741],[9.661265,4.084919],[9.661202,4.085181],[9.661173,4.085407],[9.661159,4.085623],[9.661142,4.08587],[9.661137,4.086013],[9.661137,4.086156],[9.661148,4.086309],[9.66117,4.086515],[9.661181,4.08677],[9.661183,4.086949],[9.66119,4.087167],[9.661196,4.087286],[9.661206,4.087363],[9.661219,4.08747],[9.661225,4.087513],[9.661197,4.087553],[9.661183,4.087571],[9.661154,4.087643],[9.661156,4.087726],[9.661178,4.088271],[9.661178,4.088275],[9.661189,4.088706],[9.661187,4.088865],[9.661183,4.08899],[9.661182,4.088996],[9.66117,4.089115],[9.661164,4.089169],[9.661159,4.089217],[9.661138,4.089336],[9.661136,4.089347],[9.6611,4.089547],[9.661064,4.089699],[9.661056,4.089733],[9.660982,4.089976],[9.660953,4.09006],[9.660896,4.090231],[9.660838,4.090401],[9.660775,4.090566],[9.66068,4.090775],[9.660606,4.090939],[9.66059,4.090973],[9.660518,4.091096],[9.660435,4.091236],[9.660335,4.091369],[9.660317,4.091394],[9.660225,4.091523],[9.660103,4.091688],[9.659959,4.09185],[9.659776,4.092033],[9.659603,4.092202],[9.659377,4.092423],[9.658855,4.09294],[9.658834,4.092961],[9.658459,4.093332],[9.6581,4.093684],[9.657932,4.093842],[9.657816,4.093955],[9.657472,4.094267],[9.657262,4.094443],[9.657134,4.09455],[9.657124,4.094558],[9.65685,4.094755],[9.656831,4.094768],[9.65668,4.094867],[9.656657,4.094883],[9.656313,4.09507],[9.655939,4.095252],[9.655713,4.095349],[9.655561,4.095415],[9.655057,4.095648],[9.654918,4.095781],[9.654699,4.095921],[9.654474,4.096071],[9.654459,4.0961],[9.654444,4.096116],[9.654426,4.096132],[9.65438,4.096152],[9.654349,4.096165],[9.654334,4.096169],[9.654318,4.096171],[9.654303,4.096173],[9.654287,4.096173],[9.654271,4.096172],[9.654255,4.096169],[9.65424,4.096165],[9.654225,4.09616],[9.654211,4.096154],[9.654193,4.096146],[9.654186,4.096139],[9.654178,4.096134],[9.65417,4.096127],[9.654162,4.09612],[9.654155,4.096113],[9.654149,4.096106],[9.654143,4.096098],[9.654137,4.09609],[9.654045,4.096038],[9.653978,4.096012],[9.65389,4.095987],[9.653806,4.09597],[9.653719,4.095944],[9.65357,4.09589],[9.653289,4.095854],[9.652891,4.0958],[9.652348,4.095738],[9.652262,4.095728],[9.651678,4.095655],[9.651454,4.095619],[9.651388,4.095609],[9.651097,4.095571],[9.650989,4.095556],[9.650743,4.095513],[9.650419,4.09546],[9.650385,4.095453],[9.650044,4.095384],[9.64951,4.09527],[9.649503,4.095268],[9.649327,4.095229],[9.648895,4.095134],[9.648503,4.095043],[9.647923,4.094899],[9.64774,4.094887],[9.64763,4.094878],[9.647312,4.09482],[9.647258,4.094814],[9.647219,4.09482],[9.647191,4.094825],[9.647142,4.094838],[9.647141,4.094839],[9.647127,4.09485],[9.647112,4.094857],[9.647096,4.094864],[9.647079,4.094869],[9.647063,4.094872],[9.647046,4.094874],[9.647028,4.094874],[9.647011,4.094873],[9.646994,4.094871],[9.646978,4.094867],[9.646951,4.094855],[9.646937,4.09485],[9.646925,4.094843],[9.646912,4.094834],[9.646901,4.094825],[9.64689,4.094815],[9.64688,4.094804],[9.646871,4.094792],[9.646862,4.094779],[9.646832,4.094749],[9.646785,4.094711],[9.646733,4.094676],[9.64663,4.09463],[9.64654,4.094601],[9.646459,4.094581],[9.646367,4.094558],[9.646252,4.094536],[9.646133,4.09449],[9.646054,4.094449],[9.645798,4.094378],[9.645387,4.09428],[9.645343,4.09427],[9.64521,4.094246],[9.644844,4.094179],[9.644486,4.094143],[9.644137,4.094126],[9.644009,4.09412],[9.643742,4.094126],[9.643392,4.094143],[9.643057,4.09418],[9.643021,4.094184],[9.642703,4.094245],[9.642638,4.094258],[9.64227,4.094349],[9.641915,4.094455],[9.641638,4.09456],[9.641256,4.094729],[9.640942,4.094887],[9.640701,4.095034],[9.640689,4.095041],[9.640401,4.095232],[9.64034,4.095273],[9.640049,4.095476],[9.639866,4.095628],[9.63969,4.095784],[9.639641,4.095828],[9.63956,4.095909],[9.639391,4.096078],[9.639188,4.0963],[9.639145,4.096398],[9.639109,4.096459],[9.639022,4.096557],[9.638924,4.096653],[9.638835,4.096747],[9.638576,4.097029],[9.638482,4.097137],[9.638179,4.097473],[9.637931,4.09775],[9.637857,4.097833],[9.637571,4.098128],[9.637292,4.098401],[9.637081,4.098589],[9.63703,4.098635],[9.636757,4.098857],[9.636555,4.099008],[9.636406,4.099109],[9.636395,4.099116],[9.636273,4.099197],[9.636118,4.099293],[9.635972,4.099386],[9.635848,4.099457],[9.635813,4.099477],[9.635473,4.099668],[9.635056,4.099877],[9.635021,4.099895],[9.63476,4.100009],[9.634616,4.100064],[9.634362,4.100161],[9.633991,4.100299],[9.633666,4.100422],[9.63325,4.100584],[9.633229,4.100592],[9.63283,4.100738],[9.631686,4.101172],[9.63035,4.101673],[9.629944,4.101827],[9.629256,4.102089],[9.6285,4.102364],[9.628408,4.1024],[9.628319,4.102429],[9.628263,4.102444],[9.628233,4.102453],[9.628091,4.102488],[9.626715,4.103005],[9.625443,4.103489],[9.624683,4.103768],[9.624134,4.103964],[9.623655,4.104105],[9.623427,4.104163],[9.62319,4.104227],[9.622863,4.104299],[9.622517,4.104362],[9.622308,4.104393],[9.622027,4.104433],[9.621835,4.104455],[9.621488,4.104486],[9.621232,4.104503],[9.620893,4.10453],[9.620332,4.104559],[9.619741,4.104596],[9.619612,4.104604],[9.619203,4.104638],[9.618799,4.104666],[9.618474,4.104681],[9.616645,4.104795],[9.615694,4.104855],[9.615161,4.104884],[9.614158,4.104946],[9.613929,4.10496],[9.61366,4.104986],[9.61261,4.105088],[9.611956,4.10518],[9.61151,4.105256],[9.61111,4.105336],[9.610812,4.105401],[9.610486,4.105478],[9.610151,4.105563],[9.609739,4.105687],[9.60957,4.105735],[9.609398,4.105788],[9.609151,4.105872],[9.608424,4.10612],[9.607591,4.106463],[9.607255,4.106604],[9.607017,4.106718],[9.606691,4.106875],[9.606558,4.106941],[9.606414,4.107012],[9.606226,4.107107],[9.606079,4.107191],[9.605884,4.107304],[9.605567,4.107475],[9.605409,4.107561],[9.604939,4.107816],[9.604618,4.107991],[9.604299,4.108161],[9.604092,4.108284],[9.602631,4.109087],[9.602599,4.109104],[9.602441,4.109191],[9.601987,4.10944],[9.601337,4.109801],[9.60132,4.109811],[9.601179,4.109886],[9.600581,4.110206],[9.600228,4.110402],[9.599958,4.110553],[9.599445,4.110847],[9.598479,4.111375],[9.597523,4.111902],[9.596741,4.112343],[9.596259,4.112601],[9.595813,4.112845],[9.595517,4.113008],[9.594809,4.113399],[9.594196,4.113742],[9.593181,4.114299],[9.592103,4.114902],[9.591471,4.115253],[9.591156,4.115428],[9.59102,4.115502],[9.590611,4.115724],[9.590267,4.115916],[9.58992,4.11611],[9.589866,4.116139],[9.589794,4.116176],[9.589711,4.116219],[9.589404,4.11638],[9.589301,4.116467],[9.588687,4.116849],[9.588469,4.117],[9.588355,4.117083],[9.588181,4.117165],[9.587813,4.117429],[9.587457,4.11774],[9.587262,4.117934],[9.587119,4.118071],[9.587046,4.118148],[9.586951,4.118244],[9.586846,4.118384],[9.586532,4.118865],[9.586486,4.118968],[9.586439,4.119071],[9.586315,4.119368],[9.586051,4.119977],[9.585973,4.120177],[9.585925,4.120348],[9.585864,4.120651],[9.5858,4.120986],[9.585765,4.12133],[9.585788,4.121572],[9.585837,4.121835],[9.585933,4.12224],[9.586067,4.122663],[9.586091,4.122728],[9.586131,4.122835],[9.586156,4.122896],[9.586199,4.123003],[9.586227,4.123061],[9.586327,4.123269],[9.586591,4.123754],[9.586994,4.124567],[9.58726,4.12514],[9.587415,4.125465],[9.587517,4.125655],[9.587603,4.125819],[9.587929,4.12646],[9.588075,4.126748],[9.588635,4.127832],[9.588642,4.127846],[9.589002,4.128558],[9.589251,4.129055],[9.589493,4.129534],[9.589498,4.129544],[9.589554,4.129655],[9.58963,4.129838],[9.589678,4.129979],[9.589748,4.130197],[9.589811,4.130459],[9.589913,4.130926],[9.590127,4.132015],[9.590251,4.132673],[9.590373,4.133275],[9.590499,4.133893],[9.590675,4.134809],[9.590684,4.134867],[9.59081,4.135519],[9.590845,4.135702],[9.590991,4.136456],[9.591123,4.137135],[9.591252,4.138263],[9.591299,4.138663],[9.59133,4.139056],[9.591353,4.139424],[9.591345,4.139625],[9.591335,4.139867],[9.591256,4.140822],[9.591237,4.141011],[9.591178,4.141602],[9.591151,4.141798],[9.591114,4.142019],[9.591034,4.142383],[9.591004,4.142492],[9.590965,4.14264],[9.590894,4.142865],[9.590849,4.143002],[9.59062,4.143689],[9.590481,4.144082],[9.59033,4.144558],[9.590269,4.14475],[9.590037,4.145446],[9.58998,4.145621],[9.589665,4.146569],[9.589656,4.146596],[9.589463,4.147197],[9.589432,4.147279],[9.589367,4.14745],[9.589307,4.147596],[9.589299,4.147614],[9.589226,4.147771],[9.589223,4.147777],[9.589199,4.147824],[9.589129,4.147959],[9.588961,4.148249],[9.588956,4.148258],[9.588861,4.148401],[9.588642,4.148725],[9.588545,4.14887],[9.588256,4.14927],[9.588122,4.149455],[9.588108,4.149474],[9.587938,4.149707],[9.587887,4.149776],[9.587708,4.150034],[9.587569,4.150263],[9.587491,4.150419],[9.587488,4.150426],[9.587412,4.150589],[9.587401,4.150615],[9.587344,4.150751],[9.587286,4.150926],[9.587254,4.151023],[9.587249,4.151042],[9.587178,4.151307],[9.587154,4.151449],[9.587136,4.151553],[9.5871,4.151816],[9.587083,4.152077],[9.587083,4.152227],[9.587083,4.152334],[9.587086,4.152401],[9.587088,4.152465],[9.587093,4.15258],[9.587105,4.152865],[9.587149,4.153838],[9.587151,4.153888],[9.587182,4.154572],[9.587185,4.154621],[9.587194,4.154786],[9.587203,4.15496],[9.5872,4.155321],[9.587193,4.155439],[9.58719,4.15549],[9.587157,4.155712],[9.587135,4.155832],[9.58706,4.15621],[9.587057,4.156227],[9.587034,4.156336],[9.586979,4.156599],[9.586945,4.15677],[9.586887,4.157056],[9.586847,4.157259],[9.586844,4.157273],[9.586833,4.157328],[9.586733,4.157818],[9.586713,4.15791],[9.586696,4.157989],[9.586676,4.158086],[9.586636,4.158272],[9.586564,4.158614],[9.586378,4.159518],[9.586356,4.159634],[9.586304,4.159929],[9.586275,4.160151],[9.586259,4.160538],[9.586271,4.160763],[9.586301,4.161089],[9.586339,4.161313],[9.5864,4.1616],[9.586457,4.161787],[9.586528,4.161998],[9.586593,4.162157],[9.586692,4.162365],[9.586803,4.162566],[9.58696,4.162816],[9.587093,4.162994],[9.587175,4.163094],[9.587237,4.163168],[9.587357,4.163304],[9.587508,4.163449],[9.587666,4.163595],[9.587895,4.163785],[9.588112,4.163934],[9.588261,4.164025],[9.588422,4.164119],[9.588554,4.164183],[9.588817,4.164297],[9.589072,4.164397],[9.5898,4.164631],[9.590352,4.16479],[9.591021,4.164983],[9.591899,4.165253],[9.592529,4.16543],[9.593007,4.165579],[9.593457,4.16571],[9.593903,4.165843],[9.594153,4.165918],[9.594211,4.165935],[9.594465,4.166009],[9.594881,4.166144],[9.595124,4.166237],[9.595367,4.166326],[9.595581,4.166418],[9.595754,4.166504],[9.595939,4.166602],[9.596092,4.166692],[9.596333,4.166845],[9.596504,4.166959],[9.596595,4.16702],[9.596699,4.167099],[9.596825,4.167199],[9.596965,4.167324],[9.597211,4.167537],[9.597389,4.167692],[9.597572,4.167874],[9.597715,4.168022],[9.597802,4.168109],[9.597864,4.168185],[9.597997,4.168365],[9.598007,4.168377],[9.598137,4.168571],[9.598258,4.168774],[9.598358,4.168976],[9.598397,4.169051],[9.598456,4.169195],[9.598458,4.1692],[9.598543,4.169441],[9.598622,4.169686],[9.598681,4.16991],[9.598704,4.170041],[9.598733,4.170203],[9.598766,4.170497],[9.598772,4.170854],[9.598754,4.171402],[9.598728,4.171991],[9.598715,4.172156],[9.598701,4.172427],[9.598678,4.172857],[9.598677,4.172902],[9.598661,4.173217],[9.598647,4.17344],[9.598635,4.173729],[9.598633,4.173901],[9.598636,4.174043],[9.598653,4.174263],[9.598671,4.174394],[9.598691,4.174481],[9.59871,4.174547],[9.598754,4.174694],[9.598781,4.174773],[9.59883,4.174888],[9.598927,4.175074],[9.598991,4.175183],[9.599047,4.175272],[9.599184,4.175468],[9.599186,4.17547],[9.599379,4.175715],[9.59963,4.176038],[9.599897,4.176359],[9.599935,4.176405],[9.600162,4.176691],[9.600363,4.176949],[9.600516,4.177158],[9.600623,4.177313],[9.600705,4.17743],[9.600784,4.177577],[9.600833,4.177668],[9.600923,4.177852],[9.601033,4.178113],[9.601109,4.178332],[9.601154,4.178474],[9.601187,4.178589],[9.601198,4.178628],[9.601226,4.178742],[9.601288,4.179043],[9.601372,4.179521],[9.601463,4.180047],[9.601472,4.180096],[9.601576,4.180723],[9.601683,4.181339],[9.601803,4.182037],[9.601804,4.182039],[9.601939,4.182837],[9.601995,4.183192],[9.602126,4.183892],[9.602288,4.184835],[9.602319,4.18501],[9.602441,4.185699],[9.602546,4.186298],[9.602628,4.186781],[9.602739,4.187393],[9.602779,4.187654],[9.602781,4.187669],[9.602808,4.187846],[9.602824,4.187948],[9.602863,4.188242],[9.602882,4.188381],[9.602892,4.188458],[9.602903,4.18856],[9.602916,4.188683],[9.602958,4.189273],[9.603025,4.190321],[9.60307,4.190852],[9.603151,4.191979],[9.603194,4.192648],[9.603262,4.193584],[9.60334,4.194644],[9.60335,4.194793],[9.603391,4.19528],[9.603427,4.195714],[9.603441,4.195905],[9.603467,4.196175],[9.603497,4.196396],[9.603541,4.196651],[9.603601,4.196946],[9.603668,4.197274],[9.603751,4.197637],[9.603812,4.197852],[9.603928,4.198204],[9.604136,4.198751],[9.604423,4.199507],[9.604688,4.200189],[9.604771,4.200405],[9.605005,4.201016],[9.605298,4.201834],[9.6056,4.202607],[9.605811,4.203152],[9.606026,4.20372],[9.60621,4.204208],[9.606353,4.204579],[9.606481,4.204923],[9.606587,4.205206],[9.606752,4.205628],[9.606908,4.206017],[9.606993,4.206206],[9.607114,4.206449],[9.607268,4.20669],[9.607397,4.206886],[9.607552,4.207102],[9.607788,4.207408],[9.608002,4.2077],[9.608226,4.207999],[9.608352,4.208208],[9.608439,4.208357],[9.608545,4.208553],[9.608634,4.208747],[9.608653,4.208794],[9.608711,4.208935],[9.608774,4.209117],[9.608836,4.209316],[9.608923,4.209662],[9.608987,4.209945],[9.608994,4.209982],[9.609107,4.210557],[9.609113,4.210588],[9.609177,4.210927],[9.609251,4.211305],[9.609314,4.211631],[9.60938,4.211962],[9.609444,4.212255],[9.60945,4.212284],[9.609506,4.212519],[9.609513,4.212544],[9.609552,4.212689],[9.609594,4.212822],[9.609643,4.212949],[9.609734,4.213176],[9.60981,4.213348],[9.609845,4.213413],[9.609922,4.213559],[9.609936,4.213586],[9.610024,4.213726],[9.610128,4.213885],[9.610238,4.214035],[9.61038,4.214205],[9.610488,4.21432],[9.610579,4.214425],[9.610743,4.214589],[9.61097,4.214809],[9.611139,4.214969],[9.611291,4.215123],[9.611297,4.215129],[9.61143,4.21525],[9.611513,4.215328],[9.61167,4.215483],[9.611771,4.215592],[9.61188,4.215736],[9.611981,4.215871],[9.612102,4.216048],[9.612217,4.216226],[9.612356,4.216477],[9.612449,4.216662],[9.612471,4.216708],[9.612607,4.216975],[9.612756,4.21731],[9.612974,4.217776],[9.613197,4.218259],[9.613403,4.218685],[9.613643,4.219198],[9.613717,4.219358],[9.613891,4.219731],[9.614118,4.220219],[9.61431,4.220629],[9.614502,4.221031],[9.614638,4.22135],[9.614762,4.221676],[9.614816,4.221844],[9.614861,4.222003],[9.614893,4.222162],[9.614901,4.222203],[9.614935,4.222416],[9.614952,4.222525],[9.614985,4.222775],[9.614996,4.222993],[9.614995,4.223079],[9.614994,4.223129],[9.614986,4.223339],[9.614974,4.223492],[9.614951,4.223691],[9.61494,4.223771],[9.614925,4.223895],[9.614874,4.224125],[9.614811,4.224354],[9.614782,4.22446],[9.614714,4.224664],[9.614667,4.224805],[9.614484,4.225228],[9.61432,4.225585],[9.614156,4.225995],[9.613986,4.22635],[9.613775,4.22682],[9.613718,4.226951],[9.613708,4.226973],[9.613614,4.227187],[9.613515,4.227429],[9.613425,4.227676],[9.613345,4.22797],[9.613286,4.228263],[9.613247,4.228566],[9.613232,4.228795],[9.613227,4.228931],[9.613233,4.229041],[9.613236,4.229133],[9.613247,4.229212],[9.613318,4.230113],[9.613357,4.230453],[9.613416,4.230694],[9.613426,4.230788],[9.61344,4.230915],[9.613445,4.231124],[9.613437,4.231295],[9.613436,4.231313],[9.613418,4.231794],[9.613405,4.231982],[9.613371,4.232473],[9.613356,4.232675],[9.613351,4.232755],[9.613286,4.233652],[9.61325,4.234151],[9.613192,4.234964],[9.613138,4.235715],[9.613115,4.236029],[9.613093,4.236342],[9.613062,4.236605],[9.613037,4.236828],[9.613013,4.237018],[9.612994,4.23714],[9.612971,4.237271],[9.61296,4.237331],[9.612946,4.237406],[9.61293,4.237488],[9.612899,4.237624],[9.612874,4.237716],[9.612826,4.237876],[9.612761,4.238077],[9.612712,4.238253],[9.612707,4.238269],[9.612612,4.238592],[9.612547,4.238813],[9.612545,4.238821],[9.612513,4.23893],[9.612498,4.238989],[9.612496,4.238994],[9.61244,4.239209],[9.612391,4.23937],[9.612351,4.239499],[9.612313,4.239637],[9.612235,4.239922],[9.612163,4.240182],[9.612063,4.240522],[9.612059,4.240535],[9.611939,4.240953],[9.611811,4.24137],[9.611798,4.241414],[9.611719,4.241696],[9.611719,4.241698],[9.611633,4.241995],[9.611557,4.242262],[9.611552,4.242279],[9.611502,4.242452],[9.611495,4.242477],[9.611444,4.242652],[9.611395,4.242831],[9.611332,4.243048],[9.611289,4.243187],[9.611213,4.24345],[9.611135,4.243705],[9.611056,4.243986],[9.610979,4.244254],[9.610927,4.244433],[9.61086,4.24465],[9.610819,4.244785],[9.610748,4.245001],[9.610679,4.245183],[9.610578,4.245422],[9.610478,4.245622],[9.610405,4.245753],[9.61035,4.245851],[9.61022,4.246032],[9.610103,4.246191],[9.609985,4.246345],[9.609858,4.246484],[9.609754,4.246612],[9.609598,4.24678],[9.609452,4.246949],[9.609265,4.247135],[9.609015,4.247401],[9.608888,4.24754],[9.608797,4.24764],[9.608008,4.248488],[9.607709,4.248804],[9.607413,4.249119],[9.607166,4.249381],[9.60704,4.249514],[9.606429,4.250152],[9.606068,4.250541],[9.605676,4.250988],[9.605344,4.251357],[9.605077,4.251666],[9.604868,4.251924],[9.6047,4.252145],[9.604522,4.252407],[9.604498,4.252447],[9.604393,4.252641],[9.604271,4.25288],[9.604173,4.253118],[9.604095,4.253354],[9.604006,4.253658],[9.603943,4.253958],[9.603898,4.254289],[9.603877,4.25458],[9.603871,4.254752],[9.603871,4.254906],[9.603884,4.255101],[9.603901,4.255259],[9.60396,4.255643],[9.604014,4.255945],[9.604085,4.256379],[9.604105,4.256497],[9.604176,4.25692],[9.604294,4.2576],[9.604385,4.258111],[9.604479,4.258694],[9.604557,4.259131],[9.604663,4.259773],[9.604783,4.260483],[9.604913,4.261205],[9.604926,4.261283],[9.604956,4.261461],[9.604985,4.261631],[9.605078,4.26217],[9.605087,4.26222],[9.605202,4.262906],[9.605303,4.263472],[9.605384,4.263995],[9.605452,4.264418],[9.605541,4.2649],[9.605638,4.265464],[9.605681,4.265716],[9.605727,4.26599],[9.605807,4.266469],[9.605866,4.266935],[9.605934,4.267478],[9.605994,4.267969],[9.606017,4.268174],[9.60605,4.268464],[9.606121,4.269031],[9.606194,4.269583],[9.606264,4.270125],[9.606315,4.270592],[9.606374,4.271045],[9.606411,4.271371],[9.606429,4.271529],[9.606499,4.272098],[9.60658,4.272731],[9.60664,4.273249],[9.606642,4.273262],[9.606701,4.273741],[9.606731,4.27395],[9.606765,4.274149],[9.606804,4.274334],[9.606872,4.274558],[9.606934,4.27475],[9.607078,4.275169],[9.607138,4.275355],[9.607184,4.275499],[9.607193,4.275526],[9.607309,4.275882],[9.607463,4.276356],[9.60754,4.27658],[9.607633,4.276867],[9.607685,4.277045],[9.607721,4.277222],[9.607759,4.277419],[9.60778,4.277558],[9.607799,4.277727],[9.607868,4.278525],[9.607892,4.278846],[9.607914,4.279083],[9.607951,4.279486],[9.607982,4.279822],[9.608012,4.280227],[9.608041,4.280513],[9.608053,4.280636],[9.608059,4.280692],[9.608098,4.28105],[9.6081,4.281062],[9.608142,4.281405],[9.608162,4.281525],[9.608195,4.28178],[9.608236,4.28205],[9.608268,4.282258],[9.60831,4.282521],[9.608351,4.28282],[9.608383,4.283061],[9.60841,4.283387],[9.608414,4.28348],[9.608415,4.283547],[9.608416,4.283595],[9.608415,4.283725],[9.608404,4.283883],[9.608393,4.284009],[9.608372,4.28418],[9.608355,4.284288],[9.608333,4.284437],[9.608306,4.284572],[9.608269,4.284722],[9.608231,4.284863],[9.608177,4.285029],[9.60812,4.285165],[9.6081,4.285212],[9.608031,4.285374],[9.607943,4.285562],[9.6078,4.285818],[9.607685,4.286036],[9.607498,4.286364],[9.607393,4.286561],[9.607321,4.286706],[9.607226,4.286946],[9.607159,4.287152],[9.607124,4.287277],[9.607085,4.287441],[9.607054,4.287612],[9.607028,4.287797],[9.607023,4.287955],[9.607022,4.288029],[9.607021,4.288084],[9.607024,4.28828],[9.607038,4.288499],[9.60706,4.288676],[9.607089,4.288861],[9.607122,4.289063],[9.607169,4.289294],[9.607216,4.289517],[9.607251,4.28969],[9.60729,4.28989],[9.607335,4.290108],[9.60737,4.290272],[9.607405,4.290427],[9.60745,4.290655],[9.607482,4.29085],[9.607514,4.291099],[9.607533,4.291399],[9.607538,4.291614],[9.607525,4.291815],[9.607523,4.291837],[9.607503,4.292004],[9.607477,4.292172],[9.607466,4.292246],[9.607413,4.29248],[9.607371,4.292633],[9.607312,4.292832],[9.607234,4.293042],[9.607098,4.293415],[9.606985,4.293715],[9.606891,4.293941],[9.6068,4.294098],[9.606698,4.294245],[9.60656,4.29444],[9.60647,4.294536],[9.606327,4.294684],[9.606169,4.294815],[9.606034,4.294922],[9.605984,4.294952],[9.60583,4.295045],[9.605785,4.295073],[9.60555,4.295214],[9.605521,4.29523],[9.605225,4.295389],[9.605069,4.295484],[9.604897,4.295582],[9.604686,4.295702],[9.604373,4.295863],[9.604107,4.296012],[9.603819,4.296171],[9.603466,4.29637],[9.603245,4.296496],[9.603032,4.29662],[9.603003,4.296636],[9.602911,4.296684],[9.602815,4.296745],[9.602703,4.296827],[9.602593,4.296921],[9.60248,4.297028],[9.602364,4.297153],[9.602255,4.297281],[9.602177,4.297381],[9.602103,4.297492],[9.602029,4.297614],[9.601969,4.297728],[9.601907,4.297861],[9.601845,4.298017],[9.601791,4.298205],[9.601739,4.298386],[9.601731,4.298428],[9.601709,4.298551],[9.601672,4.298744],[9.601629,4.298977],[9.601577,4.299281],[9.601555,4.299425],[9.601503,4.299715],[9.601444,4.299975],[9.601406,4.300121],[9.60135,4.300325],[9.601312,4.300453],[9.601287,4.300529],[9.601222,4.300699],[9.601172,4.300826],[9.6011,4.300979],[9.601087,4.301006],[9.601038,4.301106],[9.600983,4.30121],[9.600919,4.301311],[9.60081,4.301477],[9.600726,4.301585],[9.600579,4.30178],[9.600451,4.301962],[9.600307,4.302157],[9.600132,4.302386],[9.599997,4.302549],[9.599907,4.302654],[9.599822,4.302776],[9.599761,4.302869],[9.599718,4.302936],[9.599695,4.302985],[9.599672,4.303033],[9.599619,4.303155],[9.599589,4.303239],[9.599573,4.303284],[9.599543,4.303368],[9.599519,4.303436],[9.599495,4.303545],[9.599481,4.303642],[9.59947,4.30373],[9.599452,4.303893],[9.599434,4.30432],[9.59942,4.304609],[9.599386,4.305287],[9.599377,4.305473],[9.599371,4.305611],[9.599357,4.305694],[9.599341,4.305774],[9.599333,4.305824],[9.599329,4.305852],[9.599317,4.305919],[9.5993,4.306009],[9.599232,4.306242],[9.599158,4.306517],[9.599117,4.306702],[9.599096,4.306792],[9.599095,4.3068],[9.599055,4.307023],[9.59905,4.30707],[9.599048,4.30714],[9.599039,4.307282],[9.599049,4.307665],[9.599082,4.308077],[9.599109,4.308457],[9.59911,4.308467],[9.599125,4.308724],[9.599118,4.30885],[9.59911,4.308928],[9.599104,4.308998],[9.599066,4.309217],[9.599005,4.309451],[9.598933,4.309678],[9.598893,4.309817],[9.598861,4.309932],[9.598826,4.310084],[9.598816,4.310138],[9.598806,4.310194],[9.598795,4.310272],[9.598789,4.310335],[9.598786,4.31042],[9.598788,4.310675],[9.598803,4.310966],[9.598859,4.311406],[9.598873,4.311503],[9.598907,4.311744],[9.598952,4.31207],[9.598998,4.312337],[9.599035,4.312518],[9.59905,4.312592],[9.599118,4.31293],[9.599183,4.313231],[9.599198,4.313304],[9.599264,4.313644],[9.599319,4.313891],[9.599359,4.314101],[9.599383,4.314224],[9.599464,4.314608],[9.599512,4.314938],[9.599533,4.315116],[9.599533,4.315205],[9.599533,4.315286],[9.599528,4.315385],[9.599517,4.315509],[9.599501,4.315625],[9.599477,4.315737],[9.599449,4.315842],[9.599412,4.315948],[9.599352,4.316111],[9.59916,4.316486],[9.598964,4.316787],[9.598701,4.317206],[9.598491,4.317539],[9.598293,4.317855],[9.598213,4.317983],[9.598002,4.318329],[9.597934,4.31843],[9.597802,4.318634],[9.597719,4.318779],[9.597679,4.318861],[9.597645,4.318922],[9.597614,4.318982],[9.597573,4.319061],[9.59754,4.319146],[9.597511,4.319245],[9.597484,4.31934],[9.597462,4.319444],[9.597449,4.319542],[9.597439,4.319656],[9.597432,4.319805],[9.597443,4.320227],[9.597443,4.320227],[9.597444,4.320865],[9.597472,4.321845],[9.597476,4.321978],[9.597488,4.322671],[9.597485,4.323045],[9.597472,4.323422],[9.597447,4.323594],[9.597406,4.323799],[9.597337,4.324047],[9.59727,4.324306],[9.597216,4.324489],[9.597185,4.32462],[9.597174,4.324687],[9.59715,4.324826],[9.597138,4.324952],[9.597141,4.325075],[9.597155,4.325193],[9.597167,4.325278],[9.5972,4.325417],[9.597226,4.32552],[9.597269,4.325655],[9.597342,4.325827],[9.59743,4.325979],[9.597621,4.326215],[9.597821,4.326448],[9.598079,4.326727],[9.598201,4.32686],[9.598335,4.327008],[9.598526,4.32723],[9.598775,4.327529],[9.598833,4.327614],[9.598881,4.327697],[9.598919,4.32776],[9.599025,4.327964],[9.599113,4.328208],[9.599162,4.328411],[9.599188,4.328569],[9.599202,4.328701],[9.599209,4.328876],[9.599197,4.329207],[9.599185,4.329419],[9.599142,4.329862],[9.599122,4.33001],[9.599056,4.330628],[9.599022,4.330954],[9.598969,4.331452],[9.598908,4.332067],[9.598854,4.33262],[9.598771,4.33306],[9.598735,4.333193],[9.598706,4.333299],[9.598638,4.333498],[9.598581,4.333652],[9.59854,4.333734],[9.598539,4.333737],[9.598472,4.333861],[9.598471,4.333864],[9.598363,4.334046],[9.59823,4.334229],[9.598067,4.334435],[9.597923,4.334574],[9.597784,4.334704],[9.59767,4.334814],[9.597572,4.334895],[9.597345,4.335114],[9.597132,4.335299],[9.596862,4.335531],[9.596681,4.335707],[9.596565,4.335832],[9.596483,4.335927],[9.596363,4.336093],[9.596282,4.336213],[9.596259,4.336254],[9.596236,4.336296],[9.596197,4.336369],[9.596166,4.336446],[9.596138,4.336541],[9.596103,4.336689],[9.596087,4.33677],[9.596076,4.33685],[9.596058,4.337008],[9.596046,4.337173],[9.596027,4.337389],[9.596004,4.337774],[9.595982,4.338097],[9.59595,4.338458],[9.595922,4.338697],[9.595902,4.338875],[9.595899,4.338901],[9.595852,4.339193],[9.595809,4.339374],[9.595757,4.339508],[9.595675,4.339697],[9.595612,4.339813],[9.59554,4.339936],[9.595451,4.34006],[9.595363,4.340168],[9.595353,4.34018],[9.595216,4.340332],[9.595009,4.340541],[9.594651,4.34092],[9.594307,4.341258],[9.593985,4.341577],[9.593665,4.341908],[9.593333,4.342242],[9.593014,4.342564],[9.592776,4.342797],[9.592698,4.342873],[9.592474,4.343094],[9.592309,4.343248],[9.592177,4.343371],[9.592143,4.343403],[9.591839,4.343688],[9.59178,4.343737],[9.591752,4.343761],[9.591631,4.343862],[9.591398,4.344056],[9.591144,4.34426],[9.590865,4.34445],[9.590644,4.34463],[9.590414,4.344799],[9.590201,4.344966],[9.589966,4.345174],[9.589742,4.345373],[9.589614,4.345485],[9.589493,4.345606],[9.589337,4.34576],[9.589288,4.345807],[9.589233,4.34586],[9.589161,4.345934],[9.58909,4.346007],[9.589036,4.346064],[9.588933,4.346173],[9.588772,4.34636],[9.588749,4.346387],[9.588463,4.346705],[9.588235,4.346954],[9.588015,4.347216],[9.587936,4.347304],[9.587775,4.347485],[9.587499,4.347802],[9.587369,4.347955],[9.587263,4.348079],[9.587003,4.348381],[9.586806,4.3486],[9.586765,4.348646],[9.586591,4.348836],[9.586458,4.348966],[9.586366,4.349049],[9.586281,4.349115],[9.586189,4.349185],[9.586135,4.349222],[9.586085,4.349254],[9.58596,4.349339],[9.585843,4.349392],[9.585627,4.349486],[9.585616,4.349491],[9.585458,4.349545],[9.58523,4.349626],[9.585084,4.349664],[9.584934,4.349703],[9.584829,4.349727],[9.584557,4.349786],[9.584237,4.349872],[9.584052,4.34993],[9.583953,4.349964],[9.58387,4.350002],[9.583782,4.350042],[9.583731,4.350067],[9.583629,4.350116],[9.58349,4.350207],[9.583332,4.350326],[9.583265,4.350386],[9.583208,4.350435],[9.583047,4.35062],[9.58298,4.35071],[9.582932,4.350773],[9.582748,4.35105],[9.582582,4.351317],[9.582463,4.351517],[9.582416,4.351598],[9.582261,4.351882],[9.582154,4.352122],[9.582079,4.35237],[9.582044,4.352517],[9.582037,4.352555],[9.582015,4.352687],[9.582009,4.352723],[9.581974,4.353078],[9.581967,4.353409],[9.581956,4.353782],[9.581943,4.354182],[9.581907,4.354459],[9.581878,4.354603],[9.58185,4.354742],[9.581796,4.354968],[9.581785,4.355007],[9.581736,4.35518],[9.581701,4.355304],[9.581575,4.355795],[9.581465,4.356214],[9.581396,4.356428],[9.581331,4.356617],[9.581234,4.356819],[9.58109,4.35709],[9.580903,4.357419],[9.580699,4.357777],[9.580556,4.35803],[9.58046,4.358195],[9.580398,4.358292],[9.58036,4.358354],[9.58032,4.358408],[9.580275,4.358448],[9.580105,4.358623],[9.579987,4.358715],[9.579883,4.358795],[9.579689,4.358918],[9.579573,4.358978],[9.579529,4.358999],[9.579417,4.359051],[9.579235,4.359117],[9.578944,4.359203],[9.578696,4.359279],[9.57845,4.35935],[9.578331,4.359393],[9.578278,4.359412],[9.578165,4.359463],[9.578117,4.359485],[9.577989,4.359549],[9.577855,4.359633],[9.577741,4.359717],[9.577614,4.35982],[9.577571,4.359864],[9.577497,4.359939],[9.577377,4.360075],[9.577333,4.360135],[9.577247,4.360252],[9.577115,4.360426],[9.576968,4.36063],[9.576876,4.360761],[9.576803,4.360862],[9.576713,4.360985],[9.576697,4.361008],[9.576592,4.361154],[9.576559,4.361201],[9.576425,4.361399],[9.576317,4.361562],[9.576235,4.361715],[9.576162,4.361917],[9.576123,4.36206],[9.576082,4.362234],[9.576077,4.362286],[9.576062,4.362421],[9.576051,4.362592],[9.57606,4.362802],[9.576079,4.363017],[9.576097,4.363429],[9.5761,4.363542],[9.576102,4.363627],[9.576099,4.363722],[9.576096,4.363809],[9.576087,4.363927],[9.57607,4.364035],[9.576047,4.364163],[9.576005,4.364316],[9.575968,4.364426],[9.575943,4.364501],[9.575822,4.364848],[9.575693,4.365228],[9.575625,4.36542],[9.57553,4.365628],[9.575426,4.365827],[9.57531,4.366009],[9.575171,4.366212],[9.574995,4.366446],[9.57489,4.366576],[9.574691,4.366814],[9.574606,4.366928],[9.574532,4.367047],[9.574479,4.367148],[9.57445,4.367218],[9.574423,4.367293],[9.5744,4.367375],[9.574395,4.367392],[9.574381,4.367443],[9.574363,4.367523],[9.574358,4.367568],[9.574348,4.367653],[9.574343,4.367695],[9.574338,4.367738],[9.574332,4.367889],[9.574336,4.368116],[9.574348,4.368285],[9.574357,4.368419],[9.574365,4.368645],[9.574368,4.368718],[9.5744,4.369179],[9.574405,4.369619],[9.574397,4.36983],[9.574377,4.370008],[9.574367,4.370081],[9.574338,4.37029],[9.574308,4.370435],[9.574282,4.370561],[9.574276,4.370589],[9.574271,4.370611],[9.57423,4.370786],[9.574191,4.370955],[9.574093,4.371427],[9.574025,4.371742],[9.573918,4.372242],[9.573863,4.372502],[9.573775,4.372895],[9.573699,4.373238],[9.573633,4.373549],[9.573608,4.373667],[9.573532,4.374011],[9.573448,4.374351],[9.573363,4.374633],[9.573308,4.374779],[9.573227,4.374955],[9.57314,4.375129],[9.573046,4.37531],[9.572898,4.375577],[9.572764,4.375839],[9.572627,4.376075],[9.572511,4.37628],[9.57237,4.376521],[9.572207,4.376818],[9.572126,4.376975],[9.572042,4.37711],[9.571993,4.377177],[9.571885,4.377321],[9.571878,4.377331],[9.571753,4.377485],[9.571655,4.377614],[9.571462,4.377807],[9.571409,4.377861],[9.571313,4.377958],[9.57119,4.378078],[9.571017,4.378244],[9.570781,4.378482],[9.570564,4.378689],[9.570261,4.378997],[9.570004,4.379262],[9.569867,4.379397],[9.569731,4.379532],[9.569558,4.379726],[9.56951,4.379781],[9.569318,4.380029],[9.569225,4.380177],[9.5692,4.380215],[9.569164,4.380273],[9.569013,4.380562],[9.568893,4.380802],[9.568848,4.380908],[9.568808,4.381016],[9.568749,4.381198],[9.568685,4.381456],[9.568675,4.381499],[9.568652,4.381604],[9.568617,4.381761],[9.568585,4.381992],[9.568568,4.38211],[9.568524,4.382441],[9.568462,4.382952],[9.56845,4.383049],[9.568444,4.383098],[9.568388,4.383534],[9.568345,4.383855],[9.568302,4.38417],[9.568268,4.384417],[9.568209,4.384919],[9.568141,4.385395],[9.568107,4.385805],[9.568106,4.385917],[9.568104,4.386015],[9.568104,4.386202],[9.568104,4.386293],[9.568122,4.386502],[9.568185,4.386855],[9.568213,4.386983],[9.568243,4.387121],[9.568257,4.387167],[9.568268,4.3872],[9.568324,4.387379],[9.568361,4.387482],[9.568381,4.387536],[9.56844,4.387697],[9.568585,4.38801],[9.568633,4.388112],[9.568746,4.388324],[9.569003,4.388735],[9.569258,4.389042],[9.569295,4.389079],[9.569509,4.389293],[9.569517,4.389301],[9.569946,4.389773],[9.570352,4.390195],[9.570353,4.390197],[9.570697,4.390557],[9.570766,4.390629],[9.57079,4.390655],[9.570833,4.390698],[9.571032,4.390903],[9.571033,4.390905],[9.571419,4.391303],[9.57173,4.39164],[9.571998,4.391927],[9.572016,4.391947],[9.572178,4.392137],[9.572318,4.392293],[9.572459,4.392463],[9.572605,4.392697],[9.572654,4.392781],[9.572728,4.392907],[9.572872,4.393151],[9.57299,4.393445],[9.573087,4.393754],[9.573162,4.394077],[9.573169,4.394115],[9.573175,4.394149],[9.573201,4.394292],[9.573226,4.394426],[9.573228,4.394469],[9.573238,4.394649],[9.57325,4.394863],[9.573222,4.395269],[9.573164,4.39565],[9.573092,4.396005],[9.572999,4.396356],[9.572902,4.396706],[9.572781,4.397107],[9.572723,4.397318],[9.572596,4.397745],[9.572414,4.398356],[9.572245,4.398935],[9.572106,4.399407],[9.572039,4.399637],[9.571811,4.400471],[9.571719,4.400773],[9.571701,4.400833],[9.571617,4.401091],[9.571536,4.401309],[9.571408,4.401636],[9.571289,4.401891],[9.571114,4.40227],[9.571003,4.402534],[9.570859,4.402874],[9.570857,4.402878],[9.570763,4.40309],[9.570712,4.403207],[9.570648,4.403354],[9.57064,4.403372],[9.570482,4.403714],[9.570377,4.403973],[9.570294,4.404219],[9.57028,4.404263],[9.570235,4.404411],[9.570174,4.404703],[9.570141,4.404928],[9.570117,4.405211],[9.570106,4.405445],[9.570108,4.405646],[9.570123,4.405874],[9.570129,4.405982],[9.570193,4.406893],[9.570222,4.40733],[9.570237,4.407621],[9.570234,4.407842],[9.570225,4.407957],[9.570225,4.407964],[9.570202,4.408172],[9.570163,4.408381],[9.570137,4.408488],[9.570103,4.408629],[9.570043,4.40878],[9.569973,4.408959],[9.56991,4.4091],[9.569786,4.409309],[9.569691,4.409466],[9.569674,4.409495],[9.569591,4.409615],[9.569529,4.409704],[9.569488,4.409763],[9.569384,4.40991],[9.569375,4.409923],[9.569278,4.410056],[9.569173,4.410201],[9.568971,4.410479],[9.568849,4.410634],[9.568641,4.410897],[9.568271,4.411397],[9.568141,4.411571],[9.567973,4.411799],[9.567791,4.412035],[9.567627,4.412242],[9.567485,4.412405],[9.567413,4.412485],[9.567321,4.412563],[9.567234,4.412633],[9.567101,4.412727],[9.566933,4.41282],[9.56673,4.412928],[9.566533,4.413031],[9.566498,4.413049],[9.566336,4.413128],[9.56621,4.413189],[9.566175,4.413209],[9.565939,4.413344],[9.565769,4.413449],[9.565712,4.413487],[9.565561,4.413586],[9.565525,4.41361],[9.565415,4.413691],[9.565393,4.413707],[9.565266,4.413822],[9.565131,4.413958],[9.565018,4.414092],[9.564905,4.414277],[9.564695,4.414677],[9.564683,4.414701],[9.564604,4.414862],[9.564476,4.415124],[9.564361,4.415344],[9.5643,4.415461],[9.564277,4.415504],[9.564126,4.415792],[9.564033,4.415973],[9.563896,4.416247],[9.563786,4.416466],[9.563771,4.416494],[9.563707,4.416627],[9.563649,4.416749],[9.563538,4.416969],[9.563448,4.417178],[9.563412,4.417283],[9.563368,4.4174],[9.563352,4.417453],[9.563313,4.417589],[9.563303,4.417626],[9.563259,4.417783],[9.563256,4.417799],[9.563193,4.418112],[9.563184,4.418152],[9.563106,4.418503],[9.563047,4.418789],[9.563003,4.418997],[9.562993,4.419031],[9.562953,4.419168],[9.562939,4.419202],[9.562885,4.419329],[9.562831,4.419449],[9.56276,4.419597],[9.56267,4.419752],[9.562578,4.419904],[9.562543,4.419959],[9.562492,4.420035],[9.562381,4.4202],[9.562295,4.420321],[9.562138,4.420541],[9.562029,4.420705],[9.562008,4.420737],[9.561908,4.420886],[9.561905,4.420891],[9.561822,4.42103],[9.561816,4.421041],[9.561749,4.421165],[9.561732,4.421201],[9.561689,4.421291],[9.561655,4.421363],[9.56162,4.421436],[9.561578,4.421545],[9.56154,4.421651],[9.561515,4.421757],[9.561497,4.421852],[9.561482,4.421964],[9.561474,4.422054],[9.56147,4.422105],[9.561468,4.422224],[9.561468,4.422234],[9.56147,4.422349],[9.561473,4.422414],[9.561477,4.422473],[9.561496,4.422599],[9.561533,4.42274],[9.561551,4.422819],[9.56159,4.422947],[9.561637,4.423077],[9.561693,4.42322],[9.561747,4.423327],[9.561798,4.423436],[9.561825,4.423493],[9.561882,4.423595],[9.561912,4.423648],[9.561972,4.423751],[9.562032,4.423855],[9.562094,4.42396],[9.562162,4.424075],[9.562264,4.424245],[9.562352,4.424397],[9.562464,4.424606],[9.562565,4.424798],[9.562644,4.424969],[9.562729,4.425174],[9.562792,4.425361],[9.562829,4.425525],[9.562836,4.425558],[9.56286,4.425703],[9.562866,4.425742],[9.56288,4.425882],[9.562886,4.425996],[9.562888,4.426108],[9.562889,4.426203],[9.562881,4.4263],[9.562867,4.426419],[9.562865,4.42644],[9.562847,4.426565],[9.562842,4.426598],[9.562824,4.426704],[9.562807,4.426774],[9.562779,4.426889],[9.562764,4.426949],[9.562732,4.427075],[9.562686,4.427234],[9.562633,4.427429],[9.56257,4.427632],[9.562518,4.427814],[9.562494,4.427895],[9.562425,4.428128],[9.562355,4.42835],[9.562263,4.428671],[9.562178,4.428939],[9.562117,4.429146],[9.562044,4.429379],[9.561994,4.4296],[9.561971,4.429715],[9.56196,4.429767],[9.56194,4.429923],[9.561937,4.430052],[9.561939,4.430182],[9.561951,4.430365],[9.561971,4.430512],[9.561995,4.430662],[9.562019,4.430759],[9.562055,4.430883],[9.562057,4.430889],[9.562095,4.430984],[9.562153,4.431108],[9.562202,4.431205],[9.562265,4.431309],[9.562355,4.43145],[9.562432,4.431535],[9.562734,4.43187],[9.563004,4.432133],[9.563174,4.432298],[9.563261,4.432389],[9.563402,4.43252],[9.563514,4.432634],[9.563656,4.432776],[9.56375,4.432873],[9.563846,4.432977],[9.563884,4.433018],[9.564116,4.43324],[9.564167,4.433291],[9.564435,4.433555],[9.564549,4.433677],[9.564688,4.433823],[9.56475,4.433888],[9.564858,4.433996],[9.564897,4.434039],[9.564993,4.434145],[9.565066,4.434238],[9.565165,4.434368],[9.565231,4.434459],[9.565263,4.434502],[9.56536,4.434648],[9.565362,4.43465],[9.565492,4.434871],[9.56559,4.435063],[9.565692,4.435255],[9.565846,4.435557],[9.56599,4.435823],[9.566068,4.435981],[9.566111,4.436076],[9.566157,4.436183],[9.566206,4.436302],[9.566241,4.436414],[9.566273,4.436543],[9.566277,4.436555],[9.5663,4.436655],[9.566304,4.436676],[9.566316,4.436748],[9.566333,4.436853],[9.566342,4.437001],[9.566343,4.437112],[9.566342,4.437254],[9.566342,4.437296],[9.566342,4.437306],[9.566341,4.437367],[9.566341,4.437373],[9.566337,4.437431],[9.56633,4.437489],[9.566326,4.437536],[9.566308,4.437642],[9.566269,4.437813],[9.566211,4.438091],[9.56614,4.438381],[9.566026,4.438865],[9.565867,4.439465],[9.565866,4.43947],[9.565746,4.43994],[9.565662,4.440261],[9.565472,4.44099],[9.565427,4.441191],[9.565156,4.442261],[9.564947,4.443052],[9.564902,4.443228],[9.564864,4.443379],[9.564817,4.443567],[9.564799,4.443636],[9.564711,4.444002],[9.564595,4.444442],[9.56458,4.444509],[9.564492,4.444889],[9.564443,4.445088],[9.564175,4.44613],[9.564054,4.446589],[9.563983,4.446852],[9.563952,4.446983],[9.563864,4.447328],[9.563793,4.447605],[9.56372,4.447893],[9.563592,4.448358],[9.563475,4.448847],[9.563375,4.449222],[9.563329,4.449428],[9.563263,4.449672],[9.563227,4.449798],[9.563178,4.449989],[9.563136,4.450168],[9.563113,4.450276],[9.56309,4.450405],[9.563083,4.450442],[9.563051,4.450678],[9.563044,4.45091],[9.563045,4.451108],[9.563057,4.4513],[9.563085,4.451499],[9.563134,4.451797],[9.563185,4.452081],[9.563223,4.452281],[9.563239,4.452368],[9.563324,4.452835],[9.563434,4.453451],[9.563564,4.454167],[9.563624,4.454501],[9.563673,4.454731],[9.563728,4.454956],[9.563756,4.455047],[9.56378,4.455112],[9.563806,4.455168],[9.563871,4.455255],[9.563882,4.455265],[9.56399,4.455372],[9.564011,4.45539],[9.564086,4.455455],[9.564133,4.455505],[9.564195,4.455605],[9.564237,4.455687],[9.564278,4.455779],[9.564315,4.455876],[9.564495,4.456333],[9.564671,4.456767],[9.56483,4.457192],[9.564831,4.457194],[9.564943,4.457467],[9.565004,4.457618],[9.565065,4.45779],[9.565088,4.457857],[9.565097,4.457886],[9.565134,4.457999],[9.56518,4.458191],[9.565212,4.458525],[9.565228,4.459081],[9.565236,4.459503],[9.565247,4.45979],[9.565254,4.459913],[9.565257,4.459944],[9.565265,4.460035],[9.565281,4.460197],[9.565303,4.460299],[9.565323,4.46039],[9.56536,4.460551],[9.565444,4.460788],[9.56545,4.460803],[9.565451,4.460806],[9.565515,4.460995],[9.565607,4.461268],[9.565712,4.461557],[9.565804,4.461825],[9.565877,4.46203],[9.565933,4.462238],[9.566004,4.462486],[9.566052,4.462721],[9.566114,4.463218],[9.566137,4.463411],[9.566158,4.463589],[9.566186,4.463824],[9.56624,4.464302],[9.566262,4.464482],[9.566285,4.464661],[9.566345,4.46514],[9.56639,4.465546],[9.566431,4.465917],[9.566453,4.46609],[9.566475,4.466268],[9.566477,4.466284],[9.566503,4.466446],[9.566512,4.466498],[9.566547,4.46662],[9.566573,4.46671],[9.566598,4.466793],[9.566636,4.466919],[9.566714,4.467109],[9.566782,4.467245],[9.566966,4.467474],[9.567147,4.467667],[9.567172,4.467688],[9.567308,4.467806],[9.567396,4.467882],[9.56745,4.467917],[9.567565,4.467992],[9.567744,4.468111],[9.567771,4.468129],[9.567967,4.468214],[9.568312,4.468339],[9.568422,4.468377],[9.568593,4.468435],[9.568597,4.468437],[9.568754,4.468495],[9.568887,4.468544],[9.569195,4.468671],[9.569402,4.468782],[9.569412,4.468788],[9.569533,4.468867],[9.569739,4.469037],[9.56993,4.469246],[9.570056,4.469409],[9.570062,4.469417],[9.570153,4.469565],[9.570155,4.469569],[9.570227,4.469717],[9.570234,4.46973],[9.570315,4.469891],[9.570386,4.470032],[9.570501,4.470326],[9.570594,4.470574],[9.570652,4.470742],[9.570688,4.470876],[9.570719,4.471051],[9.570726,4.471177],[9.570729,4.471354],[9.570717,4.471534],[9.570672,4.471914],[9.57063,4.472214],[9.570613,4.472321],[9.570593,4.472451],[9.570559,4.4727],[9.570545,4.472896],[9.570539,4.473073],[9.570547,4.473218],[9.57056,4.473332],[9.570588,4.473557],[9.570625,4.47375],[9.570646,4.473861],[9.570737,4.474198],[9.570839,4.474566],[9.570902,4.474801],[9.570948,4.474975],[9.570966,4.475044],[9.571031,4.475317],[9.571033,4.475325],[9.571047,4.475385],[9.571069,4.475501],[9.571089,4.475603],[9.57111,4.475771],[9.571124,4.475939],[9.571133,4.476107],[9.571112,4.476366],[9.571089,4.476553],[9.571065,4.476673],[9.571,4.47689],[9.570946,4.477051],[9.570871,4.477212],[9.570778,4.477398],[9.570665,4.477616],[9.570547,4.477811],[9.570419,4.477994],[9.570224,4.478311],[9.57021,4.478334],[9.569901,4.478824],[9.569783,4.47901],[9.569638,4.479242],[9.569413,4.479595],[9.569342,4.479698],[9.569228,4.479876],[9.569049,4.480156],[9.569046,4.480161],[9.568871,4.48044],[9.568699,4.480723],[9.568642,4.480815],[9.568538,4.480984],[9.568308,4.481353],[9.568196,4.481525],[9.568069,4.481723],[9.567992,4.481842],[9.567854,4.482056],[9.567825,4.482104],[9.567663,4.482368],[9.567465,4.482672],[9.567456,4.482686],[9.567431,4.482725],[9.567275,4.482972],[9.567063,4.483333],[9.566969,4.483495],[9.566852,4.483726],[9.566727,4.483971],[9.566722,4.483981],[9.566574,4.484306],[9.566523,4.484429],[9.566492,4.484502],[9.566437,4.484655],[9.566414,4.484721],[9.566322,4.48501],[9.566236,4.485289],[9.566149,4.485571],[9.566087,4.485824],[9.56605,4.485985],[9.566007,4.486268],[9.565974,4.486488],[9.565947,4.486698],[9.565912,4.486985],[9.565892,4.487222],[9.565878,4.487382],[9.565871,4.487469],[9.56585,4.487939],[9.565838,4.488199],[9.56583,4.488362],[9.565808,4.488884],[9.565799,4.489073],[9.565787,4.48933],[9.565745,4.490168],[9.565726,4.490387],[9.565722,4.490469],[9.565716,4.490571],[9.565692,4.490933],[9.565666,4.49145],[9.565651,4.491875],[9.565639,4.492322],[9.565644,4.492644],[9.565648,4.492698],[9.565658,4.492831],[9.565667,4.492936],[9.565774,4.494031],[9.565753,4.494775],[9.565744,4.495056],[9.565726,4.495464],[9.565722,4.495536],[9.565697,4.495979],[9.565672,4.496448],[9.565649,4.49681],[9.565618,4.497281],[9.565589,4.497705],[9.565563,4.498024],[9.565558,4.498235],[9.565567,4.498407],[9.565576,4.498531],[9.565577,4.498536],[9.565599,4.498638],[9.565613,4.498706],[9.565651,4.498897],[9.56573,4.499164],[9.565831,4.499468],[9.565908,4.499724],[9.565934,4.499808],[9.566045,4.50016],[9.566047,4.500169],[9.566098,4.500327],[9.566142,4.500474],[9.566163,4.500542],[9.566257,4.500906],[9.566275,4.501149],[9.566277,4.501186],[9.56628,4.501228],[9.566278,4.501422],[9.56626,4.50195],[9.566248,4.502203],[9.566232,4.50257],[9.566222,4.502876],[9.566217,4.503025],[9.566216,4.503072],[9.566205,4.503498],[9.566197,4.503735],[9.566184,4.504071],[9.566176,4.5044],[9.566177,4.504414],[9.566184,4.504601],[9.566184,4.504672],[9.566184,4.504734],[9.566185,4.504813],[9.566195,4.504869],[9.566211,4.504935],[9.566237,4.505007],[9.566269,4.505076],[9.566307,4.505162],[9.566341,4.505234],[9.566363,4.505281],[9.566421,4.505388],[9.566428,4.505401],[9.566479,4.505491],[9.566626,4.505696],[9.566705,4.505783],[9.566746,4.505827],[9.566779,4.505857],[9.566933,4.505997],[9.567036,4.506057],[9.56722,4.506164],[9.567417,4.506253],[9.56816,4.506589],[9.568391,4.506693],[9.56853,4.506756],[9.568754,4.506855],[9.569612,4.507233],[9.569697,4.507271],[9.56991,4.507362],[9.570227,4.507497],[9.571004,4.507844],[9.571432,4.508035],[9.571468,4.508051],[9.572092,4.508328],[9.57393,4.509144],[9.574167,4.509246],[9.575042,4.509621],[9.575104,4.509646],[9.575347,4.509737],[9.575655,4.509819],[9.575916,4.50986],[9.576589,4.509967],[9.576767,4.509996],[9.576904,4.510018],[9.577368,4.510095],[9.57814,4.510217],[9.579028,4.510373],[9.579794,4.51049],[9.580866,4.510641],[9.580877,4.510643],[9.581042,4.510681],[9.581217,4.510721],[9.581342,4.51075],[9.581566,4.510814],[9.581698,4.510851],[9.581739,4.510865],[9.58208,4.510982],[9.582251,4.511041],[9.582345,4.511073],[9.583001,4.5113],[9.583103,4.511336],[9.583487,4.511472],[9.583999,4.511655],[9.584213,4.511751],[9.58442,4.511884],[9.584568,4.511998],[9.584659,4.512078],[9.584705,4.512121],[9.584729,4.512143],[9.584791,4.512219],[9.584818,4.512261],[9.58484,4.512293],[9.584903,4.512399],[9.584912,4.512415],[9.584967,4.512523],[9.585044,4.512748],[9.585102,4.512931],[9.585122,4.513076],[9.585143,4.513276],[9.585164,4.513473],[9.58521,4.514058],[9.585256,4.514392],[9.585315,4.514655],[9.585408,4.515052],[9.585423,4.515119],[9.585451,4.515226],[9.585497,4.515401],[9.585723,4.516271],[9.585818,4.516579],[9.585903,4.516786],[9.586016,4.516983],[9.586141,4.517156],[9.586293,4.51733],[9.586497,4.51753],[9.586698,4.517654],[9.586858,4.517734],[9.587343,4.517918],[9.587419,4.517956],[9.58758,4.518037],[9.587638,4.518066],[9.587768,4.518149],[9.587951,4.518283],[9.588018,4.518351],[9.588103,4.518438],[9.58814,4.518483],[9.588253,4.518623],[9.588264,4.518637],[9.588364,4.518775],[9.588469,4.518954],[9.588634,4.51928],[9.589158,4.520222],[9.589225,4.520348],[9.589603,4.520967],[9.590303,4.521946],[9.590437,4.522133],[9.590646,4.522426],[9.590856,4.522719],[9.591065,4.523012],[9.591182,4.523175],[9.591365,4.523456],[9.591508,4.523681],[9.591604,4.523868],[9.591655,4.523979],[9.59178,4.524301],[9.591957,4.524826],[9.592123,4.525331],[9.59224,4.525592],[9.592365,4.525824],[9.592458,4.525943],[9.592548,4.526035],[9.592656,4.526143],[9.592696,4.526176],[9.592745,4.526217],[9.592879,4.526324],[9.592984,4.526393],[9.59304,4.52643],[9.593362,4.526567],[9.593719,4.5267],[9.593818,4.526729],[9.59397,4.526774],[9.594167,4.52682],[9.594199,4.526827],[9.594378,4.526863],[9.59476,4.526879],[9.595415,4.526828],[9.595423,4.526827],[9.595603,4.526812],[9.595738,4.526801],[9.595943,4.52679],[9.596152,4.526798],[9.596342,4.526813],[9.596613,4.526902],[9.596664,4.526926],[9.596827,4.527004],[9.596861,4.52702],[9.597026,4.527106],[9.597174,4.527192],[9.597346,4.527361],[9.597525,4.527566],[9.597675,4.527791],[9.597801,4.528054],[9.597876,4.5284],[9.597937,4.528679],[9.597996,4.52885],[9.598074,4.529027],[9.598233,4.529301],[9.598279,4.529366],[9.598414,4.529558],[9.598651,4.529775],[9.599069,4.530129],[9.599483,4.530448],[9.599741,4.530686],[9.599894,4.530893],[9.600017,4.53108],[9.600112,4.531285],[9.600396,4.532014],[9.60077,4.533129],[9.600866,4.533374],[9.600975,4.533662],[9.601064,4.533868],[9.601162,4.53405],[9.601259,4.534187],[9.601321,4.534261],[9.60143,4.534376],[9.601514,4.534445],[9.601634,4.534541],[9.601778,4.534636],[9.601942,4.534747],[9.602145,4.53487],[9.602442,4.535054],[9.602709,4.535264],[9.602763,4.53532],[9.602862,4.535422],[9.602886,4.535451],[9.602981,4.535564],[9.603163,4.535821],[9.603202,4.535888],[9.603293,4.536043],[9.603316,4.536083],[9.603395,4.536258],[9.603569,4.536689],[9.603575,4.536705],[9.603699,4.53703],[9.603846,4.53734],[9.603943,4.537514],[9.604029,4.537636],[9.604229,4.537889],[9.604316,4.537985],[9.604394,4.538054],[9.604631,4.538251],[9.605257,4.538746],[9.605554,4.538981],[9.605681,4.53908],[9.606119,4.539423],[9.606448,4.539682],[9.60672,4.539867],[9.606902,4.539962],[9.607074,4.540044],[9.607265,4.540128],[9.607334,4.540157],[9.607556,4.540248],[9.607666,4.540297],[9.607831,4.540371],[9.6079,4.540402],[9.608094,4.540515],[9.608343,4.540685],[9.608572,4.540877],[9.60871,4.540993],[9.608972,4.541241],[9.6091,4.541363],[9.609283,4.541576],[9.609401,4.541714],[9.609818,4.542257],[9.610112,4.542633],[9.610245,4.542803],[9.610331,4.542918],[9.61044,4.543062],[9.610548,4.543206],[9.610717,4.54343],[9.610921,4.543701],[9.611029,4.543858],[9.611114,4.543974],[9.611206,4.54416],[9.611295,4.544351],[9.611398,4.544625],[9.611485,4.544891],[9.611576,4.545176],[9.611611,4.545265],[9.611649,4.545364],[9.611773,4.545602],[9.611853,4.545729],[9.611862,4.545741],[9.611937,4.545838],[9.61206,4.545994],[9.612086,4.546023],[9.612176,4.546122],[9.612212,4.546152],[9.612415,4.546324],[9.612636,4.546486],[9.613048,4.546788],[9.613392,4.547034],[9.613511,4.547119],[9.614073,4.547524],[9.614731,4.548039],[9.614936,4.548223],[9.615122,4.54839],[9.615206,4.548462],[9.615343,4.54858],[9.615479,4.548698],[9.615615,4.548815],[9.616228,4.549344],[9.616424,4.549516],[9.61656,4.549619],[9.616716,4.549715],[9.616882,4.549806],[9.61699,4.549855],[9.617057,4.549875],[9.617138,4.5499],[9.617233,4.549917],[9.617278,4.549926],[9.617411,4.549941],[9.617432,4.549943],[9.617845,4.549996],[9.618421,4.550054],[9.618869,4.550103],[9.619184,4.550153],[9.619432,4.550199],[9.61954,4.550226],[9.619631,4.550254],[9.619746,4.55029],[9.619905,4.550351],[9.620079,4.550444],[9.620239,4.550544],[9.620463,4.550703],[9.620501,4.550737],[9.620517,4.550752],[9.620635,4.550858],[9.620814,4.551037],[9.62093,4.551171],[9.620997,4.551258],[9.621023,4.551292],[9.621096,4.551408],[9.621136,4.551471],[9.621189,4.551562],[9.621192,4.551567],[9.621239,4.551662],[9.621356,4.551937],[9.621406,4.552074],[9.62143,4.552169],[9.621474,4.552334],[9.621515,4.55254],[9.621542,4.552731],[9.621564,4.552941],[9.621581,4.553221],[9.6216,4.553673],[9.621619,4.554068],[9.621621,4.554389],[9.621599,4.554879],[9.621563,4.555429],[9.621564,4.555679],[9.621579,4.555909],[9.621618,4.55616],[9.621664,4.556324],[9.621703,4.556431],[9.621804,4.556679],[9.621805,4.556681],[9.621925,4.556949],[9.622188,4.557493],[9.622262,4.557668],[9.622292,4.557753],[9.622351,4.557947],[9.622386,4.558072],[9.622407,4.558177],[9.622425,4.558266],[9.622475,4.558554],[9.622495,4.558709],[9.622508,4.558812],[9.622629,4.559598],[9.622633,4.559626],[9.622677,4.559896],[9.62269,4.559953],[9.622727,4.560111],[9.62277,4.560275],[9.622825,4.560417],[9.622848,4.560468],[9.622886,4.560555],[9.622955,4.560673],[9.623029,4.560777],[9.623042,4.560796],[9.623074,4.560842],[9.623138,4.56092],[9.623187,4.560981],[9.623373,4.561193],[9.62343,4.561257],[9.623701,4.561563],[9.624007,4.5619],[9.62416,4.56203],[9.624238,4.562091],[9.624304,4.562133],[9.624436,4.562208],[9.624608,4.562282],[9.624742,4.56232],[9.624855,4.562336],[9.625004,4.562343],[9.625171,4.562333],[9.625338,4.562296],[9.625474,4.562255],[9.625638,4.562184],[9.625781,4.562105],[9.625955,4.561989],[9.626148,4.561841],[9.62677,4.561356],[9.626979,4.561216],[9.627164,4.561129],[9.627317,4.561065],[9.627454,4.561022],[9.627595,4.561003],[9.627744,4.560991],[9.627935,4.560989],[9.628111,4.56101],[9.628196,4.561025],[9.628324,4.561067],[9.628338,4.561072],[9.628585,4.561163],[9.62867,4.561211],[9.628757,4.561261],[9.62892,4.561371],[9.628967,4.561413],[9.629079,4.561515],[9.629097,4.561537],[9.62928,4.561752],[9.629374,4.561889],[9.629431,4.561984],[9.629834,4.56272],[9.629983,4.562966],[9.630074,4.563082],[9.630132,4.563143],[9.630244,4.563251],[9.630331,4.56332],[9.630462,4.563402],[9.630561,4.563449],[9.63089,4.563575],[9.631138,4.563659],[9.631389,4.563745],[9.631478,4.563778],[9.632144,4.56403],[9.632838,4.564288],[9.633115,4.56441],[9.633159,4.56443],[9.633273,4.564483],[9.633321,4.564511],[9.633374,4.564542],[9.633551,4.564655],[9.633624,4.564706],[9.633918,4.564914],[9.633996,4.56497],[9.634066,4.565017],[9.634268,4.565157],[9.634504,4.565334],[9.634648,4.565443],[9.634792,4.565551],[9.634891,4.565626],[9.634935,4.56566],[9.63509,4.56578],[9.635207,4.56589],[9.635445,4.566144],[9.635544,4.566266],[9.635618,4.566387],[9.635639,4.566425],[9.635867,4.566835],[9.636337,4.567731],[9.636479,4.567975],[9.636591,4.568142],[9.636602,4.568153],[9.63681,4.568366],[9.637011,4.56853],[9.637148,4.568623],[9.637297,4.568722],[9.637748,4.569019],[9.637851,4.569087],[9.6379,4.569117],[9.638307,4.569364],[9.638366,4.569391],[9.638544,4.569471],[9.638778,4.569528],[9.638882,4.569538],[9.638899,4.56954],[9.639029,4.569549],[9.639182,4.569546],[9.639332,4.56953],[9.63942,4.569513],[9.639597,4.569477],[9.639674,4.569461],[9.640121,4.569342],[9.640205,4.569319],[9.640539,4.569254],[9.640726,4.569229],[9.640858,4.569222],[9.64101,4.569216],[9.641141,4.569224],[9.64134,4.569258],[9.641552,4.569325],[9.641694,4.569395],[9.641799,4.569455],[9.641987,4.569616],[9.642072,4.569706],[9.642156,4.5698],[9.642339,4.570028],[9.642452,4.570168],[9.64246,4.570178],[9.642737,4.57056],[9.642863,4.570759],[9.642957,4.570909],[9.642958,4.570912],[9.643019,4.571023],[9.64308,4.571145],[9.64315,4.571312],[9.6432,4.571446],[9.64324,4.571573],[9.643293,4.571744],[9.643395,4.57207],[9.643481,4.57236],[9.643505,4.572432],[9.643561,4.572603],[9.643857,4.573504],[9.644287,4.574844],[9.644624,4.575903],[9.64474,4.57627],[9.645103,4.57743],[9.645304,4.578074],[9.645403,4.57839],[9.645507,4.578632],[9.645619,4.578862],[9.645811,4.579205],[9.646118,4.579696],[9.646786,4.5807],[9.647232,4.581393],[9.647374,4.581614],[9.647409,4.581667],[9.647854,4.582337],[9.647886,4.582388],[9.648323,4.583088],[9.648377,4.583185],[9.648417,4.583266],[9.64842,4.583272],[9.648544,4.58357],[9.648931,4.584403],[9.649245,4.585079],[9.649508,4.58565],[9.649762,4.586201],[9.649767,4.586211],[9.650124,4.58699],[9.650314,4.587403],[9.650704,4.588228],[9.650939,4.588718],[9.651367,4.589614],[9.651433,4.589733],[9.651572,4.589982],[9.651781,4.590326],[9.651811,4.590369],[9.652017,4.590664],[9.652062,4.590727],[9.652148,4.590837],[9.652326,4.591061],[9.65253,4.591292],[9.652669,4.591439],[9.653266,4.592071],[9.653874,4.592706],[9.653932,4.592767],[9.654344,4.593192],[9.655214,4.594079],[9.655318,4.594185],[9.655342,4.59421],[9.65606,4.594933],[9.657264,4.596137],[9.657378,4.596251],[9.657435,4.596308],[9.658608,4.597461],[9.658811,4.59765],[9.659019,4.597831],[9.659231,4.597987],[9.65936,4.598082],[9.659376,4.598094],[9.6595,4.598185],[9.659522,4.5982],[9.659669,4.598303],[9.659726,4.598343],[9.6603,4.598749],[9.661417,4.599544],[9.66167,4.599725],[9.662897,4.600573],[9.66308,4.6007],[9.664407,4.601621],[9.664967,4.602016],[9.665114,4.60212],[9.665798,4.602603],[9.666039,4.602749],[9.666184,4.602824],[9.666221,4.602843],[9.666392,4.602925],[9.666512,4.602982],[9.666696,4.603048],[9.666816,4.603084],[9.667131,4.603181],[9.667524,4.603282],[9.66784,4.603359],[9.668914,4.603605],[9.668933,4.60361],[9.669125,4.603662],[9.669351,4.603741],[9.669613,4.603847],[9.669845,4.603939],[9.670254,4.604143],[9.670267,4.60415],[9.670423,4.60424],[9.670663,4.604378],[9.671046,4.604648],[9.671312,4.604858],[9.671677,4.605191],[9.672019,4.605558],[9.672282,4.605872],[9.672405,4.606046],[9.672616,4.606381],[9.672883,4.606851],[9.672995,4.607067],[9.673603,4.608344],[9.673649,4.60844],[9.673726,4.608602],[9.673812,4.608784],[9.674398,4.610034],[9.675129,4.611584],[9.675531,4.612462],[9.675917,4.613261],[9.676209,4.613881],[9.676651,4.614824],[9.676799,4.615221],[9.676848,4.615374],[9.676882,4.615471],[9.676959,4.615889],[9.676994,4.61627],[9.677003,4.616548],[9.676986,4.616823],[9.676956,4.617098],[9.676892,4.617462],[9.676825,4.617755],[9.67661,4.618528],[9.676326,4.619515],[9.676319,4.619542],[9.676277,4.619688],[9.676228,4.619861],[9.676179,4.620034],[9.675808,4.621348],[9.675787,4.621419],[9.675561,4.622194],[9.675435,4.622628],[9.675424,4.622665],[9.675372,4.622875],[9.675303,4.623154],[9.675251,4.623386],[9.675242,4.623498],[9.675222,4.623799],[9.675223,4.623983],[9.675234,4.624244],[9.675251,4.624429],[9.675275,4.624604],[9.675303,4.624759],[9.675336,4.624948],[9.675404,4.625214],[9.67552,4.625556],[9.675631,4.625814],[9.675652,4.625854],[9.675781,4.6261],[9.675902,4.626307],[9.675972,4.626414],[9.67607,4.626563],[9.676248,4.626783],[9.676686,4.627321],[9.676691,4.627328],[9.676792,4.627467],[9.676909,4.627629],[9.676993,4.627765],[9.677004,4.627784],[9.677094,4.627969],[9.677142,4.628092],[9.677145,4.628101],[9.677183,4.62824],[9.677212,4.628406],[9.677217,4.628444],[9.67724,4.628597],[9.677249,4.628785],[9.677243,4.628907],[9.677236,4.629045],[9.677204,4.629243],[9.677175,4.629365],[9.677144,4.629473],[9.677085,4.629634],[9.67703,4.629769],[9.676985,4.629851],[9.676934,4.629928],[9.67679,4.630144],[9.676608,4.630354],[9.676348,4.630622],[9.676039,4.630913],[9.675909,4.631037],[9.67575,4.631187],[9.675403,4.631556],[9.675249,4.631747],[9.675154,4.631885],[9.675071,4.632025],[9.674999,4.632177],[9.674918,4.632369],[9.674841,4.632609],[9.674807,4.632734],[9.674775,4.632866],[9.674755,4.632987],[9.674745,4.633085],[9.674736,4.633235],[9.674729,4.633512],[9.674772,4.633811],[9.674794,4.633921],[9.674812,4.63399],[9.674839,4.634099],[9.674882,4.634238],[9.674936,4.63441],[9.674996,4.634559],[9.675169,4.634886],[9.67538,4.635255],[9.67563,4.635688],[9.675744,4.635892],[9.675802,4.636007],[9.675917,4.636323],[9.675974,4.636492],[9.675982,4.636521],[9.676023,4.636691],[9.676033,4.636734],[9.676062,4.636874],[9.676066,4.636892],[9.676089,4.637051],[9.676111,4.637297],[9.676119,4.637389],[9.676136,4.637992],[9.676137,4.638131],[9.676139,4.638292],[9.67614,4.638443],[9.676139,4.63849],[9.676131,4.639204],[9.676135,4.639717],[9.676135,4.63973],[9.676141,4.639884],[9.67616,4.640053],[9.676171,4.640149],[9.676206,4.640346],[9.676232,4.640446],[9.676256,4.640511],[9.676274,4.640565],[9.676277,4.640574],[9.676319,4.640681],[9.676336,4.640716],[9.676368,4.640788],[9.67637,4.640792],[9.676436,4.640916],[9.676491,4.641002],[9.676605,4.641172],[9.676705,4.641289],[9.676757,4.64134],[9.676884,4.641467],[9.677025,4.641583],[9.677156,4.641667],[9.677166,4.641674],[9.677416,4.641814],[9.677528,4.64187],[9.677633,4.641922],[9.677668,4.64194],[9.67835,4.642241],[9.678423,4.642273],[9.678961,4.642513],[9.679291,4.64266],[9.6796,4.642811],[9.679689,4.642855],[9.679776,4.642899],[9.679845,4.642933],[9.68024,4.643197],[9.680452,4.643347],[9.680856,4.643665],[9.681162,4.643905],[9.68129,4.644006],[9.681668,4.644316],[9.682037,4.644615],[9.682074,4.644643],[9.682333,4.644884],[9.682453,4.645017],[9.682563,4.645139],[9.682717,4.645329],[9.68285,4.64553],[9.683021,4.645817],[9.683156,4.646078],[9.683214,4.646204],[9.683339,4.646475],[9.683364,4.64653],[9.68357,4.646977],[9.683737,4.647339],[9.683876,4.647639],[9.683936,4.647762],[9.684047,4.647989],[9.684174,4.648247],[9.684206,4.648312],[9.684234,4.648368],[9.68444,4.64873],[9.684475,4.64878],[9.684619,4.648988],[9.684866,4.649296],[9.684894,4.64933],[9.684913,4.649351],[9.684984,4.649432],[9.685032,4.649486],[9.685151,4.649622],[9.685693,4.650238],[9.686175,4.650783],[9.686231,4.650848],[9.686614,4.651282],[9.686633,4.651303],[9.687124,4.651867],[9.687766,4.652607],[9.687905,4.652767],[9.688098,4.652986],[9.68902,4.654033],[9.690066,4.655221],[9.69052,4.655743],[9.690869,4.656144],[9.690975,4.656266],[9.691361,4.6567],[9.692038,4.65747],[9.692185,4.657638],[9.692411,4.657895],[9.692444,4.657933],[9.69253,4.65803],[9.692742,4.658269],[9.692916,4.658438],[9.693077,4.658586],[9.693536,4.658942],[9.693799,4.659141],[9.694029,4.65932],[9.694043,4.659331],[9.694171,4.659431],[9.694176,4.659435],[9.694324,4.659555],[9.694527,4.659719],[9.694757,4.659906],[9.694878,4.66001],[9.694881,4.660013],[9.694972,4.6601],[9.695111,4.660243],[9.695282,4.66043],[9.695468,4.66064],[9.695859,4.661124],[9.696407,4.661743],[9.696661,4.662045],[9.697069,4.66253],[9.697294,4.662795],[9.697517,4.663056],[9.697588,4.663148],[9.697775,4.663393],[9.697859,4.663517],[9.697938,4.66364],[9.697988,4.663724],[9.698052,4.66383],[9.698137,4.663999],[9.698257,4.664229],[9.698521,4.664789],[9.698719,4.665209],[9.69879,4.665349],[9.698976,4.665663],[9.699111,4.665866],[9.699241,4.666031],[9.699338,4.666156],[9.699401,4.666231],[9.699515,4.666363],[9.699596,4.666442],[9.699826,4.666668],[9.700043,4.666862],[9.700372,4.667169],[9.700444,4.667239],[9.700574,4.667364],[9.700592,4.667382],[9.700644,4.667432],[9.700716,4.667512],[9.700769,4.667571],[9.700889,4.667723],[9.70098,4.667856],[9.701076,4.668018],[9.701201,4.668268],[9.70128,4.668482],[9.701495,4.669064],[9.701687,4.6696],[9.701768,4.669895],[9.701814,4.67011],[9.701838,4.670291],[9.701877,4.670794],[9.701896,4.67122],[9.701929,4.672052],[9.701937,4.672174],[9.701949,4.672271],[9.701982,4.672417],[9.702032,4.672612],[9.702085,4.672779],[9.702516,4.674061],[9.702655,4.674531],[9.702697,4.674702],[9.702747,4.674945],[9.70276,4.675067],[9.7028,4.675441],[9.702884,4.676586],[9.702943,4.677407],[9.702953,4.677542],[9.70298,4.677738],[9.703001,4.677842],[9.703023,4.677932],[9.703076,4.678105],[9.703146,4.678289],[9.703239,4.678496],[9.703354,4.678693],[9.703551,4.678962],[9.703612,4.679043],[9.703808,4.679304],[9.703829,4.679331],[9.703936,4.679475],[9.704027,4.679595],[9.704218,4.67988],[9.70429,4.679992],[9.704346,4.680103],[9.704446,4.68032],[9.704551,4.680569],[9.704573,4.680622],[9.704818,4.681219],[9.705018,4.681607],[9.705074,4.681714],[9.70547,4.682414],[9.706368,4.68402],[9.706488,4.684228],[9.706876,4.684903],[9.707455,4.6859],[9.707812,4.686522],[9.708578,4.687837],[9.708652,4.687967],[9.709012,4.688591],[9.709101,4.688747],[9.710202,4.690656],[9.710654,4.691393],[9.710935,4.69178],[9.711119,4.691983],[9.711276,4.692121],[9.711441,4.692259],[9.711607,4.692372],[9.712133,4.692694],[9.712617,4.692977],[9.712982,4.693202],[9.713114,4.693297],[9.713212,4.693379],[9.7133,4.693469],[9.713404,4.693604],[9.71355,4.693841],[9.713994,4.694683],[9.714045,4.694779],[9.714079,4.694841],[9.714165,4.695],[9.714251,4.695158],[9.714499,4.695614],[9.715186,4.696827],[9.715321,4.697076],[9.71536,4.697169],[9.71563,4.697869],[9.715821,4.698371],[9.716159,4.699196],[9.716317,4.699592],[9.716388,4.699804],[9.716954,4.701229],[9.717223,4.701887],[9.717475,4.70252],[9.717875,4.703494],[9.718087,4.704046],[9.718319,4.704651],[9.718442,4.705],[9.718502,4.705244],[9.718541,4.705438],[9.718635,4.706091],[9.718658,4.706321],[9.718765,4.707282],[9.718777,4.70739],[9.718852,4.707924],[9.718937,4.708391],[9.719007,4.70872],[9.719017,4.70877],[9.719037,4.708857],[9.719321,4.710118],[9.71945,4.710637],[9.719562,4.710948],[9.719638,4.71111],[9.719664,4.711159],[9.719724,4.71127],[9.719834,4.711449],[9.719921,4.711571],[9.720523,4.712231],[9.720663,4.712384],[9.720857,4.712618],[9.720965,4.712783],[9.72105,4.712944],[9.721108,4.713067],[9.721213,4.713328],[9.721248,4.713416],[9.721501,4.714121],[9.721608,4.714433],[9.721608,4.714434],[9.721657,4.714576],[9.721795,4.714978],[9.721945,4.715401],[9.72201,4.715651],[9.722017,4.715683],[9.722053,4.715853],[9.722093,4.716126],[9.722109,4.71624],[9.722124,4.716338],[9.722156,4.716876],[9.72217,4.717236],[9.72221,4.717985],[9.722214,4.718062],[9.722214,4.718068],[9.722281,4.71906],[9.722308,4.719477],[9.722315,4.71957],[9.722326,4.719749],[9.72233,4.719819],[9.722362,4.720344],[9.722399,4.720933],[9.722409,4.721023],[9.722445,4.721418],[9.722511,4.721778],[9.722558,4.721987],[9.722598,4.722149],[9.722691,4.722411],[9.722739,4.722526],[9.722766,4.722586],[9.722834,4.722705],[9.722957,4.722896],[9.723068,4.723043],[9.723179,4.723165],[9.723281,4.723259],[9.723755,4.723665],[9.7239,4.723768],[9.724306,4.724068],[9.724754,4.724396],[9.725024,4.724601],[9.725247,4.724746],[9.725683,4.725013],[9.725824,4.725081],[9.725996,4.725154],[9.726479,4.725347],[9.727154,4.725584],[9.727311,4.725646],[9.727679,4.725793],[9.727985,4.725905],[9.728397,4.726055],[9.728493,4.72609],[9.728832,4.726215],[9.729079,4.726306],[9.729452,4.726438],[9.729773,4.72653],[9.730024,4.726619],[9.730621,4.72685],[9.732224,4.727441],[9.732732,4.727628],[9.733071,4.727753],[9.733423,4.727883],[9.73388,4.728069],[9.734082,4.728139],[9.734134,4.728158],[9.734253,4.728196],[9.734425,4.728251],[9.734597,4.728306],[9.734818,4.728378],[9.734869,4.728395],[9.734998,4.728441],[9.735531,4.728618],[9.736317,4.728849],[9.73634,4.728856],[9.736489,4.728903],[9.73659,4.728935],[9.736768,4.728997],[9.736992,4.729088],[9.737175,4.729177],[9.737378,4.729317],[9.737571,4.729474],[9.737759,4.729652],[9.73788,4.729794],[9.738072,4.730033],[9.738334,4.730485],[9.738439,4.730763],[9.738522,4.731055],[9.738562,4.731253],[9.738594,4.731649],[9.738603,4.732413],[9.738632,4.733326],[9.738633,4.733367],[9.738641,4.733506],[9.738654,4.733761],[9.738709,4.734798],[9.738758,4.735405],[9.738861,4.73699],[9.738923,4.737385],[9.738957,4.737573],[9.73901,4.737749],[9.73911,4.737924],[9.739202,4.738082],[9.739265,4.738161],[9.739332,4.738246],[9.739515,4.738409],[9.739634,4.738475],[9.739875,4.738594],[9.740113,4.738687],[9.740289,4.738771],[9.740577,4.738948],[9.74081,4.739139],[9.740954,4.739267],[9.741107,4.739439],[9.741214,4.739613],[9.74131,4.739809],[9.741358,4.739932],[9.741411,4.740127],[9.741435,4.74029],[9.741444,4.740441],[9.741442,4.740588],[9.741429,4.740793],[9.741399,4.74105],[9.741374,4.741224],[9.741372,4.741241],[9.741331,4.741666],[9.741317,4.741941],[9.741316,4.741978],[9.741323,4.742165],[9.741342,4.742377],[9.741394,4.742833],[9.741394,4.742837],[9.741398,4.742869],[9.741584,4.744344],[9.741623,4.744647],[9.741644,4.7448],[9.74168,4.74504],[9.741727,4.74529],[9.741789,4.745505],[9.741834,4.745637],[9.742103,4.746345],[9.742142,4.746466],[9.742206,4.746711],[9.74224,4.746947],[9.742246,4.747102],[9.742236,4.747325],[9.742224,4.747494],[9.742186,4.747877],[9.742186,4.747878],[9.742192,4.748057],[9.742204,4.748384],[9.742207,4.748417],[9.742223,4.748585],[9.742226,4.748595],[9.742278,4.748833],[9.742385,4.749119],[9.742452,4.749276],[9.742521,4.749442],[9.742591,4.749608],[9.742614,4.749662],[9.742665,4.749772],[9.74274,4.749936],[9.743004,4.750507],[9.743118,4.750752],[9.743345,4.751242],[9.743367,4.751289],[9.743418,4.751407],[9.74349,4.751572],[9.743562,4.751737],[9.743614,4.751859],[9.743716,4.752062],[9.743796,4.752223],[9.743876,4.752384],[9.743928,4.752489],[9.744054,4.752697],[9.744148,4.752851],[9.744239,4.753],[9.744242,4.753004],[9.744352,4.753147],[9.74466,4.753549],[9.744798,4.753712],[9.744914,4.75385],[9.74503,4.753988],[9.745092,4.754061],[9.745143,4.754128],[9.745253,4.754271],[9.745568,4.754681],[9.74558,4.7547],[9.745677,4.754852],[9.745819,4.755073],[9.746007,4.755437],[9.746138,4.755709],[9.746243,4.756011],[9.74631,4.75634],[9.746364,4.756662],[9.746397,4.756863],[9.746407,4.756924],[9.74649,4.757425],[9.746562,4.757793],[9.746662,4.758205],[9.746682,4.758272],[9.746739,4.758457],[9.746791,4.758615],[9.746845,4.758782],[9.746847,4.758786],[9.746918,4.758951],[9.746985,4.759106],[9.747223,4.75962],[9.747294,4.759769],[9.747578,4.760358],[9.748299,4.761882],[9.748475,4.762225],[9.748708,4.762707],[9.748913,4.763133],[9.749099,4.76352],[9.749267,4.763886],[9.749554,4.764452],[9.749568,4.764479],[9.749613,4.764567],[9.749765,4.764885],[9.749782,4.764921],[9.749951,4.765273],[9.750144,4.765676],[9.750147,4.765684],[9.750156,4.765701],[9.750359,4.766101],[9.750363,4.766109],[9.750547,4.766474],[9.750695,4.766764],[9.750749,4.766868],[9.750753,4.766876],[9.750932,4.767222],[9.750953,4.767263],[9.751132,4.767608],[9.751192,4.767723],[9.751207,4.767753],[9.751291,4.767912],[9.751341,4.768008],[9.751563,4.76843],[9.751698,4.768687],[9.751758,4.768799],[9.752147,4.769523],[9.752182,4.76959],[9.752776,4.770717],[9.75321,4.771573],[9.753296,4.771738],[9.753508,4.772146],[9.753591,4.772306],[9.753704,4.772524],[9.754047,4.773184],[9.754394,4.773805],[9.754492,4.773981],[9.754689,4.774372],[9.75477,4.774532],[9.754916,4.774821],[9.755387,4.775722],[9.755486,4.775911],[9.755601,4.776129],[9.75593,4.776753],[9.755937,4.776766],[9.755975,4.776837],[9.756299,4.777448],[9.756833,4.778484],[9.757259,4.779279],[9.757485,4.779703],[9.75765,4.780012],[9.757826,4.780338],[9.757873,4.780425],[9.757957,4.780581],[9.758128,4.780901],[9.758212,4.78106],[9.758407,4.781424],[9.758942,4.782477],[9.759155,4.782888],[9.759294,4.783216],[9.759443,4.783587],[9.759548,4.783892],[9.759691,4.784351],[9.75977,4.784672],[9.75983,4.784944],[9.759928,4.785547],[9.759963,4.785828],[9.760221,4.787548],[9.760316,4.788146],[9.760421,4.788851],[9.760475,4.789207],[9.760517,4.789491],[9.760559,4.78974],[9.76057,4.789805],[9.760717,4.790467],[9.760755,4.790618],[9.760769,4.790677],[9.760893,4.791139],[9.760961,4.791392],[9.761049,4.791656],[9.761114,4.791851],[9.761291,4.792333],[9.761381,4.792577],[9.761485,4.792829],[9.761563,4.793],[9.761663,4.793217],[9.762078,4.794008],[9.762526,4.794807],[9.762837,4.795372],[9.76284,4.795378],[9.763012,4.795719],[9.763112,4.795971],[9.763222,4.796299],[9.76327,4.796475],[9.763371,4.79691],[9.763382,4.796972],[9.763406,4.797107],[9.763429,4.79725],[9.763481,4.797744],[9.76348,4.798074],[9.763437,4.798488],[9.763324,4.799388],[9.763322,4.799403],[9.763281,4.799729],[9.763258,4.799907],[9.763236,4.800086],[9.763196,4.800406],[9.763143,4.80083],[9.763115,4.801063],[9.763095,4.801309],[9.763098,4.801565],[9.763123,4.80175],[9.76317,4.801898],[9.763182,4.801936],[9.763279,4.802179],[9.763385,4.802362],[9.763469,4.80247],[9.763568,4.802575],[9.763745,4.802753],[9.76409,4.80305],[9.76426,4.803207],[9.764288,4.803234],[9.764415,4.803362],[9.764437,4.803384],[9.764439,4.803387],[9.76453,4.8035],[9.764561,4.803538],[9.764673,4.803717],[9.764784,4.803932],[9.764887,4.804176],[9.765016,4.804495],[9.765071,4.804633],[9.76539,4.805426],[9.765557,4.805829],[9.765598,4.80593],[9.765638,4.806025],[9.765834,4.806468],[9.765971,4.806731],[9.766089,4.806905],[9.766193,4.807034],[9.766305,4.807145],[9.766387,4.807227],[9.766449,4.807277],[9.766594,4.807394],[9.766645,4.807428],[9.766868,4.807573],[9.767225,4.807788],[9.767503,4.807953],[9.767768,4.808145],[9.767782,4.808158],[9.767976,4.808337],[9.768128,4.808513],[9.768206,4.808623],[9.768231,4.808658],[9.7683,4.808776],[9.768345,4.808854],[9.768434,4.809063],[9.768518,4.809316],[9.768538,4.80945],[9.768551,4.809539],[9.768561,4.809609],[9.768564,4.809718],[9.768566,4.809806],[9.768554,4.809964],[9.768523,4.810191],[9.768483,4.810403],[9.768376,4.810966],[9.768264,4.811454],[9.768239,4.811585],[9.768195,4.811818],[9.768165,4.812142],[9.768165,4.812199],[9.768165,4.812449],[9.768175,4.812524],[9.768192,4.812643],[9.768192,4.812645],[9.768216,4.812777],[9.76828,4.813088],[9.768316,4.813264],[9.768386,4.81361],[9.76844,4.813871],[9.768496,4.814145],[9.768604,4.814667],[9.768622,4.814756],[9.768671,4.815055],[9.768676,4.815089],[9.768753,4.81565],[9.768768,4.815824],[9.768781,4.816208],[9.768791,4.81646],[9.768795,4.816578],[9.768802,4.816757],[9.768825,4.817359],[9.768837,4.817656],[9.768843,4.817836],[9.76885,4.818016],[9.768857,4.818195],[9.768862,4.818321],[9.768885,4.818797],[9.768891,4.818914],[9.768892,4.818949],[9.768899,4.819274],[9.76891,4.819843],[9.768923,4.820481],[9.768954,4.821148],[9.768987,4.821672],[9.768992,4.821761],[9.768993,4.82179],[9.769001,4.821969],[9.769008,4.822149],[9.769017,4.822393],[9.769049,4.822929],[9.769058,4.823078],[9.769099,4.823355],[9.769153,4.823641],[9.769193,4.823848],[9.769212,4.823932],[9.769282,4.824237],[9.769427,4.824723],[9.769587,4.825165],[9.769735,4.825528],[9.769779,4.825634],[9.769803,4.825694],[9.769884,4.825891],[9.769921,4.825983],[9.770248,4.826782],[9.77029,4.826885],[9.770415,4.827159],[9.770432,4.827196],[9.770595,4.827536],[9.770845,4.827985],[9.771021,4.82827],[9.77118,4.828494],[9.771491,4.828892],[9.7718,4.829221],[9.771969,4.829384],[9.772099,4.82951],[9.772284,4.829689],[9.772628,4.829999],[9.772854,4.830193],[9.772905,4.830229],[9.773052,4.830334],[9.773199,4.830438],[9.773265,4.830484],[9.773601,4.8307],[9.773972,4.8309],[9.774189,4.831017],[9.774295,4.831061],[9.774795,4.831267],[9.775069,4.831377],[9.775434,4.8315],[9.775674,4.831566],[9.776009,4.831645],[9.776296,4.831707],[9.776663,4.831793],[9.777234,4.831908],[9.777765,4.832014],[9.778296,4.83212],[9.778393,4.832139],[9.778473,4.832157],[9.778649,4.832195],[9.778825,4.832234],[9.779178,4.832311],[9.779354,4.83235],[9.779938,4.832481],[9.780239,4.832524],[9.78044,4.832533],[9.780703,4.832531],[9.781031,4.832521],[9.781335,4.8325],[9.781546,4.832464],[9.781732,4.832424],[9.782222,4.832298],[9.782373,4.83225],[9.782775,4.832123],[9.782863,4.832099],[9.783091,4.832038],[9.783335,4.831984],[9.783546,4.83195],[9.78375,4.831924],[9.783994,4.831903],[9.784136,4.831894],[9.784221,4.831889],[9.784544,4.8319],[9.784818,4.831913],[9.785173,4.831965],[9.785509,4.832039],[9.785851,4.832126],[9.786081,4.832185],[9.786894,4.832381],[9.787463,4.832532],[9.788941,4.832911],[9.788996,4.832927],[9.789531,4.833079],[9.790199,4.833288],[9.790551,4.833395],[9.790724,4.833447],[9.790896,4.833499],[9.791031,4.83354],[9.792449,4.833976],[9.793805,4.834392],[9.794232,4.834521],[9.794865,4.834713],[9.794867,4.834713],[9.7956,4.834938],[9.796162,4.835139],[9.796812,4.83539],[9.797244,4.835564],[9.797713,4.835763],[9.798127,4.835972],[9.798221,4.836023],[9.7997,4.836826],[9.800859,4.837461],[9.801125,4.837605],[9.801805,4.837974],[9.803274,4.838785],[9.804009,4.839191],[9.804528,4.839461],[9.804903,4.83964],[9.80528,4.839798],[9.805551,4.839901],[9.80563,4.839931],[9.806043,4.840068],[9.806643,4.840244],[9.807022,4.840354],[9.808019,4.840638],[9.808438,4.840758],[9.808873,4.840889],[9.809548,4.841092],[9.809911,4.841211],[9.810109,4.841285],[9.810138,4.841297],[9.810456,4.841437],[9.810684,4.841569],[9.81102,4.841784],[9.811208,4.841932],[9.811341,4.842037],[9.811572,4.842247],[9.811832,4.842541],[9.812027,4.842788],[9.812205,4.843057],[9.812351,4.843307],[9.81236,4.843321],[9.812618,4.843826],[9.812801,4.844184],[9.812909,4.844403],[9.813139,4.844866],[9.813327,4.845244],[9.813419,4.84543],[9.813626,4.845793],[9.813721,4.845961],[9.813866,4.846191],[9.814045,4.846463],[9.814059,4.846483],[9.814258,4.846764],[9.814554,4.847117],[9.81464,4.847206],[9.814706,4.847275],[9.814865,4.847441],[9.81487,4.847446],[9.815,4.847571],[9.815153,4.847717],[9.815221,4.847783],[9.815567,4.848078],[9.81621,4.848559],[9.816562,4.848786],[9.816621,4.848824],[9.816714,4.848884],[9.817056,4.849102],[9.817264,4.849227],[9.81751,4.849375],[9.817635,4.84945],[9.81768,4.849477],[9.818008,4.849622],[9.818247,4.849688],[9.818475,4.849719],[9.818488,4.84972],[9.818571,4.849726],[9.818722,4.84973],[9.818733,4.849729],[9.818936,4.849708],[9.819028,4.849697],[9.819075,4.849691],[9.819264,4.849636],[9.819499,4.849532],[9.820283,4.849094],[9.820636,4.848896],[9.820856,4.848774],[9.82152,4.848407],[9.822415,4.847912],[9.822845,4.847674],[9.82316,4.847498],[9.823405,4.84736],[9.823474,4.847321],[9.823488,4.847313],[9.823806,4.847178],[9.824116,4.847107],[9.824284,4.84709],[9.824399,4.847079],[9.82469,4.847089],[9.824859,4.847114],[9.825022,4.84715],[9.825224,4.847206],[9.825338,4.847238],[9.825512,4.847304],[9.825637,4.847365],[9.825754,4.847438],[9.82593,4.847549],[9.82631,4.847818],[9.826461,4.847948],[9.82664,4.848102],[9.826879,4.848334],[9.827055,4.848522],[9.827282,4.848811],[9.827346,4.848892],[9.827504,4.84912],[9.82768,4.849414],[9.827932,4.849884],[9.82828,4.850519],[9.828692,4.851297],[9.828841,4.851557],[9.829157,4.852086],[9.829402,4.852503],[9.829423,4.852539],[9.82954,4.852726],[9.829633,4.852836],[9.829903,4.853161],[9.830041,4.853304],[9.830131,4.853398],[9.83038,4.85363],[9.830422,4.853662],[9.830667,4.853847],[9.830817,4.853947],[9.830984,4.854059],[9.831279,4.854229],[9.831739,4.854455],[9.832249,4.854688],[9.833086,4.855048],[9.833633,4.855278],[9.833817,4.855356],[9.833965,4.855421],[9.834081,4.855473],[9.83413,4.855494],[9.834246,4.855546],[9.834571,4.855702],[9.834773,4.85582],[9.834929,4.855911],[9.834974,4.855938],[9.835035,4.85598],[9.835184,4.856083],[9.83549,4.856306],[9.835988,4.856715],[9.83672,4.857304],[9.837399,4.857836],[9.837572,4.857972],[9.837682,4.85806],[9.837822,4.858173],[9.837962,4.858286],[9.838182,4.858463],[9.838659,4.858858],[9.838936,4.859088],[9.839212,4.859321],[9.839488,4.859553],[9.839626,4.859669],[9.839907,4.859894],[9.840048,4.860007],[9.840611,4.860457],[9.841211,4.86094],[9.841723,4.861375],[9.842026,4.861633],[9.842131,4.86173],[9.842397,4.861973],[9.842662,4.862217],[9.843317,4.862836],[9.84347,4.86298],[9.843848,4.863324],[9.844478,4.863897],[9.84491,4.864319],[9.845025,4.864439],[9.845522,4.86496],[9.845647,4.865091],[9.845785,4.865236],[9.845894,4.865353],[9.846141,4.865615],[9.846758,4.866272],[9.846881,4.866403],[9.847005,4.866534],[9.847797,4.867376],[9.848026,4.867635],[9.848433,4.868064],[9.848925,4.868542],[9.849279,4.86892],[9.849798,4.869411],[9.850575,4.870175],[9.850857,4.870459],[9.851081,4.870669],[9.85181,4.871381],[9.852157,4.871719],[9.852475,4.872018],[9.853171,4.8727],[9.853548,4.87307],[9.853786,4.873302],[9.854494,4.873992],[9.854583,4.874069],[9.854983,4.874416],[9.855536,4.874895],[9.855678,4.875018],[9.856497,4.875692],[9.856637,4.875813],[9.857191,4.876287],[9.857597,4.876626],[9.857661,4.876679],[9.858203,4.877134],[9.858293,4.877218],[9.858542,4.877417],[9.858731,4.877567],[9.858899,4.877702],[9.85911,4.877853],[9.859271,4.87796],[9.85953,4.878087],[9.859624,4.878122],[9.859829,4.878198],[9.859902,4.878221],[9.860074,4.878273],[9.860235,4.87831],[9.860423,4.878325],[9.860428,4.878325],[9.860738,4.87834],[9.861126,4.878344],[9.861537,4.878335],[9.861765,4.878333],[9.86237,4.878328],[9.86255,4.878326],[9.863025,4.878322],[9.863334,4.878298],[9.863388,4.878291],[9.863609,4.878267],[9.86396,4.878202],[9.863985,4.878195],[9.864277,4.878109],[9.864648,4.877961],[9.86492,4.877841],[9.865209,4.87768],[9.86579,4.877359],[9.866317,4.877074],[9.866436,4.87701],[9.86688,4.876771],[9.866913,4.876753],[9.867914,4.876201],[9.868959,4.875623],[9.869004,4.875597],[9.869252,4.875458],[9.869409,4.87537],[9.869566,4.875282],[9.86979,4.875156],[9.870029,4.875022],[9.870578,4.874717],[9.871142,4.874403],[9.871164,4.874391],[9.871299,4.874316],[9.871457,4.874228],[9.871681,4.874103],[9.872124,4.873856],[9.873093,4.873301],[9.873209,4.873234],[9.873733,4.87295],[9.873998,4.87284],[9.874232,4.872767],[9.874337,4.872734],[9.87471,4.872629],[9.875065,4.872567],[9.875468,4.872517],[9.875487,4.872515],[9.875751,4.872496],[9.875931,4.872484],[9.876173,4.872467],[9.876549,4.87245],[9.876793,4.872439],[9.877373,4.872407],[9.877512,4.8724],[9.878282,4.872351],[9.878351,4.872346],[9.879175,4.872289],[9.880135,4.872222],[9.880406,4.87221],[9.880573,4.872202],[9.880997,4.872201],[9.881263,4.872216],[9.881367,4.872224],[9.881476,4.872233],[9.88186,4.872289],[9.88244,4.872406],[9.882778,4.872494],[9.88301,4.872569],[9.883057,4.872585],[9.883399,4.8727],[9.883746,4.87285],[9.884149,4.873059],[9.884698,4.873375],[9.885181,4.873653],[9.886413,4.874372],[9.886648,4.874496],[9.887188,4.874801],[9.887963,4.87525],[9.888293,4.875444],[9.888491,4.875559],[9.888883,4.875799],[9.888925,4.875823],[9.889751,4.876295],[9.889851,4.876353],[9.890085,4.876487],[9.890468,4.876694],[9.890762,4.876858],[9.891547,4.877295],[9.892253,4.877665],[9.892493,4.877819],[9.892631,4.877912],[9.892999,4.878225],[9.893304,4.878517],[9.893314,4.878529],[9.893337,4.878559],[9.893512,4.878782],[9.893663,4.878989],[9.893727,4.879077],[9.893822,4.879244],[9.893848,4.879294],[9.894094,4.879774],[9.894192,4.879995],[9.894245,4.880116],[9.894342,4.880414],[9.894424,4.880733],[9.894484,4.881102],[9.89453,4.881505],[9.894537,4.881811],[9.89455,4.882051],[9.89458,4.882605],[9.894633,4.883148],[9.894679,4.883325],[9.894726,4.883507],[9.894796,4.88373],[9.894811,4.883774],[9.894894,4.883985],[9.89497,4.884177],[9.89512,4.884482],[9.895476,4.885027],[9.895604,4.885234],[9.895732,4.885441],[9.896218,4.88612],[9.896827,4.887042],[9.897272,4.887694],[9.897839,4.888531],[9.898439,4.889403],[9.898656,4.889719],[9.89877,4.889873],[9.898774,4.889878],[9.898898,4.890023],[9.899101,4.890255],[9.899195,4.890361],[9.899454,4.890604],[9.899663,4.890781],[9.899895,4.890987],[9.900017,4.891096],[9.900452,4.89145],[9.900482,4.891473],[9.900593,4.891558],[9.901379,4.89216],[9.901451,4.892215],[9.901625,4.89235],[9.901771,4.892458],[9.901919,4.892568],[9.90206,4.892675],[9.90217,4.892759],[9.902179,4.892766],[9.902203,4.892785],[9.902403,4.892942],[9.902608,4.893143],[9.902788,4.893339],[9.902943,4.893513],[9.9031,4.893722],[9.903656,4.894535],[9.903688,4.894579],[9.903871,4.89484],[9.903876,4.894848],[9.904236,4.895264],[9.904435,4.895496],[9.904743,4.895731],[9.904962,4.895881],[9.905156,4.895991],[9.905346,4.896089],[9.905507,4.89615],[9.905844,4.896279],[9.90606,4.896356],[9.906921,4.89658],[9.907782,4.896795],[9.90815,4.896912],[9.908274,4.896964],[9.90844,4.897034],[9.908563,4.897085],[9.908605,4.897107],[9.908848,4.897235],[9.908922,4.897279],[9.909245,4.897472],[9.909421,4.897585],[9.909741,4.897835],[9.910151,4.898165],[9.910235,4.898228],[9.910379,4.898337],[9.910522,4.898446],[9.910666,4.898554],[9.910681,4.898566],[9.910906,4.89873],[9.911099,4.898892],[9.911223,4.899011],[9.911352,4.899136],[9.911506,4.899286],[9.911742,4.899548],[9.911836,4.899669],[9.911947,4.899811],[9.912051,4.899958],[9.91226,4.900252],[9.912391,4.900436],[9.912601,4.900763],[9.912754,4.901061],[9.912922,4.90145],[9.913143,4.902058],[9.913218,4.902308],[9.913327,4.902829],[9.913618,4.904488],[9.913705,4.905021],[9.913785,4.905502],[9.91388,4.905973],[9.913956,4.906261],[9.914045,4.906523],[9.914318,4.907262],[9.914469,4.907589],[9.914595,4.907823],[9.914964,4.908451],[9.915086,4.908648],[9.915181,4.908801],[9.915276,4.908954],[9.915279,4.908959],[9.915997,4.910051],[9.916433,4.910665],[9.916755,4.911216],[9.916899,4.911485],[9.917027,4.911797],[9.917114,4.912036],[9.917175,4.912205],[9.917234,4.912369],[9.917235,4.912375],[9.917316,4.91269],[9.917373,4.912971],[9.917677,4.914488],[9.917685,4.914533],[9.917711,4.914664],[9.917746,4.914841],[9.918258,4.917439],[9.918691,4.919724],[9.918753,4.919959],[9.918832,4.920253],[9.918848,4.920306],[9.91902,4.920851],[9.919187,4.921273],[9.919424,4.921751],[9.919789,4.922411],[9.920228,4.923193],[9.920337,4.923373],[9.920468,4.92359],[9.920687,4.923895],[9.920856,4.924073],[9.921001,4.924194],[9.921378,4.92447],[9.921646,4.924614],[9.921814,4.924675],[9.921959,4.924709],[9.922003,4.92472],[9.92236,4.924774],[9.922666,4.924789],[9.923013,4.924785],[9.923397,4.924771],[9.923558,4.924765],[9.92386,4.924774],[9.924176,4.924809],[9.924399,4.924848],[9.92458,4.924897],[9.924864,4.925016],[9.924971,4.925073],[9.925119,4.925151],[9.92513,4.925159],[9.925277,4.925263],[9.925351,4.925316],[9.925519,4.925462],[9.925669,4.925633],[9.925689,4.925657],[9.925868,4.925909],[9.926546,4.92688],[9.927286,4.92792],[9.927877,4.928721],[9.928174,4.929154],[9.928599,4.929723],[9.92895,4.930213],[9.929193,4.930564],[9.929672,4.931256],[9.929781,4.931414],[9.929939,4.931632],[9.930021,4.931743],[9.930232,4.932035],[9.930296,4.932122],[9.930328,4.932172],[9.930679,4.932717],[9.930968,4.93328],[9.931052,4.933467],[9.931091,4.933556],[9.931152,4.933705],[9.93129,4.93404],[9.931432,4.934447],[9.931437,4.934464],[9.931547,4.934844],[9.93169,4.935393],[9.931692,4.9354],[9.931701,4.935458],[9.931784,4.936011],[9.931805,4.936181],[9.931844,4.936493],[9.93186,4.936832],[9.931867,4.937068],[9.931887,4.937729],[9.931891,4.93786],[9.931894,4.937993],[9.931924,4.939205],[9.931932,4.939608],[9.931935,4.939791],[9.931944,4.940196],[9.931945,4.940235],[9.931976,4.941028],[9.931974,4.94139],[9.93196,4.941564],[9.931954,4.941629],[9.931901,4.942092],[9.931867,4.942272],[9.931819,4.94248],[9.931662,4.942937],[9.931479,4.943382],[9.931362,4.943638],[9.931281,4.943808],[9.931221,4.943909],[9.931059,4.944169],[9.930826,4.944491],[9.930732,4.944621],[9.930616,4.944764],[9.93051,4.944888],[9.930366,4.945028],[9.930064,4.945312],[9.929668,4.945686],[9.929561,4.945787],[9.929198,4.94613],[9.929031,4.946292],[9.928779,4.946561],[9.928453,4.946836],[9.928144,4.947117],[9.92793,4.94731],[9.927739,4.947511],[9.927526,4.947738],[9.927293,4.948022],[9.927089,4.948306],[9.926999,4.94847],[9.926896,4.948668],[9.92667,4.949124],[9.926565,4.949422],[9.926514,4.949595],[9.926443,4.949866],[9.92641,4.950059],[9.926383,4.950329],[9.926383,4.951308],[9.926374,4.951952],[9.926378,4.952049],[9.926393,4.952385],[9.926415,4.952884],[9.926476,4.953626],[9.92655,4.954045],[9.926642,4.954402],[9.926691,4.954576],[9.926842,4.954999],[9.926854,4.955088],[9.926865,4.955172],[9.926885,4.95524],[9.926929,4.95534],[9.927001,4.955474],[9.927089,4.955634],[9.927183,4.955786],[9.927355,4.956042],[9.927584,4.956355],[9.927856,4.956674],[9.928198,4.957068],[9.928469,4.957418],[9.928629,4.957668],[9.928714,4.957836],[9.928793,4.958039],[9.928838,4.958177],[9.928865,4.9583],[9.928896,4.958471],[9.928909,4.958629],[9.928911,4.958818],[9.928912,4.958888],[9.928895,4.959074],[9.928879,4.959183],[9.928835,4.959389],[9.928726,4.959681],[9.928549,4.960051],[9.928367,4.960415],[9.928114,4.960921],[9.927888,4.961373],[9.927575,4.96196],[9.927455,4.962195],[9.927229,4.962613],[9.927214,4.962642],[9.92715,4.962761],[9.926837,4.963358],[9.926549,4.963941],[9.926407,4.964322],[9.926324,4.964563],[9.926256,4.96483],[9.926226,4.964966],[9.926175,4.9652],[9.926169,4.965227],[9.926133,4.965403],[9.926131,4.965415],[9.92606,4.965755],[9.926049,4.965806],[9.926023,4.965931],[9.92572,4.967392],[9.92563,4.967822],[9.925622,4.967869],[9.925593,4.968047],[9.925584,4.968098],[9.925566,4.968205],[9.925564,4.968224],[9.92556,4.968276],[9.92555,4.968398],[9.925536,4.968621],[9.925556,4.968878],[9.925607,4.969179],[9.92567,4.969406],[9.925688,4.969466],[9.925738,4.969624],[9.925835,4.969832],[9.925983,4.970087],[9.926013,4.970129],[9.926411,4.970695],[9.926518,4.970848],[9.927021,4.971512],[9.927057,4.971559],[9.927502,4.972136],[9.927612,4.972278],[9.92782,4.972581],[9.927952,4.972753],[9.928179,4.97302],[9.928432,4.973312],[9.928751,4.973582],[9.929182,4.973928],[9.929842,4.97444],[9.930308,4.974802],[9.930678,4.97509],[9.930794,4.975178],[9.930926,4.975277],[9.931209,4.97549],[9.931253,4.975523],[9.931337,4.975586],[9.931517,4.975723],[9.931648,4.975824],[9.931702,4.975865],[9.932224,4.976278],[9.932539,4.976525],[9.933235,4.97707],[9.933649,4.977393],[9.93371,4.977441],[9.934043,4.977703],[9.934628,4.978161],[9.93488,4.978358],[9.935045,4.978481],[9.935519,4.978836],[9.935626,4.978916],[9.935855,4.979087],[9.93696,4.979948],[9.937011,4.979991],[9.937377,4.980298],[9.937624,4.980503],[9.9378,4.980661],[9.937976,4.980818],[9.938253,4.981116],[9.938527,4.981453],[9.938773,4.9818],[9.938985,4.982129],[9.939038,4.982236],[9.939127,4.982417],[9.939264,4.982706],[9.939343,4.982908],[9.939516,4.983396],[9.93955,4.983498],[9.939622,4.98374],[9.939635,4.983786],[9.939656,4.98387],[9.939799,4.984488],[9.939973,4.985449],[9.939975,4.985457],[9.940173,4.986454],[9.940184,4.986516],[9.940214,4.986693],[9.940244,4.986871],[9.940357,4.987542],[9.940522,4.988336],[9.940618,4.988743],[9.94064,4.988808],[9.940801,4.989284],[9.941035,4.989801],[9.94123,4.990115],[9.941325,4.990268],[9.94142,4.990421],[9.941663,4.990813],[9.94198,4.991345],[9.942029,4.991428],[9.942073,4.991499],[9.942168,4.991652],[9.9425,4.992187],[9.9427,4.992567],[9.942802,4.99279],[9.942887,4.993006],[9.942916,4.993085],[9.942944,4.993161],[9.943008,4.993364],[9.943023,4.993428],[9.943046,4.993529],[9.943096,4.993801],[9.943126,4.994026],[9.943138,4.994201],[9.943149,4.994512],[9.943139,4.994799],[9.943114,4.995051],[9.943069,4.99534],[9.943005,4.995668],[9.942907,4.996243],[9.942718,4.997233],[9.942681,4.997424],[9.942445,4.998646],[9.94244,4.998671],[9.942407,4.998822],[9.942217,4.999677],[9.942135,5.000155],[9.942123,5.000232],[9.942047,5.000729],[9.942011,5.001076],[9.942001,5.001299],[9.941996,5.001662],[9.942007,5.001824],[9.94203,5.002007],[9.942051,5.00214],[9.942093,5.002375],[9.942109,5.002468],[9.942199,5.002848],[9.942276,5.003088],[9.942384,5.003328],[9.942493,5.003511],[9.942674,5.0038],[9.942923,5.004146],[9.942931,5.004157],[9.943036,5.004286],[9.943159,5.004436],[9.943299,5.004588],[9.943385,5.004678],[9.943673,5.00492],[9.943756,5.00499],[9.943813,5.005033],[9.943958,5.005141],[9.943993,5.005167],[9.944108,5.00524],[9.944187,5.005289],[9.944262,5.005334],[9.944712,5.005597],[9.945159,5.005854],[9.945357,5.005962],[9.945516,5.006049],[9.945674,5.006135],[9.945818,5.006214],[9.945833,5.006221],[9.946369,5.006493],[9.94653,5.006577],[9.946909,5.006786],[9.947104,5.006903],[9.947169,5.006941],[9.947256,5.006999],[9.947404,5.007097],[9.947407,5.007099],[9.947693,5.007318],[9.947703,5.007325],[9.947827,5.007439],[9.947942,5.007545],[9.948066,5.007674],[9.94821,5.00782],[9.948275,5.007887],[9.948326,5.007957],[9.948429,5.008096],[9.948433,5.008102],[9.94853,5.008254],[9.948605,5.008369],[9.948831,5.008777],[9.948918,5.008962],[9.948951,5.009048],[9.948975,5.009111],[9.949005,5.009219],[9.949055,5.009392],[9.949088,5.009508],[9.949101,5.009566],[9.949142,5.009741],[9.94918,5.009902],[9.949183,5.009916],[9.94922,5.010092],[9.949391,5.010914],[9.949495,5.011476],[9.949588,5.011919],[9.949647,5.012178],[9.949706,5.012374],[9.949774,5.012563],[9.949864,5.012775],[9.950007,5.013085],[9.950135,5.013314],[9.950264,5.013521],[9.950338,5.013629],[9.950615,5.013943],[9.950842,5.014168],[9.950961,5.014272],[9.951122,5.014412],[9.95132,5.01456],[9.951537,5.014713],[9.951693,5.014823],[9.952628,5.015429],[9.952743,5.015504],[9.952893,5.015604],[9.953577,5.016055],[9.953951,5.016293],[9.954103,5.01639],[9.954213,5.01646],[9.954254,5.016488],[9.955932,5.017613],[9.956254,5.017865],[9.956501,5.018092],[9.956658,5.018253],[9.9569,5.01854],[9.957057,5.01876],[9.957174,5.018944],[9.957338,5.019228],[9.957459,5.01946],[9.958404,5.021528],[9.959201,5.023253],[9.959559,5.024032],[9.959746,5.02445],[9.959834,5.024652],[9.959932,5.024897],[9.959976,5.025008],[9.9601,5.025381],[9.960164,5.025586],[9.960195,5.02572],[9.960282,5.026098],[9.960283,5.026105],[9.96033,5.026397],[9.960371,5.026781],[9.960395,5.027095],[9.960405,5.027312],[9.960422,5.027987],[9.960444,5.028603],[9.960457,5.028818],[9.960508,5.030392],[9.960541,5.031397],[9.960598,5.033098],[9.960615,5.033704],[9.960624,5.033839],[9.96065,5.034149],[9.960678,5.034363],[9.960687,5.034435],[9.960731,5.0347],[9.960735,5.034718],[9.960771,5.034902],[9.960829,5.035166],[9.960902,5.035418],[9.960952,5.03559],[9.961035,5.035879],[9.961104,5.036108],[9.96117,5.036325],[9.961463,5.037439],[9.961478,5.037498],[9.961524,5.037672],[9.961746,5.038515],[9.961754,5.038542],[9.962115,5.039748],[9.962204,5.040097],[9.962249,5.040271],[9.962288,5.040426],[9.962293,5.040445],[9.962331,5.040621],[9.962361,5.040759],[9.962368,5.040797],[9.962384,5.040887],[9.962408,5.041082],[9.962414,5.041154],[9.962426,5.041292],[9.96243,5.041492],[9.96242,5.041722],[9.962413,5.041836],[9.962408,5.041872],[9.962386,5.04205],[9.962373,5.042151],[9.962324,5.042405],[9.962291,5.042548],[9.962257,5.042675],[9.962195,5.042865],[9.962138,5.043021],[9.962047,5.043259],[9.961969,5.043462],[9.961737,5.044016],[9.961421,5.044803],[9.961275,5.045187],[9.961204,5.045378],[9.961132,5.045647],[9.961078,5.045878],[9.961012,5.046232],[9.960995,5.046324],[9.960963,5.046548],[9.960921,5.047175],[9.960902,5.047735],[9.960887,5.047897],[9.960863,5.048139],[9.960838,5.048425],[9.960827,5.048596],[9.960827,5.048791],[9.960803,5.049703],[9.960765,5.050496],[9.960714,5.051305],[9.960703,5.051485],[9.960688,5.051734],[9.960623,5.052356],[9.960588,5.052557],[9.960521,5.05295],[9.960485,5.053119],[9.960455,5.053228],[9.96035,5.053554],[9.960303,5.053691],[9.960258,5.053815],[9.960209,5.053945],[9.960101,5.054204],[9.959953,5.05456],[9.959806,5.054919],[9.959654,5.055287],[9.959507,5.055652],[9.959386,5.055968],[9.959302,5.056185],[9.959262,5.056281],[9.959174,5.056525],[9.95915,5.056578],[9.959029,5.056923],[9.958906,5.057326],[9.958732,5.058054],[9.958658,5.058363],[9.958511,5.059078],[9.958424,5.059507],[9.958388,5.059684],[9.958246,5.06038],[9.958097,5.061093],[9.957963,5.061745],[9.957636,5.063259],[9.957449,5.064239],[9.957328,5.064839],[9.957214,5.065316],[9.957175,5.065482],[9.957083,5.065965],[9.957074,5.06601],[9.957041,5.066187],[9.956955,5.066649],[9.956819,5.067303],[9.95667,5.067947],[9.956651,5.068026],[9.956598,5.068299],[9.956564,5.068476],[9.956529,5.068652],[9.956486,5.068873],[9.956335,5.069583],[9.956255,5.069901],[9.95616,5.070204],[9.956091,5.070395],[9.956021,5.070587],[9.955904,5.070878],[9.955804,5.071074],[9.95554,5.071572],[9.955262,5.071991],[9.95504,5.072269],[9.954851,5.072504],[9.954393,5.073015],[9.953852,5.073605],[9.953457,5.074083],[9.953236,5.074396],[9.953025,5.074729],[9.952877,5.074965],[9.952793,5.075117],[9.952618,5.075484],[9.952542,5.075689],[9.952422,5.076035],[9.952404,5.076085],[9.952345,5.076255],[9.952189,5.076697],[9.951939,5.077451],[9.951644,5.07832],[9.951448,5.078958],[9.951353,5.079337],[9.951276,5.079728],[9.951233,5.080089],[9.951204,5.080453],[9.951184,5.080993],[9.951191,5.081488],[9.951185,5.082146],[9.951154,5.082737],[9.951101,5.083296],[9.951025,5.083767],[9.950945,5.08426],[9.950798,5.085163],[9.950677,5.085923],[9.950649,5.086064],[9.950598,5.086254],[9.950564,5.0864],[9.950542,5.086557],[9.950526,5.086765],[9.950525,5.08678],[9.950514,5.086945],[9.950503,5.087124],[9.950491,5.087304],[9.950477,5.087515],[9.950456,5.088075],[9.950455,5.088335],[9.950451,5.08883],[9.950439,5.089293],[9.950426,5.09018],[9.950395,5.091191],[9.950391,5.091588],[9.950403,5.092109],[9.950435,5.092796],[9.950462,5.093133],[9.950489,5.09337],[9.950512,5.093549],[9.950703,5.095029],[9.950856,5.096143],[9.951007,5.097297],[9.951227,5.098834],[9.951393,5.100149],[9.951416,5.100328],[9.95148,5.10084],[9.95163,5.101855],[9.951752,5.102741],[9.951773,5.103044],[9.95179,5.103333],[9.951815,5.104118],[9.951788,5.104709],[9.951735,5.105164],[9.951631,5.105761],[9.951614,5.105861],[9.951599,5.105938],[9.951475,5.106583],[9.951229,5.107607],[9.951061,5.108377],[9.951028,5.108574],[9.951019,5.108632],[9.950988,5.108842],[9.950962,5.109058],[9.950947,5.109275],[9.950935,5.109492],[9.950936,5.110027],[9.950939,5.11026],[9.950949,5.110577],[9.950977,5.110873],[9.951087,5.111613],[9.951088,5.111617],[9.951094,5.11166],[9.951101,5.111704],[9.951108,5.111746],[9.951108,5.11175],[9.951181,5.112265],[9.951296,5.112976],[9.951325,5.113153],[9.95141,5.113679],[9.951499,5.114189],[9.951536,5.114459],[9.951538,5.114519],[9.951532,5.114565],[9.951535,5.114606],[9.951546,5.11475],[9.951582,5.115072],[9.95167,5.115708],[9.951717,5.115946],[9.951734,5.116062],[9.951821,5.11666],[9.95186,5.116952],[9.951868,5.117017],[9.951884,5.117131],[9.951908,5.117309],[9.951933,5.117487],[9.951959,5.11768],[9.951992,5.117841],[9.952029,5.118018],[9.952052,5.118132],[9.952117,5.118328],[9.952194,5.118515],[9.952341,5.118792],[9.952445,5.118961],[9.952567,5.119129],[9.952647,5.119226],[9.952725,5.119305],[9.95287,5.119454],[9.953051,5.119625],[9.953133,5.119699],[9.953411,5.119946],[9.953609,5.120123],[9.953877,5.120385],[9.954004,5.120508],[9.954006,5.12051],[9.954125,5.120646],[9.954154,5.120679],[9.954297,5.120871],[9.954335,5.120938],[9.954405,5.121059],[9.954493,5.121261],[9.954872,5.122791],[9.954944,5.123045],[9.955019,5.123282],[9.955089,5.123442],[9.955158,5.123583],[9.95529,5.123843],[9.955437,5.124081],[9.955531,5.124218],[9.955642,5.124358],[9.955835,5.124583],[9.955974,5.124736],[9.956129,5.124887],[9.956334,5.125066],[9.956776,5.125339],[9.956889,5.125404],[9.95731,5.125626],[9.957631,5.125791],[9.957954,5.125953],[9.958041,5.125995],[9.958132,5.126039],[9.958223,5.126083],[9.958314,5.126126],[9.958406,5.12617],[9.958442,5.126187],[9.958497,5.126214],[9.958588,5.126257],[9.958604,5.126265],[9.958679,5.126301],[9.95877,5.126345],[9.958861,5.126389],[9.95893,5.126421],[9.958952,5.126432],[9.959044,5.126476],[9.959093,5.126499],[9.959135,5.126519],[9.959226,5.126562],[9.959318,5.126604],[9.959409,5.126648],[9.959501,5.126691],[9.959592,5.126733],[9.959684,5.126778],[9.959774,5.126822],[9.959865,5.126866],[9.959888,5.126876],[9.96039,5.127105],[9.960527,5.127167],[9.961044,5.127412],[9.96186,5.127867],[9.964257,5.129054],[9.965155,5.129509],[9.965782,5.129809],[9.967064,5.130434],[9.968463,5.131125],[9.969272,5.131524],[9.969434,5.131604],[9.96972,5.131745],[9.970404,5.132085],[9.970565,5.132165],[9.971697,5.132726],[9.972942,5.133342],[9.973339,5.133543],[9.973626,5.133669],[9.973787,5.133719],[9.973962,5.133763],[9.974201,5.133816],[9.974472,5.13386],[9.97563,5.134062],[9.97569,5.134072],[9.975765,5.134085],[9.975839,5.134097],[9.975914,5.13411],[9.976026,5.134129],[9.976361,5.134179],[9.976896,5.134263],[9.976919,5.134267],[9.977069,5.134315],[9.977212,5.134361],[9.977404,5.134456],[9.977731,5.134665],[9.977853,5.134751],[9.978474,5.135185],[9.978923,5.135497],[9.979572,5.13595],[9.98005,5.136272],[9.98116,5.137054],[9.982217,5.137767],[9.982967,5.13829],[9.983435,5.138609],[9.983522,5.138658],[9.983712,5.138734],[9.9839,5.138787],[9.984142,5.138834],[9.984319,5.138868],[9.984386,5.138881],[9.984571,5.138918],[9.984857,5.138987],[9.985095,5.139053],[9.98533,5.13914],[9.985527,5.139226],[9.985439,5.139533],[9.98535,5.139843],[9.985054,5.140904],[9.984962,5.141232],[9.984914,5.141405],[9.984882,5.141516],[9.984865,5.141578],[9.984577,5.142611],[9.984371,5.143322],[9.984195,5.143936],[9.983983,5.144745],[9.983949,5.144871],[9.983942,5.144899],[9.983907,5.145046],[9.983902,5.145067],[9.983829,5.145446],[9.983738,5.145997],[9.983612,5.14682],[9.983496,5.147531],[9.983078,5.149893],[9.983015,5.150157],[9.982936,5.150453],[9.982813,5.150823],[9.982746,5.151044],[9.982654,5.151328],[9.982571,5.151555],[9.982468,5.151805],[9.982316,5.152156],[9.982172,5.152433],[9.9821,5.152573],[9.982,5.15275],[9.981944,5.152849],[9.981818,5.153074],[9.981647,5.153355],[9.98145,5.153648],[9.981262,5.153908],[9.981046,5.154196],[9.980492,5.154874],[9.980011,5.155445],[9.979291,5.156294],[9.979053,5.156602],[9.978831,5.156903],[9.978679,5.157144],[9.978338,5.157722],[9.978194,5.157979],[9.978176,5.158012],[9.977867,5.158647],[9.97776,5.158895],[9.97769,5.159061],[9.977303,5.16001],[9.977023,5.160681],[9.976831,5.161153],[9.976305,5.162332],[9.976164,5.162663],[9.976023,5.162994],[9.975811,5.16349],[9.975615,5.163961],[9.97554,5.164164],[9.975463,5.164399],[9.97542,5.164517],[9.975377,5.16465],[9.975327,5.164844],[9.975215,5.165372],[9.975194,5.165473],[9.975161,5.165728],[9.975142,5.165907],[9.975135,5.16597],[9.975119,5.166221],[9.975119,5.166616],[9.975135,5.166996],[9.975146,5.167188],[9.975167,5.167336],[9.97517,5.167362],[9.975245,5.167821],[9.975291,5.168016],[9.975334,5.168203],[9.975393,5.168401],[9.975454,5.168598],[9.975578,5.168927],[9.975693,5.169242],[9.975886,5.169782],[9.976069,5.170319],[9.976246,5.170848],[9.976359,5.171174],[9.976395,5.171279],[9.976418,5.171344],[9.976431,5.171382],[9.976804,5.172421],[9.9773,5.173906],[9.977333,5.174001],[9.977547,5.174606],[9.977593,5.174746],[9.977656,5.174933],[9.97778,5.175306],[9.977969,5.175827],[9.978027,5.175987],[9.978112,5.176221],[9.978131,5.176273],[9.978483,5.177243],[9.978724,5.178001],[9.97881,5.178257],[9.978865,5.17842],[9.978865,5.178421],[9.979033,5.178923],[9.979078,5.179047],[9.979252,5.179529],[9.97937,5.179855],[9.979487,5.180186],[9.979489,5.18019],[9.979515,5.180267],[9.979602,5.180524],[9.979655,5.180683],[9.979693,5.180901],[9.979693,5.180907],[9.979792,5.181474],[9.979973,5.181736],[9.979977,5.181743],[9.980229,5.182107],[9.980435,5.182441],[9.980484,5.182515],[9.980639,5.182748],[9.980828,5.182995],[9.980864,5.183042],[9.98109,5.18332],[9.981326,5.183584],[9.981357,5.183619],[9.981546,5.18383],[9.981729,5.184039],[9.982007,5.184357],[9.982139,5.184508],[9.98245,5.184856],[9.982641,5.185069],[9.982863,5.185318],[9.982878,5.185336],[9.983284,5.185803],[9.983512,5.186066],[9.983823,5.186424],[9.984189,5.186845],[9.98425,5.186915],[9.984476,5.187169],[9.984753,5.187478],[9.984925,5.187671],[9.985274,5.188069],[9.98537,5.188178],[9.985633,5.188476],[9.985644,5.188489],[9.986022,5.188913],[9.986599,5.189564],[9.986773,5.18976],[9.987148,5.190185],[9.98734,5.190404],[9.987522,5.190609],[9.987856,5.190983],[9.987897,5.191029],[9.988082,5.19124],[9.988197,5.191378],[9.988267,5.191462],[9.988376,5.191584],[9.98866,5.191904],[9.988701,5.19195],[9.988737,5.191991],[9.98912,5.192421],[9.989464,5.192794],[9.989791,5.193174],[9.990038,5.193489],[9.990172,5.193649],[9.99029,5.193804],[9.990381,5.193922],[9.990558,5.194226],[9.990665,5.194408],[9.990762,5.194595],[9.990934,5.194942],[9.990936,5.194948],[9.991089,5.195279],[9.991223,5.195583],[9.991288,5.195743],[9.991352,5.195904],[9.991438,5.19616],[9.991443,5.196178],[9.991529,5.196449],[9.991599,5.196711],[9.991608,5.196748],[9.991679,5.197026],[9.991715,5.197222],[9.99176,5.197464],[9.991835,5.197982],[9.991859,5.198201],[9.991878,5.198367],[9.991899,5.198634],[9.991904,5.199007],[9.991905,5.199024],[9.991905,5.199211],[9.991905,5.199515],[9.991896,5.199909],[9.991894,5.200012],[9.991879,5.200952],[9.991867,5.201668],[9.991863,5.202247],[9.991856,5.203324],[9.991861,5.204131],[9.991862,5.204323],[9.991888,5.205365],[9.991926,5.206113],[9.991942,5.206514],[9.991958,5.206922],[9.991966,5.20719],[9.991974,5.207457],[9.991988,5.20771],[9.992006,5.207964],[9.992022,5.208231],[9.992031,5.208498],[9.992036,5.208771],[9.992036,5.209041],[9.992035,5.209065],[9.992028,5.20934],[9.992009,5.209553],[9.991985,5.209826],[9.99195,5.210098],[9.991896,5.210446],[9.991879,5.210533],[9.991829,5.210793],[9.991824,5.210817],[9.991813,5.210858],[9.991752,5.211111],[9.991663,5.211421],[9.991625,5.211555],[9.991489,5.212038],[9.991325,5.212665],[9.991156,5.213288],[9.991022,5.213799],[9.990899,5.214268],[9.990638,5.215213],[9.990456,5.215911],[9.990266,5.216616],[9.990086,5.217289],[9.989893,5.217965],[9.98987,5.218048],[9.989705,5.218659],[9.989625,5.218905],[9.989523,5.219191],[9.989432,5.219421],[9.989338,5.219632],[9.989158,5.220011],[9.989005,5.220294],[9.988847,5.220572],[9.988654,5.220882],[9.988458,5.221191],[9.988192,5.221614],[9.988023,5.221894],[9.987881,5.222124],[9.987634,5.222535],[9.987268,5.223153],[9.987197,5.223272],[9.987018,5.223619],[9.986881,5.223878],[9.986877,5.223886],[9.986838,5.223969],[9.986768,5.22414],[9.986696,5.224317],[9.986623,5.224506],[9.98654,5.224715],[9.9865,5.224835],[9.986454,5.224979],[9.986382,5.225233],[9.98636,5.22531],[9.986178,5.225943],[9.986009,5.22659],[9.985869,5.227147],[9.985852,5.227214],[9.985845,5.227241],[9.985807,5.227388],[9.985679,5.227869],[9.985622,5.228084],[9.985513,5.228499],[9.985454,5.228716],[9.985424,5.228823],[9.985395,5.228951],[9.985322,5.229304],[9.985258,5.229763],[9.985113,5.231029],[9.985017,5.231542],[9.984909,5.232044],[9.984765,5.232706],[9.984728,5.232851],[9.984685,5.233025],[9.984598,5.233369],[9.984072,5.235409],[9.98396,5.23588],[9.983625,5.237211],[9.983598,5.237319],[9.983494,5.237735],[9.983289,5.23855],[9.983058,5.23948],[9.982683,5.240984],[9.982667,5.241051],[9.982624,5.241221],[9.982277,5.24247],[9.981219,5.246734],[9.981116,5.247154],[9.981089,5.247262],[9.981073,5.247329],[9.980543,5.249491],[9.98021,5.25073],[9.979792,5.252397],[9.979538,5.253435],[9.979367,5.254134],[9.979309,5.254373],[9.97903,5.255458],[9.978804,5.256304],[9.97815,5.258807],[9.978143,5.258835],[9.977928,5.25971],[9.977617,5.260971],[9.977464,5.261596],[9.977417,5.261782],[9.977289,5.262297],[9.977125,5.262951],[9.977122,5.262966],[9.97707,5.263174],[9.977066,5.263193],[9.976841,5.264363],[9.976704,5.265232],[9.976674,5.265423],[9.976665,5.265481],[9.976542,5.266246],[9.976522,5.266373],[9.976424,5.266979],[9.976391,5.267188],[9.976242,5.268099],[9.976101,5.268962],[9.975688,5.271558],[9.975687,5.271571],[9.975591,5.272466],[9.975589,5.272596],[9.975575,5.273417],[9.975596,5.274004],[9.975597,5.274031],[9.975623,5.274603],[9.97568,5.275532],[9.975688,5.275666],[9.975694,5.275842],[9.975709,5.276263],[9.975726,5.276729],[9.975801,5.277941],[9.975881,5.279116],[9.975913,5.279702],[9.975947,5.280328],[9.97598,5.28094],[9.97601,5.281488],[9.976048,5.282158],[9.976079,5.282699],[9.97608,5.282711],[9.976144,5.283913],[9.976144,5.283923],[9.976181,5.284704],[9.976199,5.284821],[9.976246,5.285137],[9.976307,5.285439],[9.976332,5.285564],[9.976417,5.285895],[9.976514,5.286247],[9.976605,5.286643],[9.976761,5.287156],[9.97689,5.287647],[9.976946,5.28799],[9.976949,5.288005],[9.976975,5.288251],[9.976991,5.288464],[9.976975,5.288865],[9.976922,5.289282],[9.9769,5.289453],[9.976844,5.289758],[9.976829,5.289842],[9.976808,5.289958],[9.976793,5.29004],[9.976717,5.290463],[9.976605,5.291084],[9.976554,5.29137],[9.976316,5.292695],[9.976212,5.29335],[9.976144,5.293785],[9.97614,5.293802],[9.976137,5.293819],[9.976133,5.293837],[9.97613,5.293854],[9.976127,5.293871],[9.976123,5.293889],[9.97612,5.293906],[9.976116,5.293923],[9.976113,5.29394],[9.97611,5.293958],[9.976106,5.293975],[9.976103,5.293992],[9.976099,5.29401],[9.976096,5.294027],[9.976092,5.294044],[9.976089,5.294062],[9.976086,5.294079],[9.976083,5.294097],[9.976079,5.294114],[9.976075,5.294136],[9.976072,5.294153],[9.976069,5.294171],[9.976067,5.294188],[9.976065,5.294206],[9.976062,5.294223],[9.97606,5.294241],[9.976057,5.294258],[9.976055,5.294276],[9.976053,5.294293],[9.97605,5.294311],[9.976048,5.294328],[9.976047,5.294333],[9.976045,5.294346],[9.976043,5.294363],[9.976041,5.294381],[9.976038,5.294398],[9.976036,5.294416],[9.976033,5.294433],[9.976031,5.294451],[9.976029,5.294468],[9.976027,5.294486],[9.976025,5.294503],[9.976023,5.294521],[9.976021,5.294538],[9.97602,5.294556],[9.976018,5.294574],[9.976016,5.294591],[9.976014,5.294609],[9.976013,5.294626],[9.976011,5.294644],[9.976009,5.294662],[9.976008,5.294679],[9.976006,5.294697],[9.976005,5.294714],[9.976004,5.294732],[9.976002,5.29475],[9.976001,5.294767],[9.975999,5.294785],[9.975998,5.294802],[9.975998,5.29482],[9.975998,5.294838],[9.975997,5.294855],[9.975997,5.294873],[9.975997,5.294891],[9.975996,5.294908],[9.975996,5.294926],[9.975996,5.294944],[9.975995,5.294961],[9.975995,5.294979],[9.975995,5.294997],[9.975995,5.295014],[9.975995,5.295032],[9.975996,5.29505],[9.975996,5.295067],[9.975997,5.295085],[9.975997,5.295103],[9.975998,5.29512],[9.975999,5.295138],[9.976,5.295155],[9.976001,5.29516],[9.976002,5.295173],[9.976003,5.295191],[9.976004,5.295208],[9.976005,5.295226],[9.976007,5.295244],[9.976008,5.295261],[9.976009,5.295279],[9.976011,5.295296],[9.976012,5.295314],[9.976014,5.295331],[9.976017,5.295349],[9.976019,5.295367],[9.976022,5.295384],[9.976024,5.295401],[9.976027,5.295419],[9.976029,5.295436],[9.976032,5.295454],[9.976035,5.295471],[9.976037,5.295489],[9.97604,5.295506],[9.976042,5.295524],[9.976044,5.295537],[9.976071,5.295684],[9.976092,5.295788],[9.976116,5.295892],[9.976142,5.295995],[9.976169,5.296098],[9.976197,5.296201],[9.976225,5.296304],[9.976255,5.296406],[9.976286,5.296508],[9.976317,5.296609],[9.976357,5.296708],[9.976396,5.296807],[9.976435,5.296906],[9.976475,5.297005],[9.976514,5.297104],[9.976554,5.297203],[9.976593,5.297302],[9.976632,5.297401],[9.976672,5.2975],[9.976711,5.297599],[9.976751,5.297698],[9.97679,5.297797],[9.97683,5.297896],[9.976869,5.297995],[9.976908,5.298094],[9.976916,5.298113],[9.976947,5.298191],[9.976948,5.298193],[9.976987,5.298292],[9.977026,5.298391],[9.977065,5.29849],[9.977103,5.298587],[9.977104,5.298589],[9.977143,5.298688],[9.977182,5.298787],[9.977221,5.298886],[9.97726,5.298985],[9.977299,5.299084],[9.977339,5.299183],[9.977378,5.299282],[9.977417,5.299381],[9.977456,5.299481],[9.977495,5.29958],[9.977534,5.299679],[9.977573,5.299778],[9.977609,5.299878],[9.977631,5.29994],[9.977645,5.299978],[9.977681,5.300078],[9.977717,5.300179],[9.977754,5.300279],[9.977757,5.300286],[9.977793,5.300378],[9.977832,5.300477],[9.97787,5.300576],[9.977873,5.300583],[9.977909,5.300675],[9.977935,5.300742],[9.977948,5.300775],[9.977986,5.300874],[9.978025,5.300973],[9.978063,5.301073],[9.978102,5.301172],[9.978117,5.30121],[9.978141,5.301271],[9.978179,5.30137],[9.978218,5.301469],[9.978257,5.301569],[9.978296,5.301668],[9.978336,5.301767],[9.978375,5.301865],[9.978415,5.301964],[9.978455,5.302063],[9.978494,5.302162],[9.978534,5.302261],[9.978574,5.30236],[9.978613,5.302458],[9.978653,5.302557],[9.978693,5.302656],[9.978732,5.302755],[9.978772,5.302854],[9.978812,5.302953],[9.978852,5.303051],[9.978891,5.30315],[9.978931,5.303249],[9.978971,5.303348],[9.979013,5.303446],[9.979055,5.303543],[9.979102,5.303639],[9.979154,5.303732],[9.979212,5.303821],[9.979286,5.30392],[9.979359,5.304019],[9.979435,5.304117],[9.979511,5.304214],[9.979591,5.304308],[9.979677,5.304397],[9.979762,5.304486],[9.979851,5.304572],[9.97994,5.304658],[9.980037,5.304734],[9.980134,5.30481],[9.980233,5.304883],[9.980334,5.304955],[9.980439,5.30502],[9.980547,5.30508],[9.980657,5.305136],[9.980769,5.305189],[9.980885,5.305232],[9.981002,5.305272],[9.98112,5.305309],[9.981239,5.305341],[9.98136,5.305366],[9.981483,5.305382],[9.981606,5.305394],[9.98173,5.305398],[9.981854,5.305398],[9.981977,5.305396],[9.982101,5.30539],[9.982224,5.30538],[9.982347,5.305365],[9.982469,5.305347],[9.982592,5.305328],[9.982713,5.305305],[9.982835,5.305282],[9.982844,5.30528],[9.982956,5.305257],[9.983077,5.305231],[9.983197,5.305201],[9.983317,5.305171],[9.983437,5.305142],[9.983557,5.305113],[9.983678,5.305084],[9.983797,5.305053],[9.983917,5.305021],[9.984036,5.304989],[9.984156,5.304957],[9.984275,5.304926],[9.984395,5.304895],[9.984515,5.304866],[9.984636,5.304837],[9.984756,5.304808],[9.984876,5.30478],[9.984998,5.304755],[9.985119,5.304731],[9.985241,5.304711],[9.985364,5.304694],[9.985487,5.304684],[9.98561,5.304677],[9.985734,5.30467],[9.985849,5.304669],[9.985858,5.304669],[9.985981,5.304672],[9.986105,5.30468],[9.986228,5.304689],[9.986351,5.304706],[9.986395,5.304712],[9.986473,5.304724],[9.986595,5.304744],[9.98674,5.304775],[9.986781,5.304784],[9.986821,5.304792],[9.986862,5.304801],[9.986903,5.304811],[9.986944,5.30482],[9.986985,5.30483],[9.987025,5.304839],[9.987066,5.304849],[9.987107,5.304858],[9.987147,5.304868],[9.987188,5.304878],[9.987229,5.304888],[9.987233,5.304889],[9.987269,5.304898],[9.98731,5.304909],[9.98735,5.304919],[9.987391,5.304929],[9.987431,5.30494],[9.987472,5.30495],[9.987512,5.304961],[9.987532,5.304967],[9.987552,5.304972],[9.987593,5.304983],[9.98762,5.304991],[9.987633,5.304995],[9.987673,5.305006],[9.987713,5.305018],[9.987754,5.305029],[9.987794,5.30504],[9.987834,5.305052],[9.987874,5.305063],[9.987914,5.305075],[9.987947,5.305084],[9.987955,5.305086],[9.987995,5.305098],[9.988035,5.305109],[9.988075,5.305121],[9.988115,5.305133],[9.988155,5.305145],[9.988195,5.305156],[9.988235,5.305168],[9.988275,5.30518],[9.988315,5.305193],[9.988355,5.305205],[9.988395,5.305218],[9.988435,5.30523],[9.988475,5.305243],[9.988515,5.305256],[9.988554,5.305269],[9.988594,5.305282],[9.988634,5.305295],[9.988673,5.305309],[9.988712,5.305324],[9.988751,5.305338],[9.98879,5.305354],[9.98885,5.305378],[9.988888,5.305394],[9.988927,5.30541],[9.988965,5.305427],[9.989004,5.305444],[9.989042,5.305461],[9.98908,5.305478],[9.989118,5.305496],[9.989155,5.305514],[9.989193,5.305532],[9.98923,5.305551],[9.989267,5.30557],[9.989304,5.305589],[9.989342,5.305608],[9.989379,5.305628],[9.989415,5.305648],[9.989452,5.305667],[9.989489,5.305688],[9.989525,5.305708],[9.989561,5.305729],[9.989596,5.305752],[9.989631,5.305774],[9.989666,5.305798],[9.9897,5.305821],[9.989735,5.305845],[9.989769,5.305869],[9.989802,5.305894],[9.989836,5.305918],[9.98987,5.305943],[9.989903,5.305968],[9.989937,5.305993],[9.98997,5.306019],[9.990002,5.306045],[9.990035,5.306071],[9.990047,5.306082],[9.990067,5.306098],[9.990099,5.306125],[9.990131,5.306152],[9.990162,5.306179],[9.990194,5.306206],[9.990225,5.306234],[9.990256,5.306262],[9.990286,5.306291],[9.990317,5.30632],[9.990346,5.306349],[9.990376,5.306378],[9.990405,5.306408],[9.990435,5.306438],[9.990464,5.306467],[9.990478,5.306481],[9.990509,5.306516],[9.990541,5.30655],[9.990572,5.306585],[9.990604,5.306619],[9.990635,5.306654],[9.990667,5.306688],[9.990673,5.306695],[9.990698,5.306723],[9.99073,5.306758],[9.990761,5.306793],[9.990792,5.306828],[9.990822,5.306864],[9.990852,5.306899],[9.990881,5.306936],[9.99091,5.306973],[9.990939,5.30701],[9.990961,5.307038],[9.990968,5.307047],[9.990996,5.307083],[9.991002,5.30709],[9.991025,5.30712],[9.991054,5.307157],[9.991083,5.307194],[9.991112,5.307231],[9.991141,5.307268],[9.991169,5.307304],[9.991198,5.307341],[9.991227,5.307378],[9.991257,5.307414],[9.991286,5.307451],[9.991315,5.307487],[9.991345,5.307524],[9.991374,5.30756],[9.991403,5.307597],[9.991403,5.307597],[9.991432,5.307633],[9.991461,5.30767],[9.991479,5.307692],[9.991491,5.307706],[9.99152,5.307743],[9.991549,5.307779],[9.991578,5.307816],[9.991608,5.307853],[9.991637,5.307889],[9.991666,5.307926],[9.991695,5.307962],[9.991724,5.307999],[9.991753,5.308035],[9.991782,5.308072],[9.991812,5.308109],[9.991841,5.308145],[9.991869,5.308182],[9.991898,5.308219],[9.991922,5.308249],[9.991927,5.308256],[9.991956,5.308293],[9.991985,5.308329],[9.992014,5.308366],[9.992043,5.308403],[9.992072,5.30844],[9.992083,5.308454],[9.992101,5.308476],[9.99213,5.308513],[9.992159,5.308549],[9.992188,5.308586],[9.992218,5.308622],[9.992248,5.308658],[9.992277,5.308694],[9.992307,5.308731],[9.992354,5.308789],[9.992355,5.30879],[9.992366,5.308803],[9.992376,5.308816],[9.992387,5.308829],[9.992398,5.308842],[9.992409,5.308856],[9.992419,5.308869],[9.99243,5.308882],[9.992441,5.308895],[9.992548,5.30902],[9.992628,5.309115],[9.992722,5.309214],[9.992753,5.309246],[9.992916,5.309412],[9.992972,5.309469],[9.993229,5.309718],[9.993552,5.309996],[9.993897,5.3103],[9.994276,5.310602],[9.995027,5.311219],[9.995274,5.311415],[9.995477,5.311577],[9.995673,5.311737],[9.995794,5.311836],[9.996195,5.312162],[9.996991,5.31281],[9.99732,5.313078],[9.99739,5.313134],[9.997771,5.313442],[9.997978,5.31361],[9.998192,5.313783],[9.998589,5.314109],[9.998847,5.314321],[9.998985,5.314434],[9.999441,5.314807],[9.999519,5.31487],[9.999629,5.314961],[9.999935,5.315209],[10.000099,5.315335],[10.00027,5.31546],[10.000431,5.315575],[10.000543,5.315651],[10.000595,5.315687],[10.00075,5.315789],[10.000917,5.31589],[10.001129,5.316009],[10.00126,5.316082],[10.001603,5.316261],[10.00163,5.316275],[10.001877,5.316403],[10.002151,5.316542],[10.002422,5.316675],[10.00269,5.316807],[10.00288,5.3169],[10.003121,5.317017],[10.003248,5.317079],[10.003572,5.31724],[10.003612,5.31726],[10.003961,5.317436],[10.00398,5.317446],[10.004307,5.317621],[10.0045,5.317733],[10.00468,5.317845],[10.004835,5.317952],[10.004975,5.318059],[10.005142,5.318191],[10.005197,5.318235],[10.005383,5.318411],[10.005495,5.318526],[10.005597,5.318638],[10.005739,5.318801],[10.005797,5.318877],[10.005863,5.318964],[10.00601,5.319188],[10.006118,5.319359],[10.006147,5.319405],[10.006284,5.31964],[10.006418,5.319869],[10.006658,5.320268],[10.006886,5.320649],[10.006917,5.3207],[10.007214,5.321189],[10.007298,5.321329],[10.0076,5.321832],[10.007756,5.322093],[10.007919,5.322364],[10.008074,5.322624],[10.008076,5.322626],[10.008327,5.323059],[10.008491,5.323341],[10.008728,5.323744],[10.008843,5.323939],[10.008912,5.324057],[10.008997,5.324201],[10.009275,5.324675],[10.009684,5.325371],[10.009755,5.325491],[10.010103,5.326073],[10.010186,5.326212],[10.010583,5.326923],[10.010932,5.32751],[10.011095,5.327783],[10.011187,5.327938],[10.01133,5.328179],[10.011696,5.328794],[10.012677,5.330445],[10.012968,5.331065],[10.013185,5.331527],[10.013192,5.331549],[10.013276,5.331829],[10.013349,5.332072],[10.01339,5.332209],[10.013401,5.332244],[10.013405,5.332258],[10.013432,5.332421],[10.013464,5.332616],[10.013479,5.332992],[10.013523,5.333588],[10.013559,5.334401],[10.013566,5.334555],[10.013545,5.334839],[10.013541,5.334903],[10.013528,5.335073],[10.01348,5.335511],[10.013317,5.335981],[10.01316,5.336433],[10.012877,5.337247],[10.012753,5.337603],[10.012654,5.337888],[10.012388,5.338496],[10.012366,5.338547],[10.012141,5.339062],[10.012021,5.339337],[10.011125,5.341386],[10.010899,5.341988],[10.010849,5.34212],[10.010825,5.342191],[10.010779,5.342327],[10.010721,5.342498],[10.010675,5.342632],[10.010582,5.342908],[10.010317,5.343691],[10.010282,5.343793],[10.010262,5.34385],[10.010073,5.344408],[10.010028,5.344543],[10.009951,5.344769],[10.009681,5.345565],[10.009671,5.345595],[10.00935,5.346966],[10.009313,5.347124],[10.00931,5.347138],[10.009288,5.347231],[10.009108,5.348003],[10.009033,5.348324],[10.008883,5.348965],[10.008866,5.349024],[10.008717,5.349533],[10.008632,5.349938],[10.008046,5.352699],[10.008036,5.352754],[10.00788,5.353639],[10.007848,5.353817],[10.007567,5.355411],[10.007523,5.355658],[10.007515,5.355969],[10.007716,5.358424],[10.007719,5.358456],[10.007765,5.35897],[10.007821,5.359589],[10.007966,5.360235],[10.00811,5.360774],[10.008379,5.361367],[10.008388,5.361386],[10.008459,5.361543],[10.008769,5.361995],[10.00884,5.362099],[10.009221,5.362633],[10.009414,5.362906],[10.009926,5.363623],[10.01002,5.363755],[10.010605,5.364679],[10.010682,5.364859],[10.010814,5.365164],[10.010922,5.365416],[10.011249,5.366174],[10.011318,5.366507],[10.011577,5.36774],[10.011651,5.368092],[10.011687,5.368268],[10.011742,5.368529],[10.011847,5.369125],[10.012115,5.370567],[10.012134,5.370666],[10.01231,5.371486],[10.01245,5.37214],[10.012466,5.372188],[10.012578,5.372533],[10.012634,5.372704],[10.012689,5.372872],[10.01269,5.372875],[10.012724,5.372978],[10.01307,5.373687],[10.013121,5.37379],[10.013255,5.373998],[10.013353,5.374149],[10.013452,5.3743],[10.013453,5.374303],[10.013748,5.374634],[10.013937,5.374829],[10.014135,5.375035],[10.014303,5.37523],[10.01442,5.375367],[10.01451,5.375472],[10.014579,5.375603],[10.014789,5.376065],[10.01487,5.376621],[10.014869,5.376705],[10.014864,5.377128],[10.014993,5.37747],[10.015073,5.37763],[10.015154,5.377705],[10.015422,5.378068],[10.0155,5.378178],[10.015559,5.378282],[10.015583,5.37833],[10.015607,5.378407],[10.015629,5.378514],[10.015683,5.378899],[10.01569,5.378947],[10.01572,5.37915],[10.015766,5.379379],[10.01587,5.379815],[10.015913,5.379953],[10.016007,5.380255],[10.016141,5.380691],[10.016173,5.380814],[10.01623,5.381035],[10.016329,5.381363],[10.016358,5.381457],[10.016368,5.381507],[10.016369,5.381513],[10.016374,5.381575],[10.016369,5.381639],[10.01635,5.381695],[10.016321,5.381745],[10.016267,5.381807],[10.016224,5.381844],[10.016155,5.381882],[10.016074,5.381898],[10.015999,5.381908],[10.015916,5.381911],[10.015865,5.381916],[10.015779,5.381948],[10.015734,5.381969],[10.015715,5.381978],[10.015667,5.382013],[10.015613,5.382053],[10.015575,5.382093],[10.015533,5.382135],[10.0155,5.382186],[10.015465,5.382234],[10.015436,5.38228],[10.015398,5.382322],[10.015353,5.382357],[10.015299,5.3824],[10.015224,5.382445],[10.015178,5.382461],[10.015103,5.382474],[10.015042,5.382474],[10.014983,5.382464],[10.01491,5.382445],[10.014857,5.382427],[10.014787,5.38241],[10.014714,5.382405],[10.014658,5.382418],[10.014604,5.382445],[10.014551,5.382477],[10.014503,5.382528],[10.014465,5.382581],[10.014435,5.382651],[10.014435,5.382654],[10.014401,5.382811],[10.014368,5.382905],[10.014315,5.382998],[10.014277,5.383037],[10.014264,5.383051],[10.014221,5.383081],[10.014178,5.383099],[10.014105,5.383131],[10.014049,5.383161],[10.014015,5.383178],[10.013993,5.38319],[10.013931,5.383225],[10.013872,5.383265],[10.013821,5.383329],[10.013784,5.383399],[10.01376,5.383481],[10.013754,5.383569],[10.013775,5.383786],[10.013784,5.383877],[10.0138,5.384184],[10.013792,5.384261],[10.013779,5.384312],[10.013749,5.384408],[10.013711,5.384475],[10.013673,5.38454],[10.013666,5.384552],[10.013618,5.384592],[10.013536,5.384655],[10.013532,5.384659],[10.01343,5.384744],[10.013396,5.384769],[10.013379,5.384782],[10.013325,5.384835],[10.013269,5.384894],[10.013218,5.384955],[10.013156,5.385035],[10.013105,5.385116],[10.012944,5.385409],[10.012786,5.385725],[10.01276,5.385775],[10.012676,5.385938],[10.012647,5.385989],[10.012582,5.386104],[10.012505,5.386186],[10.012443,5.386227],[10.01236,5.386261],[10.012296,5.386272],[10.012291,5.386272],[10.012234,5.386267],[10.012167,5.386248],[10.012113,5.386227],[10.012062,5.386192],[10.012014,5.386157],[10.01181,5.385949],[10.011746,5.385903],[10.011687,5.385885],[10.011622,5.385871],[10.011555,5.385874],[10.011485,5.385893],[10.0114,5.385927],[10.011295,5.385992],[10.011099,5.386128],[10.011008,5.386181],[10.010946,5.386221],[10.010903,5.386242],[10.010879,5.386253],[10.010799,5.386291],[10.010745,5.386312],[10.01067,5.386336],[10.010576,5.386365],[10.01044,5.3864],[10.010351,5.386416],[10.010328,5.38642],[10.010262,5.386432],[10.01019,5.38644],[10.010107,5.386456],[10.010036,5.386478],[10.010021,5.386483],[10.009943,5.38652],[10.009887,5.38655],[10.009828,5.386598],[10.009782,5.386638],[10.009737,5.386691],[10.009697,5.386755],[10.009664,5.386819],[10.009621,5.386934],[10.009581,5.387086],[10.009548,5.387182],[10.009495,5.387338],[10.009467,5.38741],[10.009415,5.387543],[10.009383,5.387642],[10.009372,5.387757],[10.009372,5.387848],[10.009404,5.387944],[10.009469,5.388045],[10.009498,5.388079],[10.009528,5.388115],[10.009603,5.388176],[10.009651,5.388205],[10.009734,5.388235],[10.009799,5.388267],[10.009815,5.388275],[10.00986,5.388307],[10.009903,5.388347],[10.009946,5.388408],[10.009981,5.38848],[10.010001,5.388551],[10.010005,5.388566],[10.010011,5.388662],[10.01,5.388739],[10.00997,5.388825],[10.009922,5.388932],[10.009866,5.389033],[10.00985,5.389055],[10.009777,5.389153],[10.00971,5.389223],[10.00967,5.389255],[10.009614,5.389282],[10.009587,5.38929],[10.009533,5.389305],[10.009471,5.389316],[10.00941,5.389327],[10.009233,5.389358],[10.009152,5.389372],[10.008863,5.389426],[10.008763,5.389452],[10.008705,5.389475],[10.008688,5.389482],[10.008637,5.389525],[10.008613,5.389557],[10.008586,5.389605],[10.008498,5.389922],[10.008466,5.390005],[10.008423,5.390077],[10.008369,5.390133],[10.008289,5.390198],[10.008256,5.390218],[10.008203,5.390251],[10.0081,5.390307],[10.008072,5.390323],[10.007983,5.390379],[10.007921,5.390427],[10.007854,5.390489],[10.007758,5.390603],[10.007683,5.390718],[10.00764,5.390796],[10.007592,5.390897],[10.007515,5.391109],[10.00746,5.391263],[10.007423,5.391362],[10.00739,5.391431],[10.007358,5.391474],[10.007318,5.391506],[10.007267,5.391525],[10.007184,5.391535],[10.007101,5.391565],[10.007017,5.39161],[10.006905,5.391675],[10.006902,5.391677],[10.00673,5.391787],[10.0067,5.391803],[10.006583,5.391869],[10.006542,5.39189],[10.006438,5.391941],[10.006379,5.391967],[10.006291,5.392005],[10.006143,5.392061],[10.005925,5.392119],[10.00569,5.392182],[10.00566,5.39219],[10.005511,5.39219],[10.0055,5.39219],[10.005328,5.392136],[10.005199,5.391976],[10.005156,5.391838],[10.005145,5.391805],[10.005197,5.391669],[10.005242,5.391549],[10.005289,5.391323],[10.005339,5.391089],[10.00521,5.390801],[10.005121,5.390746],[10.005069,5.390713],[10.004952,5.390641],[10.004909,5.390644],[10.004802,5.390652],[10.004743,5.390695],[10.004684,5.390737],[10.004615,5.39082],[10.004427,5.391047],[10.004425,5.39105],[10.004234,5.391431],[10.00409,5.391687],[10.004059,5.391741],[10.003987,5.391869],[10.003987,5.392168],[10.004116,5.392329],[10.004164,5.392377],[10.004202,5.392414],[10.004325,5.392445],[10.004416,5.392468],[10.004497,5.3925],[10.004738,5.392596],[10.004751,5.392696],[10.004775,5.392874],[10.004781,5.392916],[10.00462,5.393151],[10.004484,5.393219],[10.004449,5.393237],[10.003923,5.393151],[10.003412,5.393151],[10.003397,5.393151],[10.002989,5.393429],[10.002897,5.393452],[10.002689,5.393504],[10.002425,5.393471],[10.001842,5.393397],[10.001827,5.393391],[10.001658,5.393328],[10.001489,5.393264],[10.001445,5.393247],[10.001138,5.393181],[10.000801,5.393109],[10.000479,5.393258],[10.00034,5.39345],[10.000393,5.393621],[10.000543,5.393643],[10.000694,5.393547],[10.000994,5.393536],[10.001316,5.393689],[10.001692,5.393867],[10.002121,5.394059],[10.002249,5.394111],[10.002359,5.394142],[10.002366,5.394145],[10.00244,5.394173],[10.002504,5.394216],[10.002566,5.394259],[10.002618,5.394324],[10.002673,5.394468],[10.002717,5.39469],[10.002745,5.394823],[10.002784,5.394964],[10.00282,5.395042],[10.00289,5.395149],[10.002934,5.395202],[10.002955,5.395226],[10.003029,5.395307],[10.003108,5.395392],[10.003236,5.395493],[10.003304,5.395536],[10.003374,5.395573],[10.00342,5.3956],[10.00346,5.395625],[10.003502,5.395661],[10.003536,5.395697],[10.003584,5.395755],[10.003631,5.395833],[10.003699,5.395958],[10.003747,5.396057],[10.003784,5.396101],[10.003804,5.396126],[10.003855,5.396181],[10.003907,5.396221],[10.003959,5.39626],[10.004036,5.396319],[10.004114,5.396375],[10.00419,5.39644],[10.004277,5.396511],[10.004402,5.396629],[10.004587,5.396827],[10.004819,5.397071],[10.005199,5.397405],[10.005443,5.397621],[10.005502,5.397688],[10.005536,5.397727],[10.005659,5.397806],[10.005768,5.397854],[10.00581,5.397867],[10.005859,5.397882],[10.005939,5.397927],[10.006027,5.397983],[10.006089,5.398048],[10.006147,5.398128],[10.006188,5.398205],[10.006231,5.398315],[10.006243,5.398406],[10.006257,5.398559],[10.006227,5.398764],[10.00617,5.398962],[10.006156,5.399071],[10.006153,5.399159],[10.006165,5.399311],[10.006189,5.399438],[10.00623,5.399531],[10.006272,5.399604],[10.006345,5.399698],[10.006389,5.39976],[10.006397,5.399772],[10.006442,5.39984],[10.006463,5.399894],[10.006465,5.39992],[10.006467,5.399961],[10.006462,5.400045],[10.006451,5.400083],[10.006423,5.40013],[10.00637,5.400193],[10.006303,5.400246],[10.006277,5.400261],[10.006217,5.400276],[10.00608,5.400317],[10.005983,5.400355],[10.005891,5.400403],[10.005862,5.400427],[10.005805,5.400495],[10.005759,5.40058],[10.005699,5.400755],[10.005698,5.400787],[10.005707,5.400816],[10.005724,5.400893],[10.005803,5.40105],[10.005891,5.401234],[10.005925,5.401307],[10.00595,5.401369],[10.00597,5.401441],[10.005984,5.401541],[10.005974,5.401642],[10.005947,5.401729],[10.005902,5.401816],[10.005841,5.401893],[10.005811,5.401934],[10.005797,5.401952],[10.005769,5.401998],[10.005755,5.402049],[10.005752,5.402099],[10.005751,5.402118],[10.005763,5.402178],[10.005795,5.402245],[10.005842,5.402298],[10.005899,5.402342],[10.005957,5.402367],[10.005976,5.402375],[10.006107,5.402417],[10.006176,5.402448],[10.006272,5.402511],[10.006357,5.402594],[10.006426,5.402684],[10.006488,5.402786],[10.006624,5.40305],[10.006684,5.403168],[10.006732,5.403251],[10.006761,5.403299],[10.006805,5.403342],[10.006838,5.403363],[10.006865,5.403375],[10.006901,5.403383],[10.006929,5.403386],[10.006966,5.403382],[10.007025,5.403368],[10.007063,5.403347],[10.007126,5.403288],[10.007215,5.403178],[10.007343,5.403012],[10.007462,5.402875],[10.007567,5.402791],[10.007734,5.402691],[10.007893,5.402584],[10.008036,5.402492],[10.008219,5.402388],[10.008325,5.402355],[10.008419,5.402333],[10.008518,5.402323],[10.008614,5.402326],[10.00872,5.402338],[10.008807,5.402356],[10.008902,5.40238],[10.009006,5.402425],[10.009023,5.402435],[10.00909,5.402477],[10.00915,5.402535],[10.00916,5.40255],[10.009204,5.402619],[10.009232,5.402686],[10.009237,5.402721],[10.009239,5.402817],[10.009227,5.402929],[10.009204,5.403068],[10.009199,5.403099],[10.009203,5.403225],[10.00921,5.403247],[10.00923,5.403315],[10.009263,5.403382],[10.009335,5.403458],[10.009413,5.40352],[10.009492,5.403576],[10.009585,5.403656],[10.009666,5.403738],[10.009743,5.403835],[10.009852,5.403985],[10.009947,5.404143],[10.010057,5.404299],[10.010166,5.404424],[10.010261,5.404515],[10.010391,5.404622],[10.010494,5.404689],[10.01061,5.404758],[10.01076,5.404815],[10.010931,5.404873],[10.011169,5.404941],[10.011333,5.404967],[10.011586,5.405002],[10.011843,5.405005],[10.012113,5.405015],[10.01231,5.405075],[10.012401,5.405136],[10.012473,5.405203],[10.012537,5.405312],[10.01259,5.405411],[10.012629,5.405503],[10.012696,5.405651],[10.012743,5.405732],[10.012801,5.405799],[10.012866,5.405855],[10.012949,5.405907],[10.013052,5.405936],[10.013164,5.405937],[10.013264,5.405921],[10.013382,5.405903],[10.013615,5.405838],[10.013642,5.40583],[10.013784,5.405775],[10.013848,5.405751],[10.014219,5.405546],[10.014594,5.405381],[10.014639,5.405361],[10.014759,5.405307],[10.014785,5.405296],[10.014888,5.40523],[10.014938,5.405186],[10.01501,5.405086],[10.015082,5.404931],[10.015126,5.404851],[10.015151,5.404808],[10.015189,5.404761],[10.015239,5.404715],[10.015276,5.404691],[10.015345,5.404667],[10.015415,5.404661],[10.015479,5.404668],[10.01555,5.404697],[10.015633,5.404744],[10.015714,5.40482],[10.01579,5.404922],[10.015827,5.404972],[10.015892,5.40507],[10.015935,5.405133],[10.016023,5.405246],[10.016101,5.405319],[10.016206,5.405384],[10.016277,5.405412],[10.016343,5.405435],[10.016417,5.405445],[10.016508,5.405444],[10.016614,5.405433],[10.016699,5.405419],[10.016749,5.405415],[10.016809,5.405425],[10.016842,5.405438],[10.016896,5.405469],[10.01694,5.405505],[10.016968,5.40554],[10.016999,5.405588],[10.017022,5.405638],[10.017032,5.405697],[10.017032,5.405756],[10.017014,5.405819],[10.01699,5.405865],[10.016984,5.405873],[10.016972,5.405887],[10.016952,5.405902],[10.0169,5.405928],[10.016848,5.405945],[10.016821,5.405946],[10.016793,5.405943],[10.016714,5.405926],[10.016546,5.405896],[10.01647,5.405875],[10.016289,5.405826],[10.016122,5.40578],[10.015928,5.405727],[10.01555,5.405695],[10.015496,5.405702],[10.01541,5.405729],[10.015362,5.405756],[10.015312,5.405799],[10.015163,5.405957],[10.015153,5.405975],[10.015118,5.406033],[10.015089,5.406123],[10.015086,5.40614],[10.015072,5.406229],[10.015071,5.406362],[10.015073,5.406499],[10.015073,5.406531],[10.015079,5.406673],[10.015078,5.406678],[10.015055,5.406824],[10.015006,5.40695],[10.014913,5.407089],[10.014826,5.407183],[10.014672,5.407298],[10.014435,5.407477],[10.014163,5.407678],[10.014135,5.407701],[10.013996,5.407817],[10.013938,5.407865],[10.013776,5.40811],[10.013746,5.408217],[10.013716,5.408338],[10.013713,5.408458],[10.013737,5.408627],[10.013793,5.408779],[10.013871,5.408915],[10.013998,5.409082],[10.01407,5.409169],[10.014143,5.40923],[10.014204,5.409259],[10.014275,5.40928],[10.014338,5.409287],[10.014391,5.409281],[10.014441,5.409273],[10.014493,5.409256],[10.014534,5.40923],[10.014574,5.409198],[10.01461,5.409166],[10.014643,5.409128],[10.014665,5.409081],[10.014686,5.409017],[10.014693,5.408946],[10.01468,5.408823],[10.01462,5.40868],[10.014579,5.408562],[10.014557,5.408464],[10.014561,5.40835],[10.01458,5.408279],[10.014609,5.408226],[10.014693,5.408138],[10.01479,5.408064],[10.014937,5.407962],[10.015089,5.407868],[10.015207,5.407779],[10.015403,5.407606],[10.015542,5.407496],[10.015579,5.407466],[10.015676,5.407376],[10.015684,5.407368],[10.015771,5.40732],[10.015858,5.407283],[10.01596,5.407261],[10.016087,5.407258],[10.01632,5.407287],[10.016428,5.407317],[10.016528,5.407355],[10.016645,5.407398],[10.016708,5.407431],[10.016745,5.407466],[10.016801,5.40753],[10.016852,5.407616],[10.016871,5.407679],[10.016883,5.40775],[10.016886,5.407836],[10.016888,5.407957],[10.016884,5.40813],[10.016878,5.408462],[10.016891,5.408611],[10.016931,5.408719],[10.016969,5.408791],[10.017025,5.408878],[10.017085,5.408951],[10.017163,5.409029],[10.017242,5.409083],[10.017299,5.409115],[10.017358,5.409131],[10.017374,5.409132],[10.017416,5.409135],[10.017451,5.409132],[10.017471,5.409129],[10.017531,5.409106],[10.017637,5.409051],[10.017763,5.408959],[10.018024,5.40875],[10.018325,5.408517],[10.018642,5.408269],[10.018965,5.408058],[10.019086,5.407988],[10.019237,5.407932],[10.019598,5.40789],[10.019878,5.407888],[10.020282,5.407914],[10.020567,5.40793],[10.020827,5.407933],[10.021116,5.407923],[10.021253,5.407891],[10.021332,5.407871],[10.021593,5.407709],[10.021741,5.407585],[10.021976,5.407364],[10.022173,5.407197],[10.022391,5.407051],[10.022597,5.406924],[10.022721,5.406875],[10.022822,5.406847],[10.022927,5.406834],[10.023028,5.406831],[10.023127,5.40685],[10.023245,5.40689],[10.023324,5.406938],[10.023359,5.406963],[10.023418,5.407003],[10.023499,5.407077],[10.023512,5.407089],[10.023595,5.407206],[10.023739,5.407462],[10.023819,5.407659],[10.023907,5.407896],[10.023972,5.408017],[10.024027,5.408085],[10.024078,5.40814],[10.024178,5.408201],[10.024269,5.408251],[10.024516,5.408353],[10.024603,5.408386],[10.024775,5.408452],[10.024893,5.408497],[10.025244,5.408639],[10.025754,5.408838],[10.026012,5.408945],[10.026224,5.409032],[10.026299,5.409066],[10.026486,5.409151],[10.026659,5.409254],[10.026802,5.409343],[10.027137,5.40958],[10.027595,5.409833],[10.028025,5.410052],[10.028113,5.410096],[10.028147,5.410114],[10.028609,5.410353],[10.028945,5.410517],[10.029398,5.410729],[10.029668,5.410895],[10.029864,5.411064],[10.030047,5.411293],[10.030164,5.411535],[10.030243,5.411764],[10.030268,5.412067],[10.030212,5.412433],[10.030204,5.412506],[10.03009,5.412762],[10.030071,5.412799],[10.030023,5.412892],[10.029996,5.412946],[10.029859,5.413189],[10.029847,5.413209],[10.029705,5.413443],[10.029548,5.413816],[10.029461,5.414125],[10.029438,5.414323],[10.029439,5.414635],[10.029464,5.415044],[10.029452,5.415287],[10.029416,5.415471],[10.029341,5.415714],[10.029084,5.416609],[10.028924,5.417324],[10.028859,5.417819],[10.028842,5.417961],[10.028721,5.418961],[10.0287,5.419147],[10.028655,5.419467],[10.028642,5.419578],[10.028604,5.419907],[10.028597,5.42038],[10.028633,5.420879],[10.028672,5.421388],[10.028697,5.421838],[10.028702,5.421921],[10.028704,5.421932],[10.028794,5.422251],[10.028933,5.422577],[10.029081,5.422824],[10.029261,5.423051],[10.029294,5.423091],[10.029513,5.423296],[10.029583,5.423351],[10.02977,5.4235],[10.030113,5.423749],[10.030354,5.423967],[10.030518,5.424148],[10.030659,5.424336],[10.030711,5.42442],[10.030815,5.424587],[10.030907,5.424791],[10.031007,5.425032],[10.031012,5.425044],[10.031076,5.425267],[10.031129,5.425497],[10.031156,5.425687],[10.031161,5.425969],[10.031157,5.42629],[10.031144,5.426729],[10.031144,5.426747],[10.031144,5.427165],[10.031147,5.427319],[10.031162,5.427445],[10.031193,5.427712],[10.03121,5.427785],[10.031223,5.427838],[10.031277,5.428068],[10.031363,5.428328],[10.031385,5.428394],[10.031486,5.428696],[10.031529,5.428819],[10.031587,5.428986],[10.031633,5.429115],[10.031668,5.429212],[10.031784,5.429549],[10.031888,5.429882],[10.031983,5.430151],[10.031997,5.430185],[10.032068,5.430359],[10.032157,5.430537],[10.032255,5.430666],[10.032378,5.43083],[10.032405,5.430867],[10.032502,5.430963],[10.032721,5.431128],[10.032944,5.431256],[10.033217,5.431389],[10.033394,5.431455],[10.033582,5.431524],[10.03394,5.431612],[10.034134,5.431659],[10.034487,5.431739],[10.034936,5.431806],[10.035596,5.431866],[10.036122,5.431906],[10.036366,5.431934],[10.036486,5.431933],[10.036572,5.431943],[10.03703,5.431996],[10.037432,5.432028],[10.038033,5.432078],[10.038447,5.432157],[10.038579,5.43221],[10.038782,5.432339],[10.038886,5.432432],[10.038924,5.432468],[10.038933,5.432476],[10.039044,5.432676],[10.039129,5.432885],[10.039166,5.433085],[10.039208,5.433385],[10.039283,5.43391],[10.039335,5.4343],[10.039377,5.43445],[10.039427,5.434628],[10.039559,5.434915],[10.039755,5.435247],[10.039959,5.43558],[10.040165,5.435854],[10.040196,5.435896],[10.04027,5.436001],[10.040414,5.436203],[10.040672,5.436576],[10.040823,5.436769],[10.040964,5.436933],[10.041095,5.437047],[10.041109,5.437056],[10.041218,5.43713],[10.041426,5.437198],[10.041576,5.437244],[10.041736,5.43725],[10.041906,5.437236],[10.042052,5.437203],[10.042297,5.437096],[10.042468,5.436981],[10.042604,5.436861],[10.042762,5.436686],[10.042803,5.43663],[10.042953,5.436478],[10.043007,5.436423],[10.04319,5.436247],[10.043347,5.43612],[10.043465,5.43604],[10.043595,5.435994],[10.043668,5.435963],[10.043881,5.435933],[10.044062,5.435935],[10.044266,5.43597],[10.044566,5.436044],[10.044839,5.436135],[10.045113,5.436221],[10.045302,5.43629],[10.045917,5.436504],[10.046143,5.436572],[10.046803,5.436825],[10.047122,5.436947],[10.047281,5.437011],[10.047399,5.437085],[10.047531,5.43718],[10.047826,5.437443],[10.048079,5.437758],[10.04833,5.4381],[10.048344,5.438124],[10.048446,5.4383],[10.04854,5.43846],[10.048655,5.43877],[10.048743,5.43911],[10.048745,5.439114],[10.048778,5.439502],[10.048796,5.439675],[10.048809,5.439745],[10.048827,5.439787],[10.048863,5.439838],[10.048954,5.439929],[10.049118,5.44002],[10.049238,5.440042],[10.049468,5.440074],[10.049711,5.440108],[10.05003,5.440164],[10.050326,5.440188],[10.050636,5.440111],[10.050937,5.440033],[10.051206,5.439995],[10.051462,5.439974],[10.051781,5.439978],[10.052097,5.440004],[10.052249,5.440025],[10.052341,5.440062],[10.052514,5.440136],[10.052638,5.440216],[10.052769,5.44031],[10.052877,5.440495],[10.053027,5.440895],[10.053183,5.441305],[10.0533,5.441584],[10.053595,5.442004],[10.053856,5.442254],[10.054403,5.442909],[10.055108,5.443682],[10.055151,5.443714],[10.055945,5.444633],[10.056695,5.44552],[10.056922,5.445759],[10.056978,5.445814],[10.057052,5.445892],[10.057513,5.44638],[10.057983,5.446909],[10.0582,5.447197],[10.058315,5.44733],[10.05837,5.447383],[10.058418,5.44743],[10.05865,5.447528],[10.059273,5.447746],[10.059857,5.447938],[10.060248,5.448046],[10.060457,5.448119],[10.060688,5.448224],[10.060901,5.448365],[10.060949,5.44841],[10.061,5.448459],[10.061012,5.448471],[10.061055,5.448514],[10.061072,5.448531],[10.061151,5.448639],[10.061219,5.448741],[10.061258,5.448829],[10.061273,5.448862],[10.061288,5.448905],[10.061323,5.448979],[10.061343,5.449038],[10.061362,5.449115],[10.061368,5.449172],[10.061371,5.449172],[10.061379,5.449174],[10.061386,5.449177],[10.061393,5.44918],[10.061398,5.449182],[10.0614,5.449183],[10.061407,5.449187],[10.061413,5.449191],[10.061419,5.449196],[10.061425,5.4492],[10.061431,5.449206],[10.061436,5.449211],[10.061446,5.449223],[10.06145,5.44923],[10.061454,5.449236],[10.061458,5.449243],[10.061459,5.449245],[10.061461,5.44925],[10.061464,5.449257],[10.061466,5.449265],[10.061468,5.449272],[10.061469,5.44928],[10.06147,5.449287],[10.061471,5.44929],[10.061471,5.449295],[10.061471,5.449302],[10.061471,5.44931],[10.06147,5.449318],[10.061468,5.449325],[10.061465,5.449339],[10.061459,5.449353],[10.061456,5.44936],[10.061452,5.449367],[10.061448,5.449373],[10.061445,5.449376],[10.061506,5.449626],[10.061614,5.449788],[10.061668,5.449885],[10.06177,5.450008],[10.061827,5.450081],[10.061962,5.450271],[10.062072,5.450409],[10.06217,5.450521],[10.062261,5.4506],[10.062323,5.450633],[10.062355,5.45065],[10.062408,5.45066],[10.062458,5.450664],[10.062599,5.450649],[10.062898,5.450579],[10.063134,5.450524],[10.063296,5.45049],[10.063632,5.450425],[10.063952,5.45037],[10.064232,5.450341],[10.064544,5.450367],[10.064747,5.450408],[10.064909,5.450458],[10.064993,5.450486],[10.065214,5.450579],[10.065522,5.45072],[10.065872,5.45087],[10.06601,5.450921],[10.066237,5.451034],[10.066421,5.451151],[10.066598,5.451286],[10.066789,5.451464],[10.066824,5.451515],[10.066869,5.451575],[10.067012,5.451753],[10.06707,5.451826],[10.067175,5.45196],[10.067373,5.452212],[10.067507,5.452383],[10.06759,5.452496],[10.067725,5.452719],[10.067832,5.452929],[10.067874,5.453055],[10.067915,5.453186],[10.067946,5.453296],[10.068002,5.453608],[10.068069,5.454041],[10.06816,5.454202],[10.068222,5.454278],[10.068282,5.454352],[10.068449,5.454545],[10.068568,5.454688],[10.068649,5.454788],[10.068699,5.454874],[10.068736,5.454972],[10.068751,5.455047],[10.068771,5.455149],[10.06878,5.455275],[10.068757,5.455483],[10.068693,5.455688],[10.068671,5.455771],[10.06865,5.455856],[10.068622,5.455992],[10.068609,5.456101],[10.068603,5.456243],[10.068609,5.456475],[10.06866,5.456681],[10.068727,5.456841],[10.068809,5.456976],[10.068966,5.457217],[10.069113,5.457444],[10.069206,5.457629],[10.06933,5.457916],[10.069348,5.457957],[10.069429,5.458143],[10.069513,5.458326],[10.069537,5.458357],[10.069636,5.458483],[10.069758,5.458586],[10.069807,5.458608],[10.069961,5.458676],[10.070118,5.458736],[10.070222,5.458776],[10.070361,5.45884],[10.070436,5.458875],[10.070604,5.459],[10.070777,5.45914],[10.071017,5.459344],[10.071198,5.459458],[10.07137,5.459535],[10.071507,5.459573],[10.071645,5.459617],[10.07173,5.459637],[10.071831,5.459646],[10.071989,5.459657],[10.072271,5.459639],[10.072481,5.45962],[10.07271,5.459593],[10.072802,5.459581],[10.07292,5.459566],[10.073138,5.459556],[10.07334,5.459575],[10.073402,5.459593],[10.073494,5.459624],[10.073573,5.459658],[10.073674,5.459721],[10.07379,5.459814],[10.073858,5.459878],[10.073975,5.460003],[10.074115,5.460174],[10.074228,5.46032],[10.074268,5.460372],[10.074381,5.460532],[10.074399,5.460558],[10.074461,5.460675],[10.074506,5.46079],[10.074521,5.460889],[10.074534,5.461009],[10.074542,5.461212],[10.074522,5.461423],[10.074513,5.46155],[10.074514,5.461765],[10.074517,5.461785],[10.074554,5.462016],[10.07463,5.462232],[10.074744,5.462419],[10.074831,5.462538],[10.074956,5.462651],[10.075119,5.462777],[10.075172,5.462804],[10.075306,5.462872],[10.075389,5.462912],[10.075463,5.462949],[10.075652,5.463003],[10.076017,5.463096],[10.076093,5.463116],[10.076267,5.46316],[10.076393,5.463192],[10.076574,5.46324],[10.076772,5.463299],[10.076968,5.463353],[10.077176,5.46341],[10.077437,5.463484],[10.077733,5.46357],[10.078138,5.463679],[10.078564,5.463783],[10.078629,5.463796],[10.078699,5.463809],[10.078819,5.463817],[10.078906,5.463827],[10.079177,5.463852],[10.079369,5.46385],[10.079443,5.46385],[10.079568,5.46384],[10.07975,5.463827],[10.079998,5.463797],[10.080289,5.463765],[10.08039,5.463754],[10.080468,5.463743],[10.081096,5.463659],[10.081392,5.463605],[10.081568,5.463635],[10.081743,5.463617],[10.082003,5.46359],[10.082259,5.463579],[10.082533,5.463598],[10.082861,5.463646],[10.083096,5.463713],[10.083258,5.463771],[10.083376,5.46382],[10.083533,5.463887],[10.083824,5.46404],[10.084098,5.464254],[10.084313,5.464442],[10.084501,5.464616],[10.084844,5.464958],[10.085564,5.465698],[10.085714,5.465854],[10.086795,5.466986],[10.087334,5.467709],[10.087415,5.467818],[10.087451,5.467866],[10.08778,5.468685],[10.08784,5.468832],[10.088009,5.469298],[10.088218,5.469852],[10.088242,5.469916],[10.088282,5.470021],[10.088968,5.470597],[10.089379,5.470942],[10.090251,5.471683],[10.09041,5.471818],[10.090547,5.471934],[10.090637,5.472011],[10.09108,5.47242],[10.091325,5.472646],[10.09182,5.473346],[10.092115,5.474236],[10.092401,5.475113],[10.092535,5.475532],[10.092705,5.475999],[10.092873,5.476323],[10.093019,5.476529],[10.093057,5.476582],[10.093209,5.476762],[10.093222,5.476774],[10.093438,5.476971],[10.09381,5.47731],[10.094485,5.477901],[10.094677,5.47807],[10.094738,5.478123],[10.094805,5.478181],[10.095163,5.478507],[10.096395,5.479585],[10.096518,5.479693],[10.097508,5.480558],[10.097532,5.48058],[10.098577,5.481505],[10.098881,5.481779],[10.099235,5.48207],[10.099459,5.482254],[10.099464,5.482258],[10.099613,5.482375],[10.100004,5.482683],[10.100066,5.482727],[10.100229,5.482842],[10.100617,5.483048],[10.100942,5.48323],[10.101466,5.483468],[10.101902,5.483638],[10.102275,5.483757],[10.102733,5.483916],[10.103629,5.484229],[10.104195,5.484431],[10.104373,5.484494],[10.104955,5.484699],[10.105664,5.484932],[10.106005,5.48507],[10.106137,5.485112],[10.107377,5.485542],[10.108185,5.485819],[10.108865,5.486057],[10.108949,5.486086],[10.10912,5.486145],[10.109584,5.486306],[10.110232,5.486531],[10.110776,5.486725],[10.110824,5.486742],[10.110995,5.486801],[10.111701,5.487048],[10.112186,5.487224],[10.112526,5.487347],[10.11282,5.487454],[10.112865,5.48747],[10.113354,5.487645],[10.113717,5.487772],[10.113886,5.487831],[10.114228,5.487952],[10.114398,5.488012],[10.114585,5.488078],[10.115308,5.488311],[10.115996,5.488563],[10.116272,5.488668],[10.116287,5.488673],[10.116443,5.488728],[10.116804,5.488887],[10.117183,5.489044],[10.117759,5.489318],[10.118006,5.489451],[10.118077,5.48949],[10.118109,5.489508],[10.118333,5.489638],[10.119317,5.49009],[10.120031,5.490418],[10.120382,5.49058],[10.120411,5.490591],[10.120603,5.490678],[10.120851,5.490791],[10.12223,5.49145],[10.122691,5.491681],[10.122863,5.491763],[10.122922,5.491791],[10.123654,5.492144],[10.124247,5.49243],[10.124827,5.492687],[10.124906,5.492723],[10.125538,5.493009],[10.126017,5.493216],[10.126283,5.493319],[10.126551,5.493408],[10.126914,5.493527],[10.12718,5.493623],[10.127378,5.4937],[10.127666,5.493811],[10.128211,5.493998],[10.128712,5.494177],[10.128976,5.494286],[10.129125,5.494341],[10.129354,5.494414],[10.129542,5.494485],[10.130772,5.494913],[10.131032,5.495003],[10.131236,5.495075],[10.131351,5.495116],[10.131367,5.495121],[10.132015,5.495353],[10.132651,5.495588],[10.132899,5.495663],[10.133067,5.495715],[10.133461,5.495806],[10.133584,5.495829],[10.133762,5.495863],[10.133933,5.495895],[10.13431,5.495952],[10.134493,5.495968],[10.134799,5.495995],[10.135263,5.496015],[10.135613,5.496021],[10.136012,5.495983],[10.136474,5.495926],[10.136541,5.495917],[10.136738,5.495888],[10.136944,5.495858],[10.137282,5.495779],[10.137636,5.495664],[10.138007,5.495541],[10.138163,5.495496],[10.138218,5.495477],[10.138252,5.495466],[10.139795,5.494946],[10.140589,5.494664],[10.140648,5.494643],[10.141512,5.49435],[10.142501,5.493999],[10.143016,5.493827],[10.143067,5.49381],[10.143437,5.493671],[10.143678,5.49359],[10.14393,5.493506],[10.144164,5.493426],[10.144981,5.493148],[10.145428,5.492997],[10.145483,5.492981],[10.145782,5.492896],[10.146047,5.492837],[10.146344,5.492776],[10.146761,5.492726],[10.14688,5.492717],[10.147086,5.492701],[10.147426,5.492687],[10.147763,5.492707],[10.148055,5.492732],[10.148142,5.49275],[10.148408,5.492806],[10.148757,5.4929],[10.148843,5.492926],[10.149145,5.493017],[10.149242,5.493051],[10.149549,5.49316],[10.14981,5.493273],[10.150099,5.493424],[10.150213,5.493484],[10.150259,5.49351],[10.150602,5.493708],[10.151002,5.493974],[10.151389,5.494222],[10.151491,5.494296],[10.151771,5.494497],[10.152178,5.49474],[10.152428,5.494897],[10.152548,5.494978],[10.152652,5.495047],[10.152869,5.495142],[10.152917,5.495163],[10.153162,5.495254],[10.153381,5.495331],[10.153519,5.49538],[10.153572,5.495398],[10.153742,5.495452],[10.153834,5.495481],[10.154109,5.495539],[10.154178,5.495554],[10.154324,5.495586],[10.154463,5.495616],[10.154811,5.49569],[10.154847,5.495697],[10.15534,5.495809],[10.15545,5.495838],[10.15568,5.4959],[10.155866,5.495949],[10.155984,5.495974],[10.156512,5.4961],[10.156652,5.496133],[10.157047,5.49623],[10.157094,5.496242],[10.157259,5.496263],[10.157447,5.496287],[10.157756,5.496288],[10.157783,5.496288],[10.158029,5.496262],[10.158089,5.496256],[10.158369,5.496196],[10.158745,5.496084],[10.159235,5.495897],[10.159621,5.495719],[10.159997,5.495547],[10.160094,5.495503],[10.160527,5.495288],[10.160534,5.495285],[10.16088,5.495132],[10.161006,5.495062],[10.161209,5.494951],[10.161462,5.494783],[10.161677,5.494641],[10.16176,5.494585],[10.161778,5.494571],[10.162172,5.49425],[10.162525,5.493942],[10.162552,5.493919],[10.162647,5.493841],[10.163049,5.493509],[10.163266,5.493326],[10.163436,5.493181],[10.163755,5.492898],[10.163974,5.492722],[10.16448,5.492291],[10.164816,5.491999],[10.164896,5.49193],[10.164978,5.49186],[10.165107,5.491761],[10.16527,5.491635],[10.165536,5.491443],[10.165622,5.491389],[10.165834,5.491256],[10.16584,5.491252],[10.165999,5.491168],[10.166096,5.491117],[10.166342,5.490981],[10.166457,5.490927],[10.166727,5.490815],[10.166915,5.490742],[10.167205,5.49063],[10.167409,5.490551],[10.167442,5.490538],[10.167538,5.490497],[10.167684,5.490434],[10.167899,5.490331],[10.168245,5.490205],[10.168578,5.490085],[10.168598,5.490078],[10.168701,5.490044],[10.168936,5.489965],[10.169007,5.489938],[10.169229,5.489852],[10.169421,5.489777],[10.16997,5.489611],[10.16999,5.489604],[10.170118,5.489566],[10.170405,5.489481],[10.170437,5.489474],[10.170959,5.489359],[10.171404,5.489294],[10.171443,5.489291],[10.17171,5.48927],[10.17197,5.489249],[10.172215,5.489238],[10.172261,5.489239],[10.17252,5.48924],[10.172829,5.48924],[10.173033,5.489255],[10.173637,5.489259],[10.174252,5.489273],[10.174761,5.489293],[10.17485,5.489294],[10.175316,5.489303],[10.175516,5.489311],[10.176084,5.489333],[10.17677,5.489391],[10.177024,5.48941],[10.177157,5.48941],[10.177379,5.48941],[10.177512,5.48941],[10.178099,5.48943],[10.178807,5.489454],[10.179294,5.489455],[10.179504,5.489456],[10.179994,5.489459],[10.180064,5.489459],[10.180619,5.489487],[10.180808,5.489488],[10.181057,5.489489],[10.181283,5.489498],[10.181492,5.489506],[10.181833,5.48954],[10.181889,5.489549],[10.182055,5.489574],[10.182139,5.489587],[10.182415,5.489658],[10.182654,5.489722],[10.18289,5.489788],[10.183093,5.489847],[10.183115,5.489855],[10.183483,5.489991],[10.183487,5.489992],[10.183692,5.490091],[10.183838,5.490175],[10.184242,5.490373],[10.185018,5.490728],[10.185572,5.490987],[10.185626,5.491012],[10.185631,5.491014],[10.186034,5.491185],[10.186365,5.491297],[10.186684,5.491355],[10.186772,5.49136],[10.187199,5.491386],[10.187503,5.491359],[10.187553,5.491354],[10.187605,5.49135],[10.188082,5.491241],[10.188128,5.491231],[10.1882,5.491214],[10.188237,5.491206],[10.188258,5.491199],[10.188302,5.491186],[10.188373,5.491164],[10.188648,5.491081],[10.188822,5.491028],[10.189323,5.490875],[10.189654,5.490774],[10.190134,5.490652],[10.190178,5.49064],[10.190456,5.490564],[10.190748,5.490484],[10.191354,5.490317],[10.191773,5.490201],[10.192371,5.490035],[10.192817,5.48991],[10.193254,5.489787],[10.193621,5.489709],[10.193692,5.489694],[10.193949,5.48965],[10.194043,5.489634],[10.194259,5.489617],[10.194455,5.489601],[10.194722,5.489601],[10.195029,5.489632],[10.195589,5.489729],[10.196355,5.489917],[10.19672,5.490016],[10.196828,5.490046],[10.197387,5.490187],[10.197666,5.490251],[10.198061,5.490271],[10.198396,5.490279],[10.198603,5.490262],[10.198804,5.490246],[10.199172,5.49017],[10.199473,5.49007],[10.199707,5.489958],[10.199929,5.489826],[10.200237,5.489603],[10.200694,5.48926],[10.200924,5.489097],[10.201069,5.489006],[10.201876,5.488459],[10.202066,5.488322],[10.202216,5.488229],[10.202428,5.488118],[10.20272,5.487995],[10.202942,5.487896],[10.20305,5.487849],[10.203338,5.48774],[10.203866,5.487528],[10.204372,5.487351],[10.204813,5.487214],[10.204873,5.487197],[10.205424,5.487044],[10.205981,5.4869],[10.207096,5.486599],[10.207128,5.48659],[10.207192,5.48657],[10.207561,5.486451],[10.207818,5.486361],[10.208174,5.486236],[10.208237,5.48621],[10.208623,5.486048],[10.208861,5.485932],[10.209531,5.485606],[10.210404,5.485201],[10.210793,5.485062],[10.21093,5.485019],[10.211142,5.484954],[10.211621,5.484865],[10.211919,5.484841],[10.212312,5.484814],[10.212339,5.484812],[10.212985,5.484779],[10.213687,5.484733],[10.213799,5.484727],[10.214663,5.484685],[10.215038,5.484666],[10.215191,5.484671],[10.215223,5.484672],[10.215469,5.484686],[10.215599,5.484706],[10.215751,5.484737],[10.215924,5.484778],[10.216072,5.484832],[10.216396,5.484934],[10.2169,5.485115],[10.217749,5.48543],[10.217801,5.48545],[10.218142,5.485586],[10.218361,5.48569],[10.218505,5.485768],[10.21867,5.485867],[10.218809,5.485971],[10.218928,5.486066],[10.21902,5.486168],[10.219104,5.486259],[10.219189,5.486372],[10.219309,5.486567],[10.219409,5.486763],[10.219494,5.486965],[10.219545,5.487118],[10.219565,5.487177],[10.219592,5.487292],[10.219627,5.487445],[10.219892,5.48884],[10.219952,5.489162],[10.22015,5.490224],[10.220203,5.490507],[10.220236,5.490684],[10.220389,5.491497],[10.220414,5.491631],[10.220445,5.491742],[10.220487,5.491896],[10.220494,5.491915],[10.22056,5.492083],[10.220561,5.492084],[10.220647,5.492308],[10.220776,5.49254],[10.220924,5.492767],[10.221111,5.492991],[10.2213,5.493174],[10.221473,5.493323],[10.221645,5.493439],[10.221949,5.493618],[10.222146,5.493706],[10.22231,5.493776],[10.222815,5.493917],[10.2233,5.493987],[10.223774,5.494045],[10.224094,5.494091],[10.224201,5.494107],[10.224273,5.494117],[10.22438,5.494133],[10.224822,5.494197],[10.225311,5.494266],[10.225767,5.494345],[10.226011,5.494399],[10.226054,5.494414],[10.226222,5.494469],[10.226225,5.49447],[10.226398,5.494524],[10.226513,5.494561],[10.22657,5.494579],[10.226794,5.49465],[10.227006,5.49475],[10.227174,5.494829],[10.227472,5.494989],[10.22755,5.495035],[10.227706,5.495125],[10.227862,5.495216],[10.227884,5.495229],[10.228252,5.495476],[10.228257,5.495479],[10.22831,5.495519],[10.228601,5.495733],[10.228746,5.49584],[10.228891,5.495947],[10.229096,5.496098],[10.22927,5.496223],[10.229769,5.49658],[10.229797,5.4966],[10.229916,5.496684],[10.230434,5.49705],[10.230931,5.497409],[10.231089,5.497526],[10.231374,5.497737],[10.231578,5.49788],[10.231872,5.498087],[10.231927,5.498125],[10.232497,5.498532],[10.233078,5.498971],[10.233328,5.499152],[10.233474,5.499258],[10.233621,5.499364],[10.233659,5.499388],[10.233872,5.499523],[10.233927,5.499554],[10.234114,5.499658],[10.234369,5.499799],[10.234587,5.499898],[10.234969,5.500068],[10.235055,5.500107],[10.235105,5.500125],[10.235494,5.500268],[10.235919,5.500402],[10.236213,5.500476],[10.236308,5.5005],[10.236364,5.500514],[10.236831,5.500589],[10.237178,5.500649],[10.237381,5.500662],[10.238045,5.500697],[10.238184,5.500704],[10.238572,5.500723],[10.238786,5.500743],[10.239062,5.500765],[10.239155,5.500781],[10.239507,5.500843],[10.239705,5.500882],[10.239836,5.500908],[10.240143,5.500987],[10.240788,5.501091],[10.241135,5.501142],[10.241292,5.501155],[10.241444,5.501167],[10.241714,5.501185],[10.242082,5.501173],[10.242228,5.501143],[10.242456,5.501096],[10.242776,5.50101],[10.24295,5.500944],[10.243341,5.500796],[10.243508,5.500731],[10.243811,5.500612],[10.244183,5.50048],[10.244595,5.500324],[10.244937,5.500203],[10.245219,5.500133],[10.245272,5.500123],[10.245376,5.500103],[10.245441,5.50009],[10.24585,5.500012],[10.246337,5.499926],[10.246594,5.499875],[10.246929,5.499809],[10.247104,5.499774],[10.247751,5.499657],[10.248088,5.499586],[10.248394,5.499524],[10.248423,5.499518],[10.248751,5.499423],[10.248793,5.499411],[10.249304,5.499244],[10.24942,5.499195],[10.249539,5.499144],[10.24977,5.49904],[10.250267,5.498839],[10.250815,5.498602],[10.251441,5.498332],[10.251807,5.498169],[10.251945,5.498108],[10.251974,5.498095],[10.252033,5.498065],[10.252069,5.498047],[10.252287,5.497937],[10.252508,5.497806],[10.252883,5.497579],[10.253167,5.497384],[10.253335,5.497251],[10.253555,5.497075],[10.253673,5.496974],[10.253716,5.496937],[10.253817,5.496851],[10.253851,5.496821],[10.25416,5.496549],[10.254317,5.496431],[10.254449,5.496331],[10.254793,5.496105],[10.25505,5.495956],[10.255135,5.495912],[10.255313,5.495821],[10.25562,5.495689],[10.255865,5.495614],[10.256116,5.495533],[10.256152,5.495521],[10.256344,5.495473],[10.256786,5.495388],[10.257934,5.495162],[10.257956,5.495157],[10.258037,5.495141],[10.258544,5.495031],[10.259194,5.494843],[10.259421,5.494761],[10.259656,5.494666],[10.260069,5.49445],[10.260106,5.49443],[10.260225,5.494359],[10.260282,5.494324],[10.260427,5.494236],[10.260527,5.494172],[10.26086,5.493958],[10.261384,5.493627],[10.262023,5.493215],[10.262469,5.492942],[10.262678,5.492813],[10.263158,5.492458],[10.263334,5.492303],[10.263441,5.492218],[10.263517,5.49212],[10.263649,5.49198],[10.26378,5.491815],[10.263894,5.491656],[10.263999,5.4915],[10.264098,5.491344],[10.264183,5.491162],[10.264288,5.490916],[10.264361,5.49075],[10.26443,5.49059],[10.264432,5.490585],[10.264533,5.490341],[10.264641,5.490077],[10.264728,5.489888],[10.264812,5.489725],[10.264909,5.48956],[10.265045,5.489362],[10.265238,5.489131],[10.265455,5.488914],[10.265687,5.488707],[10.265943,5.488491],[10.266042,5.488409],[10.26642,5.488096],[10.266887,5.487704],[10.267039,5.487584],[10.269576,5.485464],[10.270555,5.484646],[10.270668,5.484552],[10.271263,5.484059],[10.271416,5.483931],[10.272039,5.483411],[10.27268,5.48287],[10.272871,5.48271],[10.273394,5.482274],[10.273807,5.48193],[10.274161,5.481636],[10.274379,5.481454],[10.274532,5.481326],[10.2753,5.480685],[10.275513,5.480506],[10.275875,5.480204],[10.27691,5.479344],[10.27721,5.479094],[10.27734,5.478985],[10.277453,5.47889],[10.278049,5.478392],[10.279021,5.477576],[10.279054,5.47755],[10.279282,5.477365],[10.27944,5.477214],[10.279663,5.477048],[10.27988,5.476909],[10.280125,5.476777],[10.280231,5.476716],[10.280314,5.476668],[10.280393,5.476635],[10.28054,5.476574],[10.28056,5.476567],[10.280776,5.476492],[10.281066,5.476412],[10.281434,5.476347],[10.28157,5.476322],[10.281612,5.476317],[10.281791,5.476295],[10.281971,5.476273],[10.28215,5.476252],[10.282329,5.47623],[10.282482,5.476211],[10.283165,5.476142],[10.283565,5.476096],[10.283782,5.476045],[10.284048,5.475974],[10.284265,5.475901],[10.284281,5.475894],[10.284553,5.475783],[10.284882,5.475613],[10.284932,5.475584],[10.285173,5.475443],[10.285449,5.475238],[10.285767,5.474974],[10.286043,5.474716],[10.286399,5.474397],[10.286467,5.474335],[10.286654,5.474166],[10.286773,5.47407],[10.286925,5.473947],[10.287115,5.473821],[10.28731,5.473713],[10.28754,5.473591],[10.287824,5.473488],[10.2881,5.473424],[10.288426,5.473375],[10.288719,5.473364],[10.288771,5.473367],[10.288951,5.473376],[10.289042,5.47338],[10.289349,5.473445],[10.289683,5.473538],[10.290249,5.473741],[10.290983,5.474007],[10.291,5.474014],[10.291876,5.474333],[10.292238,5.474464],[10.292489,5.47456],[10.292713,5.474635],[10.292977,5.474708],[10.293226,5.474747],[10.293491,5.474768],[10.293765,5.474769],[10.294126,5.47475],[10.294132,5.47475],[10.294673,5.474644],[10.294793,5.474621],[10.295044,5.474574],[10.295255,5.47453],[10.29544,5.474507],[10.295589,5.474491],[10.295674,5.474482],[10.295979,5.474486],[10.296046,5.474495],[10.296129,5.474506],[10.296171,5.474512],[10.296305,5.474548],[10.296425,5.474579],[10.296819,5.474737],[10.296959,5.474806],[10.29716,5.474906],[10.297457,5.475094],[10.297995,5.475436],[10.298295,5.475626],[10.298654,5.475819],[10.298692,5.47584],[10.298848,5.4759],[10.298943,5.475937],[10.299199,5.476008],[10.299411,5.476059],[10.299583,5.476085],[10.299805,5.476108],[10.299832,5.476109],[10.29986,5.476112],[10.300418,5.476112],[10.300544,5.476107],[10.301311,5.476079],[10.301855,5.476059],[10.302143,5.476064],[10.302215,5.476069],[10.302509,5.476084],[10.302526,5.476085],[10.302744,5.476126],[10.302842,5.476144],[10.303336,5.476283],[10.303998,5.476552],[10.30404,5.476569],[10.304431,5.476727],[10.304586,5.47679],[10.304654,5.476819],[10.304758,5.476862],[10.305224,5.477057],[10.305235,5.477063],[10.305642,5.477292],[10.30604,5.477543],[10.306187,5.477642],[10.306238,5.477677],[10.306522,5.477869],[10.306978,5.478179],[10.307402,5.47851],[10.307719,5.478771],[10.307777,5.478834],[10.308142,5.479225],[10.30838,5.479519],[10.308548,5.479825],[10.308697,5.480159],[10.308814,5.480473],[10.308874,5.480696],[10.308915,5.480895],[10.308956,5.481165],[10.308963,5.48142],[10.308963,5.481583],[10.308963,5.48193],[10.308963,5.481949],[10.308934,5.482253],[10.308915,5.482462],[10.308909,5.48252],[10.308889,5.482737],[10.308851,5.482976],[10.308786,5.48338],[10.308741,5.483723],[10.308735,5.483769],[10.308687,5.484131],[10.308647,5.484433],[10.308639,5.484498],[10.308611,5.484722],[10.30852,5.485445],[10.308471,5.485834],[10.308443,5.486079],[10.308406,5.486542],[10.308395,5.486685],[10.308384,5.486813],[10.308388,5.486881],[10.308405,5.487192],[10.308459,5.487491],[10.308512,5.487833],[10.308647,5.488218],[10.308781,5.488495],[10.308963,5.488842],[10.309162,5.489125],[10.309406,5.489409],[10.309558,5.489585],[10.309868,5.489844],[10.310073,5.490017],[10.310106,5.490045],[10.310342,5.490247],[10.310419,5.49031],[10.310674,5.490517],[10.311134,5.490889],[10.31127,5.491],[10.311558,5.491252],[10.311983,5.491608],[10.312113,5.491738],[10.312214,5.491838],[10.312541,5.49218],[10.31282,5.492505],[10.313386,5.493216],[10.313447,5.493292],[10.313707,5.493608],[10.314265,5.494318],[10.314553,5.494684],[10.314785,5.494993],[10.314978,5.495251],[10.315202,5.495549],[10.315701,5.496185],[10.316177,5.49678],[10.316387,5.497044],[10.316405,5.497067],[10.316487,5.497172],[10.31723,5.498118],[10.31783,5.498881],[10.317914,5.498998],[10.318158,5.49934],[10.318204,5.499419],[10.318388,5.49973],[10.318614,5.500179],[10.318877,5.500734],[10.318898,5.500789],[10.319043,5.50115],[10.319204,5.501524],[10.319284,5.50169],[10.319305,5.501734],[10.319415,5.501964],[10.319445,5.502026],[10.319745,5.502539],[10.320078,5.503039],[10.320227,5.503278],[10.320346,5.503491],[10.320468,5.503734],[10.32055,5.503895],[10.320614,5.504031],[10.320749,5.504317],[10.320904,5.504755],[10.32106,5.505257],[10.321076,5.50532],[10.321398,5.506592],[10.321525,5.507078],[10.321539,5.507133],[10.321573,5.50726],[10.32172,5.507921],[10.321881,5.508482],[10.322074,5.50893],[10.322092,5.508957],[10.322364,5.509352],[10.322624,5.509619],[10.322696,5.509694],[10.322826,5.509787],[10.323163,5.51003],[10.323484,5.510204],[10.323866,5.510409],[10.324328,5.510634],[10.324794,5.510927],[10.325207,5.511216],[10.325478,5.511445],[10.325513,5.511488],[10.325937,5.511931],[10.326207,5.512243],[10.326272,5.512318],[10.327122,5.513298],[10.32717,5.513354],[10.327428,5.513654],[10.327545,5.513791],[10.328134,5.514477],[10.328447,5.514841],[10.328708,5.515167],[10.328806,5.51529],[10.329332,5.515818],[10.329665,5.516081],[10.329799,5.516187],[10.330298,5.516449],[10.331289,5.516822],[10.331814,5.517],[10.331964,5.517051],[10.331985,5.517059],[10.332154,5.517121],[10.33311,5.517473],[10.334009,5.5178],[10.334055,5.517817],[10.334715,5.518055],[10.334853,5.518111],[10.335079,5.518212],[10.335308,5.518337],[10.335335,5.518352],[10.335682,5.518566],[10.335907,5.518737],[10.33602,5.518823],[10.336163,5.518988],[10.336281,5.519125],[10.336452,5.519322],[10.336517,5.519398],[10.337099,5.520085],[10.337269,5.520285],[10.337755,5.520863],[10.338034,5.521182],[10.338066,5.521217],[10.338441,5.521656],[10.338673,5.521934],[10.338827,5.52212],[10.339412,5.522824],[10.339854,5.52334],[10.339904,5.523397],[10.33997,5.523478],[10.340262,5.523831],[10.340516,5.52413],[10.340597,5.524219],[10.340666,5.524279],[10.340727,5.524321],[10.340839,5.524378],[10.341095,5.523982],[10.341162,5.523868],[10.341205,5.523795],[10.341326,5.523544],[10.341495,5.523171],[10.341537,5.523081],[10.341778,5.522553],[10.341907,5.522258],[10.341995,5.522075],[10.342017,5.52203],[10.342139,5.521818],[10.342259,5.521621],[10.342373,5.521457],[10.342387,5.521438],[10.342489,5.521305],[10.342648,5.521128],[10.34278,5.520998],[10.342948,5.520843],[10.343059,5.520752],[10.343258,5.520591],[10.343503,5.520439],[10.343667,5.520346],[10.343853,5.520255],[10.344116,5.520165],[10.344258,5.520123],[10.344481,5.520065],[10.344662,5.520036],[10.344999,5.519999],[10.345165,5.51998],[10.345826,5.51994],[10.346219,5.519908],[10.346619,5.519882],[10.346829,5.51985],[10.347105,5.519806],[10.347424,5.519723],[10.347741,5.519625],[10.347887,5.519595],[10.348054,5.519565],[10.348259,5.51954],[10.348418,5.519532],[10.348593,5.519529],[10.348798,5.519553],[10.348952,5.519581],[10.349158,5.519631],[10.349331,5.519698],[10.349516,5.519789],[10.350033,5.520025],[10.350278,5.520123],[10.350351,5.52015],[10.350442,5.520183],[10.350524,5.520202],[10.350556,5.52021],[10.350752,5.520239],[10.35089,5.520245],[10.350979,5.520249],[10.351063,5.520249],[10.351091,5.520249],[10.351214,5.520241],[10.351243,5.520236],[10.351353,5.520219],[10.351495,5.520197],[10.351666,5.520138],[10.351826,5.520075],[10.352033,5.519974],[10.352315,5.519804],[10.352602,5.519628],[10.352649,5.519599],[10.352836,5.519495],[10.353096,5.519373],[10.353253,5.519314],[10.353504,5.519221],[10.353832,5.519107],[10.354045,5.519031],[10.354782,5.518769],[10.354949,5.518713],[10.355109,5.518652],[10.355292,5.518571],[10.355435,5.518502],[10.355715,5.518358],[10.35611,5.518127],[10.356417,5.51794],[10.357194,5.517469],[10.357311,5.517399],[10.357466,5.517307],[10.357776,5.517122],[10.35793,5.517028],[10.357977,5.516999],[10.358051,5.516954],[10.358085,5.516934],[10.358384,5.516753],[10.358576,5.516648],[10.358732,5.516578],[10.358928,5.516493],[10.359094,5.516424],[10.359328,5.516331],[10.359536,5.516259],[10.359778,5.516186],[10.360027,5.516107],[10.360233,5.516039],[10.360634,5.515897],[10.36067,5.515884],[10.360874,5.51583],[10.361053,5.515796],[10.361198,5.515777],[10.361315,5.515764],[10.361441,5.515754],[10.361577,5.515754],[10.361711,5.515762],[10.361887,5.515782],[10.362223,5.515844],[10.362239,5.515846],[10.362247,5.515848],[10.362677,5.515919],[10.362985,5.515981],[10.36303,5.515989],[10.363203,5.516023],[10.363334,5.51604],[10.363456,5.516051],[10.363556,5.51605],[10.363645,5.516047],[10.363831,5.516031],[10.364059,5.515999],[10.364196,5.51597],[10.364316,5.515935],[10.364429,5.515898],[10.364531,5.515856],[10.364769,5.51575],[10.364944,5.515658],[10.365036,5.515603],[10.365182,5.515498],[10.36533,5.515374],[10.365371,5.515339],[10.365644,5.515103],[10.365911,5.514848],[10.366182,5.514583],[10.366416,5.514343],[10.366553,5.514196],[10.366666,5.514063],[10.366967,5.513693],[10.36738,5.513152],[10.367524,5.51296],[10.367771,5.512621],[10.367961,5.512373],[10.368067,5.512242],[10.368181,5.512102],[10.368192,5.512088],[10.368324,5.511942],[10.36845,5.51182],[10.368592,5.51169],[10.368725,5.511578],[10.368869,5.511472],[10.369081,5.511338],[10.36993,5.510796],[10.371485,5.509836],[10.372275,5.509335],[10.37269,5.509069],[10.372834,5.508983],[10.372982,5.508898],[10.373095,5.508839],[10.373363,5.508706],[10.373935,5.508426],[10.374063,5.50837],[10.374716,5.508133],[10.375455,5.507837],[10.37553,5.507808],[10.375698,5.507743],[10.376311,5.507505],[10.377033,5.50721],[10.37757,5.50697],[10.37777,5.506869],[10.377971,5.506746],[10.378305,5.506517],[10.378603,5.506296],[10.379175,5.505843],[10.379317,5.505721],[10.380468,5.504735],[10.38062,5.504603],[10.381559,5.503793],[10.382163,5.50328],[10.382334,5.503139],[10.382501,5.503023],[10.382591,5.502961],[10.382608,5.502949],[10.38271,5.502883],[10.382767,5.502849],[10.383023,5.5027],[10.383401,5.502508],[10.383942,5.502267],[10.384028,5.50223],[10.38465,5.501967],[10.384757,5.501926],[10.384966,5.50184],[10.386643,5.501141],[10.387447,5.500791],[10.387758,5.50064],[10.387792,5.500623],[10.387906,5.500565],[10.388197,5.500397],[10.388862,5.499968],[10.389277,5.499703],[10.389749,5.499418],[10.389776,5.499404],[10.389919,5.499331],[10.390029,5.499274],[10.390108,5.499243],[10.390376,5.499143],[10.390995,5.49896],[10.391348,5.498868],[10.391926,5.498693],[10.392347,5.498579],[10.392696,5.49848],[10.39337,5.498294],[10.393807,5.498164],[10.394143,5.498068],[10.394202,5.498052],[10.394748,5.497893],[10.395338,5.497725],[10.395539,5.497668],[10.395744,5.497601],[10.395922,5.497535],[10.396099,5.497464],[10.396341,5.497352],[10.396796,5.497113],[10.39687,5.497074],[10.397087,5.496956],[10.397279,5.496837],[10.397459,5.496708],[10.397642,5.496573],[10.398154,5.496146],[10.398196,5.496109],[10.398699,5.495609],[10.399254,5.495057],[10.399386,5.494926],[10.399821,5.494502],[10.400341,5.493981],[10.400525,5.493796],[10.400941,5.493385],[10.401295,5.493033],[10.401546,5.492784],[10.401609,5.492722],[10.401792,5.492537],[10.401873,5.492462],[10.40301,5.49134],[10.403849,5.490547],[10.403882,5.490515],[10.403938,5.490461],[10.404429,5.490009],[10.404648,5.489814],[10.404994,5.489485],[10.405569,5.48894],[10.405785,5.488715],[10.405794,5.488683],[10.405807,5.488656],[10.405831,5.488619],[10.405884,5.488556],[10.405943,5.488494],[10.406062,5.488393],[10.406264,5.488233],[10.406486,5.488073],[10.406612,5.487987],[10.406917,5.487801],[10.406926,5.487796],[10.407328,5.487564],[10.407511,5.487452],[10.407676,5.487351],[10.407896,5.487209],[10.408035,5.487112],[10.408145,5.487031],[10.408403,5.486832],[10.409061,5.486283],[10.409084,5.486268],[10.409246,5.486133],[10.409337,5.486038],[10.409409,5.485963],[10.410222,5.484967],[10.410366,5.484795],[10.41037,5.48479],[10.410707,5.484345],[10.411057,5.483847],[10.4111,5.483785],[10.411606,5.483062],[10.411645,5.483004],[10.412058,5.482421],[10.412375,5.481974],[10.412869,5.481297],[10.413233,5.4808],[10.413237,5.480795],[10.413253,5.480765],[10.413284,5.480718],[10.413335,5.480659],[10.413359,5.480641],[10.413375,5.480631],[10.413387,5.480628],[10.413404,5.480628],[10.413426,5.480634],[10.41375,5.480195],[10.413827,5.480096],[10.41391,5.479995],[10.414033,5.479874],[10.414198,5.479718],[10.415178,5.478832],[10.415381,5.478716],[10.416222,5.478238],[10.41748,5.477565],[10.417479,5.477563],[10.417478,5.477559],[10.417477,5.477556],[10.417477,5.477553],[10.417476,5.477549],[10.417476,5.477546],[10.417475,5.477543],[10.417475,5.477539],[10.417475,5.477536],[10.417475,5.477532],[10.417475,5.477529],[10.417476,5.477526],[10.417476,5.477522],[10.417477,5.477519],[10.417478,5.477516],[10.417479,5.477512],[10.41748,5.477509],[10.417481,5.477506],[10.417482,5.477503],[10.417483,5.4775],[10.417485,5.477496],[10.417487,5.477493],[10.417488,5.477491],[10.41749,5.477488],[10.417492,5.477485],[10.417494,5.477482],[10.417496,5.47748],[10.417499,5.477477],[10.417501,5.477475],[10.417504,5.477472],[10.417506,5.47747],[10.417509,5.477468],[10.417512,5.477466],[10.417514,5.477464],[10.417517,5.477462],[10.41752,5.47746],[10.417523,5.477459],[10.417526,5.477457],[10.417531,5.477455],[10.417536,5.477454],[10.417539,5.477453],[10.417542,5.477452],[10.417546,5.477451],[10.417549,5.47745],[10.417553,5.47745],[10.417556,5.47745],[10.417559,5.477449],[10.417563,5.477449],[10.417566,5.477449],[10.41757,5.477449],[10.417573,5.47745],[10.417577,5.47745],[10.41758,5.477451],[10.417583,5.477451],[10.417587,5.477452],[10.41759,5.477453],[10.417593,5.477455],[10.417597,5.477456],[10.4176,5.477457],[10.417603,5.477459],[10.417606,5.47746],[10.417609,5.477462],[10.417612,5.477464],[10.417615,5.477466],[10.417617,5.477468],[10.41762,5.47747],[10.417623,5.477472],[10.417625,5.477474],[10.417628,5.477477],[10.41763,5.477479],[10.417632,5.477482],[10.417634,5.477484],[10.417637,5.477489],[10.417639,5.477492],[10.417641,5.477494],[10.417642,5.477497],[10.417644,5.4775],[10.417645,5.477503],[10.417646,5.477506],[10.417647,5.47751],[10.417648,5.477513],[10.417649,5.477516],[10.41765,5.477519],[10.41765,5.477523],[10.417651,5.477526],[10.417651,5.47753],[10.417651,5.477533],[10.417651,5.477536],[10.417651,5.477539],[10.417651,5.477543],[10.417651,5.477546],[10.41765,5.47755],[10.417649,5.477553],[10.417649,5.477556],[10.417648,5.477559],[10.417647,5.477563],[10.417646,5.477566],[10.417644,5.477569],[10.417643,5.477572],[10.417641,5.477575],[10.41764,5.477578],[10.417638,5.477581],[10.417636,5.477584],[10.417634,5.477586],[10.417778,5.477775],[10.417798,5.477813],[10.41782,5.477882],[10.418685,5.47858],[10.419319,5.479186],[10.419456,5.479316],[10.419467,5.479303],[10.41948,5.479291],[10.419495,5.479281],[10.419513,5.479275],[10.419697,5.479321],[10.419742,5.47934],[10.419765,5.479354],[10.419779,5.479367],[10.419794,5.47939],[10.419805,5.479412],[10.419811,5.479454],[10.41981,5.479492],[10.42026,5.47957],[10.420388,5.479589],[10.420585,5.479618],[10.421163,5.479679],[10.421505,5.479723],[10.422154,5.479805],[10.422488,5.479844],[10.422578,5.479854],[10.42279,5.479876],[10.423215,5.479915],[10.423348,5.479927],[10.423758,5.479976],[10.423944,5.480011],[10.424132,5.480051],[10.424274,5.480085],[10.424466,5.480138],[10.424573,5.480168],[10.42476,5.480226],[10.424893,5.480271],[10.42508,5.480353],[10.42509,5.480356],[10.425251,5.480432],[10.425331,5.480472],[10.425443,5.480537],[10.425978,5.480878],[10.426796,5.481398],[10.426883,5.48145],[10.426961,5.481489],[10.427107,5.481549],[10.427134,5.48156]]}},{"type":"Feature","properties":{"rank":1,"summary":"N3 et N5","distance_m":250834,"distance_text":"251 km","duration_s":22238,"duration_text":"6 h 11 min","duration_traffic_s":23641,"duration_traffic_text":"6 h 34 min","duration_min_s":22766,"duration_max_s":25525,"duration_range_text":"6 h 19 min à 7 h 5 min","point_count":8770},"geometry":{"type":"LineString","coordinates":[[9.714281,4.070861],[9.714252,4.070832],[9.714005,4.070613],[9.71353,4.07021],[9.713475,4.070162],[9.712779,4.069565],[9.71249,4.069312],[9.712246,4.069102],[9.711957,4.06885],[9.711685,4.068615],[9.711369,4.068336],[9.711002,4.068026],[9.710432,4.067535],[9.710318,4.067441],[9.710194,4.067329],[9.709879,4.06705],[9.709518,4.066729],[9.709279,4.066522],[9.709213,4.066467],[9.708909,4.066186],[9.70855,4.065838],[9.708386,4.065696],[9.708234,4.065563],[9.708218,4.065549],[9.708099,4.065445],[9.707988,4.065343],[9.707953,4.065309],[9.707918,4.065273],[9.707876,4.065228],[9.707757,4.065082],[9.707718,4.065033],[9.707569,4.064941],[9.707477,4.06484],[9.70739,4.064747],[9.707389,4.064747],[9.707265,4.064624],[9.707146,4.064517],[9.707035,4.06442],[9.706972,4.064452],[9.706936,4.064463],[9.706899,4.064469],[9.706862,4.06447],[9.706825,4.064466],[9.706789,4.064458],[9.706754,4.064445],[9.706723,4.064428],[9.70655,4.064611],[9.706407,4.064731],[9.706351,4.064789],[9.706196,4.064895],[9.706158,4.064939],[9.705963,4.06517],[9.705847,4.065308],[9.705662,4.065527],[9.705492,4.065723],[9.70544,4.065783],[9.705323,4.06592],[9.705223,4.066054],[9.704995,4.06633],[9.704885,4.066444],[9.70476,4.066574],[9.704726,4.066609],[9.704216,4.067046],[9.704061,4.06724],[9.70405,4.067249],[9.703823,4.067426],[9.703713,4.067512],[9.703275,4.067824],[9.702972,4.068058],[9.702913,4.068104],[9.702799,4.068193],[9.702661,4.068301],[9.70235,4.06858],[9.702092,4.068795],[9.701669,4.069199],[9.701448,4.06939],[9.701379,4.069454],[9.700266,4.070491],[9.699976,4.070772],[9.699776,4.07099],[9.699592,4.071144],[9.699461,4.071248],[9.699267,4.071389],[9.699049,4.071531],[9.698728,4.071722],[9.698497,4.071843],[9.698252,4.071958],[9.698032,4.072046],[9.697892,4.072097],[9.697709,4.072163],[9.697412,4.072246],[9.697207,4.072295],[9.696935,4.072348],[9.696521,4.072405],[9.695962,4.072437],[9.69542,4.072445],[9.69494,4.072433],[9.694619,4.072415],[9.694136,4.072358],[9.693691,4.072288],[9.693349,4.07222],[9.693276,4.072202],[9.693101,4.072158],[9.692986,4.07213],[9.692526,4.071988],[9.692412,4.071947],[9.691905,4.071759],[9.691901,4.071758],[9.691311,4.071528],[9.690403,4.071146],[9.689905,4.070935],[9.689761,4.070873],[9.689496,4.070758],[9.689241,4.070674],[9.68888,4.070563],[9.688303,4.070389],[9.687473,4.070182],[9.686884,4.070035],[9.68678,4.070008],[9.686628,4.069981],[9.686398,4.069937],[9.686168,4.069903],[9.685849,4.069872],[9.685479,4.06989],[9.685471,4.069903],[9.68546,4.06992],[9.685447,4.069935],[9.685426,4.069954],[9.685414,4.069964],[9.685397,4.069975],[9.685379,4.069984],[9.68536,4.069992],[9.685341,4.069998],[9.685321,4.070002],[9.685301,4.070004],[9.68528,4.070004],[9.68526,4.070002],[9.68524,4.069998],[9.685229,4.069994],[9.685204,4.069986],[9.685188,4.069979],[9.685173,4.06997],[9.685159,4.06996],[9.685145,4.069949],[9.685133,4.069936],[9.685121,4.069923],[9.685096,4.069885],[9.684972,4.069856],[9.684873,4.069844],[9.684711,4.069844],[9.684401,4.069862],[9.684106,4.069902],[9.683766,4.069967],[9.683146,4.070123],[9.682902,4.070182],[9.681687,4.07048],[9.681354,4.070556],[9.680298,4.070811],[9.680027,4.070877],[9.679427,4.071013],[9.67834,4.07127],[9.677497,4.07147],[9.677389,4.071495],[9.677331,4.071515],[9.677164,4.071583],[9.677162,4.071592],[9.677155,4.071608],[9.677138,4.07163],[9.677115,4.071649],[9.677103,4.071656],[9.677094,4.071662],[9.677084,4.071668],[9.677074,4.071673],[9.677064,4.071676],[9.677053,4.07168],[9.677042,4.071682],[9.677031,4.071684],[9.67702,4.071685],[9.677009,4.071686],[9.676999,4.071686],[9.676988,4.071684],[9.676977,4.071683],[9.676967,4.07168],[9.676956,4.071677],[9.676952,4.071675],[9.676947,4.071673],[9.676939,4.071669],[9.676929,4.071662],[9.67681,4.071646],[9.676741,4.071649],[9.676673,4.071655],[9.67658,4.07167],[9.676404,4.071714],[9.676159,4.071764],[9.675972,4.071807],[9.675781,4.071866],[9.675477,4.071969],[9.675292,4.072056],[9.675027,4.072207],[9.674749,4.072409],[9.674389,4.072706],[9.673093,4.073745],[9.672211,4.074478],[9.671762,4.074834],[9.671527,4.075076],[9.67153,4.075086],[9.671531,4.075095],[9.671533,4.075104],[9.671534,4.075114],[9.671534,4.075123],[9.671533,4.075132],[9.671532,4.075142],[9.671531,4.075151],[9.671528,4.07516],[9.671526,4.075169],[9.671522,4.075178],[9.671518,4.075187],[9.671514,4.075195],[9.671509,4.075203],[9.671503,4.07521],[9.671497,4.075217],[9.671491,4.075224],[9.671484,4.075231],[9.671476,4.075237],[9.671469,4.075242],[9.671461,4.075247],[9.671452,4.075252],[9.671444,4.075255],[9.671435,4.075259],[9.671426,4.075261],[9.671417,4.075264],[9.671408,4.075265],[9.671398,4.075266],[9.671389,4.075266],[9.671379,4.075266],[9.67137,4.075265],[9.671361,4.075264],[9.671351,4.075262],[9.671342,4.075259],[9.671333,4.075256],[9.671325,4.075252],[9.671316,4.075248],[9.671308,4.075243],[9.671117,4.075367],[9.670432,4.075971],[9.670288,4.076091],[9.669539,4.076698],[9.668739,4.077319],[9.668558,4.077453],[9.66835,4.077593],[9.667676,4.078115],[9.66653,4.079086],[9.664706,4.080592],[9.664183,4.08101],[9.664015,4.081129],[9.66392,4.081174],[9.663499,4.081526],[9.663251,4.081753],[9.663237,4.081766],[9.662877,4.082113],[9.662586,4.082393],[9.662036,4.083159],[9.661893,4.083351],[9.661896,4.083353],[9.661902,4.083358],[9.661907,4.083364],[9.661913,4.08337],[9.661918,4.083376],[9.661922,4.083383],[9.661926,4.08339],[9.66193,4.083397],[9.661933,4.083404],[9.661938,4.083418],[9.661941,4.083425],[9.661942,4.083433],[9.661944,4.083441],[9.661945,4.083449],[9.661945,4.083457],[9.661945,4.083465],[9.661945,4.083473],[9.661943,4.083481],[9.661942,4.083489],[9.66194,4.083497],[9.661937,4.083505],[9.661934,4.083512],[9.661931,4.083519],[9.661927,4.083526],[9.661923,4.083533],[9.661918,4.08354],[9.661913,4.083546],[9.661908,4.083552],[9.661902,4.083558],[9.661896,4.083563],[9.66189,4.083568],[9.661883,4.083572],[9.661876,4.083576],[9.661869,4.08358],[9.661862,4.083583],[9.661854,4.083586],[9.661847,4.083588],[9.661839,4.08359],[9.661831,4.083591],[9.661816,4.083593],[9.661722,4.083738],[9.661682,4.0838],[9.661629,4.083891],[9.661594,4.083961],[9.661533,4.084089],[9.66137,4.084531],[9.661312,4.084741],[9.661265,4.084919],[9.661202,4.085181],[9.661173,4.085407],[9.661159,4.085623],[9.661142,4.08587],[9.661137,4.086013],[9.661137,4.086156],[9.661148,4.086309],[9.66117,4.086515],[9.661181,4.08677],[9.661183,4.086949],[9.66119,4.087167],[9.661196,4.087286],[9.661206,4.087363],[9.661219,4.08747],[9.661225,4.087513],[9.661197,4.087553],[9.661183,4.087571],[9.661154,4.087643],[9.661156,4.087726],[9.661178,4.088271],[9.661178,4.088275],[9.661189,4.088706],[9.661187,4.088865],[9.661183,4.08899],[9.661182,4.088996],[9.66117,4.089115],[9.661164,4.089169],[9.661159,4.089217],[9.661138,4.089336],[9.661136,4.089347],[9.6611,4.089547],[9.661064,4.089699],[9.661056,4.089733],[9.660982,4.089976],[9.660953,4.09006],[9.660896,4.090231],[9.660838,4.090401],[9.660775,4.090566],[9.66068,4.090775],[9.660606,4.090939],[9.66059,4.090973],[9.660518,4.091096],[9.660435,4.091236],[9.660335,4.091369],[9.660317,4.091394],[9.660225,4.091523],[9.660103,4.091688],[9.659959,4.09185],[9.659776,4.092033],[9.659603,4.092202],[9.659377,4.092423],[9.658855,4.09294],[9.658834,4.092961],[9.658459,4.093332],[9.6581,4.093684],[9.657932,4.093842],[9.657816,4.093955],[9.657472,4.094267],[9.657262,4.094443],[9.657134,4.09455],[9.657124,4.094558],[9.65685,4.094755],[9.656831,4.094768],[9.65668,4.094867],[9.656657,4.094883],[9.656313,4.09507],[9.655939,4.095252],[9.655713,4.095349],[9.655561,4.095415],[9.655057,4.095648],[9.654918,4.095781],[9.654699,4.095921],[9.654474,4.096071],[9.654459,4.0961],[9.654444,4.096116],[9.654426,4.096132],[9.65438,4.096152],[9.654349,4.096165],[9.654334,4.096169],[9.654318,4.096171],[9.654303,4.096173],[9.654287,4.096173],[9.654271,4.096172],[9.654255,4.096169],[9.65424,4.096165],[9.654225,4.09616],[9.654211,4.096154],[9.654193,4.096146],[9.654186,4.096139],[9.654178,4.096134],[9.65417,4.096127],[9.654162,4.09612],[9.654155,4.096113],[9.654149,4.096106],[9.654143,4.096098],[9.654137,4.09609],[9.654045,4.096038],[9.653978,4.096012],[9.65389,4.095987],[9.653806,4.09597],[9.653719,4.095944],[9.65357,4.09589],[9.653289,4.095854],[9.652891,4.0958],[9.652348,4.095738],[9.652262,4.095728],[9.651678,4.095655],[9.651454,4.095619],[9.651388,4.095609],[9.651097,4.095571],[9.650989,4.095556],[9.650743,4.095513],[9.650419,4.09546],[9.650385,4.095453],[9.650044,4.095384],[9.64951,4.09527],[9.649503,4.095268],[9.649327,4.095229],[9.648895,4.095134],[9.648503,4.095043],[9.647923,4.094899],[9.64774,4.094887],[9.64763,4.094878],[9.647312,4.09482],[9.647258,4.094814],[9.647219,4.09482],[9.647191,4.094825],[9.647142,4.094838],[9.647141,4.094839],[9.647127,4.09485],[9.647112,4.094857],[9.647096,4.094864],[9.647079,4.094869],[9.647063,4.094872],[9.647046,4.094874],[9.647028,4.094874],[9.647011,4.094873],[9.646994,4.094871],[9.646978,4.094867],[9.646951,4.094855],[9.646937,4.09485],[9.646925,4.094843],[9.646912,4.094834],[9.646901,4.094825],[9.64689,4.094815],[9.64688,4.094804],[9.646871,4.094792],[9.646862,4.094779],[9.646832,4.094749],[9.646785,4.094711],[9.646733,4.094676],[9.64663,4.09463],[9.64654,4.094601],[9.646459,4.094581],[9.646367,4.094558],[9.646252,4.094536],[9.646133,4.09449],[9.646054,4.094449],[9.645798,4.094378],[9.645387,4.09428],[9.645343,4.09427],[9.64521,4.094246],[9.644844,4.094179],[9.644486,4.094143],[9.644137,4.094126],[9.644009,4.09412],[9.643742,4.094126],[9.643392,4.094143],[9.643057,4.09418],[9.643021,4.094184],[9.642703,4.094245],[9.642638,4.094258],[9.64227,4.094349],[9.641915,4.094455],[9.641638,4.09456],[9.641256,4.094729],[9.640942,4.094887],[9.640701,4.095034],[9.640689,4.095041],[9.640401,4.095232],[9.64034,4.095273],[9.640049,4.095476],[9.639866,4.095628],[9.63969,4.095784],[9.639641,4.095828],[9.63956,4.095909],[9.639391,4.096078],[9.639188,4.0963],[9.639145,4.096398],[9.639109,4.096459],[9.639022,4.096557],[9.638924,4.096653],[9.638835,4.096747],[9.638576,4.097029],[9.638482,4.097137],[9.638179,4.097473],[9.637931,4.09775],[9.637857,4.097833],[9.637571,4.098128],[9.637292,4.098401],[9.637081,4.098589],[9.63703,4.098635],[9.636757,4.098857],[9.636555,4.099008],[9.636406,4.099109],[9.636395,4.099116],[9.636273,4.099197],[9.636118,4.099293],[9.635972,4.099386],[9.635848,4.099457],[9.635813,4.099477],[9.635473,4.099668],[9.635056,4.099877],[9.635021,4.099895],[9.63476,4.100009],[9.634616,4.100064],[9.634362,4.100161],[9.633991,4.100299],[9.633666,4.100422],[9.63325,4.100584],[9.633229,4.100592],[9.63283,4.100738],[9.631686,4.101172],[9.63035,4.101673],[9.629944,4.101827],[9.629256,4.102089],[9.6285,4.102364],[9.628408,4.1024],[9.628319,4.102429],[9.628263,4.102444],[9.628233,4.102453],[9.628091,4.102488],[9.626715,4.103005],[9.625443,4.103489],[9.624683,4.103768],[9.624134,4.103964],[9.623655,4.104105],[9.623427,4.104163],[9.62319,4.104227],[9.622863,4.104299],[9.622517,4.104362],[9.622308,4.104393],[9.622027,4.104433],[9.621835,4.104455],[9.621488,4.104486],[9.621232,4.104503],[9.620893,4.10453],[9.620332,4.104559],[9.619741,4.104596],[9.619612,4.104604],[9.619203,4.104638],[9.618799,4.104666],[9.618474,4.104681],[9.616645,4.104795],[9.615694,4.104855],[9.615161,4.104884],[9.614158,4.104946],[9.613929,4.10496],[9.61366,4.104986],[9.61261,4.105088],[9.611956,4.10518],[9.61151,4.105256],[9.61111,4.105336],[9.610812,4.105401],[9.610486,4.105478],[9.610151,4.105563],[9.609739,4.105687],[9.60957,4.105735],[9.609398,4.105788],[9.609151,4.105872],[9.608424,4.10612],[9.607591,4.106463],[9.607255,4.106604],[9.607017,4.106718],[9.606691,4.106875],[9.606558,4.106941],[9.606414,4.107012],[9.606226,4.107107],[9.606079,4.107191],[9.605884,4.107304],[9.605567,4.107475],[9.605409,4.107561],[9.604939,4.107816],[9.604618,4.107991],[9.604299,4.108161],[9.604092,4.108284],[9.602631,4.109087],[9.602599,4.109104],[9.602441,4.109191],[9.601987,4.10944],[9.601337,4.109801],[9.60132,4.109811],[9.601179,4.109886],[9.600581,4.110206],[9.600228,4.110402],[9.599958,4.110553],[9.599445,4.110847],[9.598479,4.111375],[9.597523,4.111902],[9.596741,4.112343],[9.596259,4.112601],[9.595813,4.112845],[9.595517,4.113008],[9.594809,4.113399],[9.594196,4.113742],[9.593181,4.114299],[9.592103,4.114902],[9.591471,4.115253],[9.591156,4.115428],[9.59102,4.115502],[9.590611,4.115724],[9.590267,4.115916],[9.58992,4.11611],[9.589866,4.116139],[9.589794,4.116176],[9.589711,4.116219],[9.589404,4.11638],[9.589301,4.116467],[9.588687,4.116849],[9.588469,4.117],[9.588355,4.117083],[9.588181,4.117165],[9.587813,4.117429],[9.587457,4.11774],[9.587262,4.117934],[9.587119,4.118071],[9.587046,4.118148],[9.586951,4.118244],[9.586846,4.118384],[9.586532,4.118865],[9.586486,4.118968],[9.586439,4.119071],[9.586315,4.119368],[9.586051,4.119977],[9.585973,4.120177],[9.585925,4.120348],[9.585864,4.120651],[9.5858,4.120986],[9.585765,4.12133],[9.585788,4.121572],[9.585837,4.121835],[9.585933,4.12224],[9.586067,4.122663],[9.586091,4.122728],[9.586131,4.122835],[9.586156,4.122896],[9.586199,4.123003],[9.586227,4.123061],[9.586327,4.123269],[9.586591,4.123754],[9.586994,4.124567],[9.58726,4.12514],[9.587415,4.125465],[9.587517,4.125655],[9.587603,4.125819],[9.587929,4.12646],[9.588075,4.126748],[9.588635,4.127832],[9.588642,4.127846],[9.589002,4.128558],[9.589251,4.129055],[9.589493,4.129534],[9.589498,4.129544],[9.589554,4.129655],[9.58963,4.129838],[9.589678,4.129979],[9.589748,4.130197],[9.589811,4.130459],[9.589913,4.130926],[9.590127,4.132015],[9.590251,4.132673],[9.590373,4.133275],[9.590499,4.133893],[9.590675,4.134809],[9.590684,4.134867],[9.59081,4.135519],[9.590845,4.135702],[9.590991,4.136456],[9.591123,4.137135],[9.591252,4.138263],[9.591299,4.138663],[9.59133,4.139056],[9.591353,4.139424],[9.591345,4.139625],[9.591335,4.139867],[9.591256,4.140822],[9.591237,4.141011],[9.591178,4.141602],[9.591151,4.141798],[9.591114,4.142019],[9.591034,4.142383],[9.591004,4.142492],[9.590965,4.14264],[9.590894,4.142865],[9.590849,4.143002],[9.59062,4.143689],[9.590481,4.144082],[9.59033,4.144558],[9.590269,4.14475],[9.590037,4.145446],[9.58998,4.145621],[9.589665,4.146569],[9.589656,4.146596],[9.589463,4.147197],[9.589432,4.147279],[9.589367,4.14745],[9.589307,4.147596],[9.589299,4.147614],[9.589226,4.147771],[9.589223,4.147777],[9.589199,4.147824],[9.589129,4.147959],[9.588961,4.148249],[9.588956,4.148258],[9.588861,4.148401],[9.588642,4.148725],[9.588545,4.14887],[9.588256,4.14927],[9.588122,4.149455],[9.588108,4.149474],[9.587938,4.149707],[9.587887,4.149776],[9.587708,4.150034],[9.587569,4.150263],[9.587491,4.150419],[9.587488,4.150426],[9.587412,4.150589],[9.587401,4.150615],[9.587344,4.150751],[9.587286,4.150926],[9.587254,4.151023],[9.587249,4.151042],[9.587178,4.151307],[9.587154,4.151449],[9.587136,4.151553],[9.5871,4.151816],[9.587083,4.152077],[9.587083,4.152227],[9.587083,4.152334],[9.587086,4.152401],[9.587088,4.152465],[9.587093,4.15258],[9.587105,4.152865],[9.587149,4.153838],[9.587151,4.153888],[9.587182,4.154572],[9.587185,4.154621],[9.587194,4.154786],[9.587203,4.15496],[9.5872,4.155321],[9.587193,4.155439],[9.58719,4.15549],[9.587157,4.155712],[9.587135,4.155832],[9.58706,4.15621],[9.587057,4.156227],[9.587034,4.156336],[9.586979,4.156599],[9.586945,4.15677],[9.586887,4.157056],[9.586847,4.157259],[9.586844,4.157273],[9.586833,4.157328],[9.586733,4.157818],[9.586713,4.15791],[9.586696,4.157989],[9.586676,4.158086],[9.586636,4.158272],[9.586564,4.158614],[9.586378,4.159518],[9.586356,4.159634],[9.586304,4.159929],[9.586275,4.160151],[9.586259,4.160538],[9.586271,4.160763],[9.586301,4.161089],[9.586339,4.161313],[9.5864,4.1616],[9.586457,4.161787],[9.586528,4.161998],[9.586593,4.162157],[9.586692,4.162365],[9.586803,4.162566],[9.58696,4.162816],[9.587093,4.162994],[9.587175,4.163094],[9.587237,4.163168],[9.587357,4.163304],[9.587508,4.163449],[9.587666,4.163595],[9.587895,4.163785],[9.588112,4.163934],[9.588261,4.164025],[9.588422,4.164119],[9.588554,4.164183],[9.588817,4.164297],[9.589072,4.164397],[9.5898,4.164631],[9.590352,4.16479],[9.591021,4.164983],[9.591899,4.165253],[9.592529,4.16543],[9.593007,4.165579],[9.593457,4.16571],[9.593903,4.165843],[9.594153,4.165918],[9.594211,4.165935],[9.594465,4.166009],[9.594881,4.166144],[9.595124,4.166237],[9.595367,4.166326],[9.595581,4.166418],[9.595754,4.166504],[9.595939,4.166602],[9.596092,4.166692],[9.596333,4.166845],[9.596504,4.166959],[9.596595,4.16702],[9.596699,4.167099],[9.596825,4.167199],[9.596965,4.167324],[9.597211,4.167537],[9.597389,4.167692],[9.597572,4.167874],[9.597715,4.168022],[9.597802,4.168109],[9.597864,4.168185],[9.597997,4.168365],[9.598007,4.168377],[9.598137,4.168571],[9.598258,4.168774],[9.598358,4.168976],[9.598397,4.169051],[9.598456,4.169195],[9.598458,4.1692],[9.598543,4.169441],[9.598622,4.169686],[9.598681,4.16991],[9.598704,4.170041],[9.598733,4.170203],[9.598766,4.170497],[9.598772,4.170854],[9.598754,4.171402],[9.598728,4.171991],[9.598715,4.172156],[9.598701,4.172427],[9.598678,4.172857],[9.598677,4.172902],[9.598661,4.173217],[9.598647,4.17344],[9.598635,4.173729],[9.598633,4.173901],[9.598636,4.174043],[9.598653,4.174263],[9.598671,4.174394],[9.598691,4.174481],[9.59871,4.174547],[9.598754,4.174694],[9.598781,4.174773],[9.59883,4.174888],[9.598927,4.175074],[9.598991,4.175183],[9.599047,4.175272],[9.599184,4.175468],[9.599186,4.17547],[9.599379,4.175715],[9.59963,4.176038],[9.599897,4.176359],[9.599935,4.176405],[9.600162,4.176691],[9.600363,4.176949],[9.600516,4.177158],[9.600623,4.177313],[9.600705,4.17743],[9.600784,4.177577],[9.600833,4.177668],[9.600923,4.177852],[9.601033,4.178113],[9.601109,4.178332],[9.601154,4.178474],[9.601187,4.178589],[9.601198,4.178628],[9.601226,4.178742],[9.601288,4.179043],[9.601372,4.179521],[9.601463,4.180047],[9.601472,4.180096],[9.601576,4.180723],[9.601683,4.181339],[9.601803,4.182037],[9.601804,4.182039],[9.601939,4.182837],[9.601995,4.183192],[9.602126,4.183892],[9.602288,4.184835],[9.602319,4.18501],[9.602441,4.185699],[9.602546,4.186298],[9.602628,4.186781],[9.602739,4.187393],[9.602779,4.187654],[9.602781,4.187669],[9.602808,4.187846],[9.602824,4.187948],[9.602863,4.188242],[9.602882,4.188381],[9.602892,4.188458],[9.602903,4.18856],[9.602916,4.188683],[9.602958,4.189273],[9.603025,4.190321],[9.60307,4.190852],[9.603151,4.191979],[9.603194,4.192648],[9.603262,4.193584],[9.60334,4.194644],[9.60335,4.194793],[9.603391,4.19528],[9.603427,4.195714],[9.603441,4.195905],[9.603467,4.196175],[9.603497,4.196396],[9.603541,4.196651],[9.603601,4.196946],[9.603668,4.197274],[9.603751,4.197637],[9.603812,4.197852],[9.603928,4.198204],[9.604136,4.198751],[9.604423,4.199507],[9.604688,4.200189],[9.604771,4.200405],[9.605005,4.201016],[9.605298,4.201834],[9.6056,4.202607],[9.605811,4.203152],[9.606026,4.20372],[9.60621,4.204208],[9.606353,4.204579],[9.606481,4.204923],[9.606587,4.205206],[9.606752,4.205628],[9.606908,4.206017],[9.606993,4.206206],[9.607114,4.206449],[9.607268,4.20669],[9.607397,4.206886],[9.607552,4.207102],[9.607788,4.207408],[9.608002,4.2077],[9.608226,4.207999],[9.608352,4.208208],[9.608439,4.208357],[9.608545,4.208553],[9.608634,4.208747],[9.608653,4.208794],[9.608711,4.208935],[9.608774,4.209117],[9.608836,4.209316],[9.608923,4.209662],[9.608987,4.209945],[9.608994,4.209982],[9.609107,4.210557],[9.609113,4.210588],[9.609177,4.210927],[9.609251,4.211305],[9.609314,4.211631],[9.60938,4.211962],[9.609444,4.212255],[9.60945,4.212284],[9.609506,4.212519],[9.609513,4.212544],[9.609552,4.212689],[9.609594,4.212822],[9.609643,4.212949],[9.609734,4.213176],[9.60981,4.213348],[9.609845,4.213413],[9.609922,4.213559],[9.609936,4.213586],[9.610024,4.213726],[9.610128,4.213885],[9.610238,4.214035],[9.61038,4.214205],[9.610488,4.21432],[9.610579,4.214425],[9.610743,4.214589],[9.61097,4.214809],[9.611139,4.214969],[9.611291,4.215123],[9.611297,4.215129],[9.61143,4.21525],[9.611513,4.215328],[9.61167,4.215483],[9.611771,4.215592],[9.61188,4.215736],[9.611981,4.215871],[9.612102,4.216048],[9.612217,4.216226],[9.612356,4.216477],[9.612449,4.216662],[9.612471,4.216708],[9.612607,4.216975],[9.612756,4.21731],[9.612974,4.217776],[9.613197,4.218259],[9.613403,4.218685],[9.613643,4.219198],[9.613717,4.219358],[9.613891,4.219731],[9.614118,4.220219],[9.61431,4.220629],[9.614502,4.221031],[9.614638,4.22135],[9.614762,4.221676],[9.614816,4.221844],[9.614861,4.222003],[9.614893,4.222162],[9.614901,4.222203],[9.614935,4.222416],[9.614952,4.222525],[9.614985,4.222775],[9.614996,4.222993],[9.614995,4.223079],[9.614994,4.223129],[9.614986,4.223339],[9.614974,4.223492],[9.614951,4.223691],[9.61494,4.223771],[9.614925,4.223895],[9.614874,4.224125],[9.614811,4.224354],[9.614782,4.22446],[9.614714,4.224664],[9.614667,4.224805],[9.614484,4.225228],[9.61432,4.225585],[9.614156,4.225995],[9.613986,4.22635],[9.613775,4.22682],[9.613718,4.226951],[9.613708,4.226973],[9.613614,4.227187],[9.613515,4.227429],[9.613425,4.227676],[9.613345,4.22797],[9.613286,4.228263],[9.613247,4.228566],[9.613232,4.228795],[9.613227,4.228931],[9.613233,4.229041],[9.613236,4.229133],[9.613247,4.229212],[9.613318,4.230113],[9.613357,4.230453],[9.613416,4.230694],[9.613426,4.230788],[9.61344,4.230915],[9.613445,4.231124],[9.613437,4.231295],[9.613436,4.231313],[9.613418,4.231794],[9.613405,4.231982],[9.613371,4.232473],[9.613356,4.232675],[9.613351,4.232755],[9.613286,4.233652],[9.61325,4.234151],[9.613192,4.234964],[9.613138,4.235715],[9.613115,4.236029],[9.613093,4.236342],[9.613062,4.236605],[9.613037,4.236828],[9.613013,4.237018],[9.612994,4.23714],[9.612971,4.237271],[9.61296,4.237331],[9.612946,4.237406],[9.61293,4.237488],[9.612899,4.237624],[9.612874,4.237716],[9.612826,4.237876],[9.612761,4.238077],[9.612712,4.238253],[9.612707,4.238269],[9.612612,4.238592],[9.612547,4.238813],[9.612545,4.238821],[9.612513,4.23893],[9.612498,4.238989],[9.612496,4.238994],[9.61244,4.239209],[9.612391,4.23937],[9.612351,4.239499],[9.612313,4.239637],[9.612235,4.239922],[9.612163,4.240182],[9.612063,4.240522],[9.612059,4.240535],[9.611939,4.240953],[9.611811,4.24137],[9.611798,4.241414],[9.611719,4.241696],[9.611719,4.241698],[9.611633,4.241995],[9.611557,4.242262],[9.611552,4.242279],[9.611502,4.242452],[9.611495,4.242477],[9.611444,4.242652],[9.611395,4.242831],[9.611332,4.243048],[9.611289,4.243187],[9.611213,4.24345],[9.611135,4.243705],[9.611056,4.243986],[9.610979,4.244254],[9.610927,4.244433],[9.61086,4.24465],[9.610819,4.244785],[9.610748,4.245001],[9.610679,4.245183],[9.610578,4.245422],[9.610478,4.245622],[9.610405,4.245753],[9.61035,4.245851],[9.61022,4.246032],[9.610103,4.246191],[9.609985,4.246345],[9.609858,4.246484],[9.609754,4.246612],[9.609598,4.24678],[9.609452,4.246949],[9.609265,4.247135],[9.609015,4.247401],[9.608888,4.24754],[9.608797,4.24764],[9.608008,4.248488],[9.607709,4.248804],[9.607413,4.249119],[9.607166,4.249381],[9.60704,4.249514],[9.606429,4.250152],[9.606068,4.250541],[9.605676,4.250988],[9.605344,4.251357],[9.605077,4.251666],[9.604868,4.251924],[9.6047,4.252145],[9.604522,4.252407],[9.604498,4.252447],[9.604393,4.252641],[9.604271,4.25288],[9.604173,4.253118],[9.604095,4.253354],[9.604006,4.253658],[9.603943,4.253958],[9.603898,4.254289],[9.603877,4.25458],[9.603871,4.254752],[9.603871,4.254906],[9.603884,4.255101],[9.603901,4.255259],[9.60396,4.255643],[9.604014,4.255945],[9.604085,4.256379],[9.604105,4.256497],[9.604176,4.25692],[9.604294,4.2576],[9.604385,4.258111],[9.604479,4.258694],[9.604557,4.259131],[9.604663,4.259773],[9.604783,4.260483],[9.604913,4.261205],[9.604926,4.261283],[9.604956,4.261461],[9.604985,4.261631],[9.605078,4.26217],[9.605087,4.26222],[9.605202,4.262906],[9.605303,4.263472],[9.605384,4.263995],[9.605452,4.264418],[9.605541,4.2649],[9.605638,4.265464],[9.605681,4.265716],[9.605727,4.26599],[9.605807,4.266469],[9.605866,4.266935],[9.605934,4.267478],[9.605994,4.267969],[9.606017,4.268174],[9.60605,4.268464],[9.606121,4.269031],[9.606194,4.269583],[9.606264,4.270125],[9.606315,4.270592],[9.606374,4.271045],[9.606411,4.271371],[9.606429,4.271529],[9.606499,4.272098],[9.60658,4.272731],[9.60664,4.273249],[9.606642,4.273262],[9.606701,4.273741],[9.606731,4.27395],[9.606765,4.274149],[9.606804,4.274334],[9.606872,4.274558],[9.606934,4.27475],[9.607078,4.275169],[9.607138,4.275355],[9.607184,4.275499],[9.607193,4.275526],[9.607309,4.275882],[9.607463,4.276356],[9.60754,4.27658],[9.607633,4.276867],[9.607685,4.277045],[9.607721,4.277222],[9.607759,4.277419],[9.60778,4.277558],[9.607799,4.277727],[9.607868,4.278525],[9.607892,4.278846],[9.607914,4.279083],[9.607951,4.279486],[9.607982,4.279822],[9.608012,4.280227],[9.608041,4.280513],[9.608053,4.280636],[9.608059,4.280692],[9.608098,4.28105],[9.6081,4.281062],[9.608142,4.281405],[9.608162,4.281525],[9.608195,4.28178],[9.608236,4.28205],[9.608268,4.282258],[9.60831,4.282521],[9.608351,4.28282],[9.608383,4.283061],[9.60841,4.283387],[9.608414,4.28348],[9.608415,4.283547],[9.608416,4.283595],[9.608415,4.283725],[9.608404,4.283883],[9.608393,4.284009],[9.608372,4.28418],[9.608355,4.284288],[9.608333,4.284437],[9.608306,4.284572],[9.608269,4.284722],[9.608231,4.284863],[9.608177,4.285029],[9.60812,4.285165],[9.6081,4.285212],[9.608031,4.285374],[9.607943,4.285562],[9.6078,4.285818],[9.607685,4.286036],[9.607498,4.286364],[9.607393,4.286561],[9.607321,4.286706],[9.607226,4.286946],[9.607159,4.287152],[9.607124,4.287277],[9.607085,4.287441],[9.607054,4.287612],[9.607028,4.287797],[9.607023,4.287955],[9.607022,4.288029],[9.607021,4.288084],[9.607024,4.28828],[9.607038,4.288499],[9.60706,4.288676],[9.607089,4.288861],[9.607122,4.289063],[9.607169,4.289294],[9.607216,4.289517],[9.607251,4.28969],[9.60729,4.28989],[9.607335,4.290108],[9.60737,4.290272],[9.607405,4.290427],[9.60745,4.290655],[9.607482,4.29085],[9.607514,4.291099],[9.607533,4.291399],[9.607538,4.291614],[9.607525,4.291815],[9.607523,4.291837],[9.607503,4.292004],[9.607477,4.292172],[9.607466,4.292246],[9.607413,4.29248],[9.607371,4.292633],[9.607312,4.292832],[9.607234,4.293042],[9.607098,4.293415],[9.606985,4.293715],[9.606891,4.293941],[9.6068,4.294098],[9.606698,4.294245],[9.60656,4.29444],[9.60647,4.294536],[9.606327,4.294684],[9.606169,4.294815],[9.606034,4.294922],[9.605984,4.294952],[9.60583,4.295045],[9.605785,4.295073],[9.60555,4.295214],[9.605521,4.29523],[9.605225,4.295389],[9.605069,4.295484],[9.604897,4.295582],[9.604686,4.295702],[9.604373,4.295863],[9.604107,4.296012],[9.603819,4.296171],[9.603466,4.29637],[9.603245,4.296496],[9.603032,4.29662],[9.603003,4.296636],[9.602911,4.296684],[9.602815,4.296745],[9.602703,4.296827],[9.602593,4.296921],[9.60248,4.297028],[9.602364,4.297153],[9.602255,4.297281],[9.602177,4.297381],[9.602103,4.297492],[9.602029,4.297614],[9.601969,4.297728],[9.601907,4.297861],[9.601845,4.298017],[9.601791,4.298205],[9.601739,4.298386],[9.601731,4.298428],[9.601709,4.298551],[9.601672,4.298744],[9.601629,4.298977],[9.601577,4.299281],[9.601555,4.299425],[9.601503,4.299715],[9.601444,4.299975],[9.601406,4.300121],[9.60135,4.300325],[9.601312,4.300453],[9.601287,4.300529],[9.601222,4.300699],[9.601172,4.300826],[9.6011,4.300979],[9.601087,4.301006],[9.601038,4.301106],[9.600983,4.30121],[9.600919,4.301311],[9.60081,4.301477],[9.600726,4.301585],[9.600579,4.30178],[9.600451,4.301962],[9.600307,4.302157],[9.600132,4.302386],[9.599997,4.302549],[9.599907,4.302654],[9.599822,4.302776],[9.599761,4.302869],[9.599718,4.302936],[9.599695,4.302985],[9.599672,4.303033],[9.599619,4.303155],[9.599589,4.303239],[9.599573,4.303284],[9.599543,4.303368],[9.599519,4.303436],[9.599495,4.303545],[9.599481,4.303642],[9.59947,4.30373],[9.599452,4.303893],[9.599434,4.30432],[9.59942,4.304609],[9.599386,4.305287],[9.599377,4.305473],[9.599371,4.305611],[9.599357,4.305694],[9.599341,4.305774],[9.599333,4.305824],[9.599329,4.305852],[9.599317,4.305919],[9.5993,4.306009],[9.599232,4.306242],[9.599158,4.306517],[9.599117,4.306702],[9.599096,4.306792],[9.599095,4.3068],[9.599055,4.307023],[9.59905,4.30707],[9.599048,4.30714],[9.599039,4.307282],[9.599049,4.307665],[9.599082,4.308077],[9.599109,4.308457],[9.59911,4.308467],[9.599125,4.308724],[9.599118,4.30885],[9.59911,4.308928],[9.599104,4.308998],[9.599066,4.309217],[9.599005,4.309451],[9.598933,4.309678],[9.598893,4.309817],[9.598861,4.309932],[9.598826,4.310084],[9.598816,4.310138],[9.598806,4.310194],[9.598795,4.310272],[9.598789,4.310335],[9.598786,4.31042],[9.598788,4.310675],[9.598803,4.310966],[9.598859,4.311406],[9.598873,4.311503],[9.598907,4.311744],[9.598952,4.31207],[9.598998,4.312337],[9.599035,4.312518],[9.59905,4.312592],[9.599118,4.31293],[9.599183,4.313231],[9.599198,4.313304],[9.599264,4.313644],[9.599319,4.313891],[9.599359,4.314101],[9.599383,4.314224],[9.599464,4.314608],[9.599512,4.314938],[9.599533,4.315116],[9.599533,4.315205],[9.599533,4.315286],[9.599528,4.315385],[9.599517,4.315509],[9.599501,4.315625],[9.599477,4.315737],[9.599449,4.315842],[9.599412,4.315948],[9.599352,4.316111],[9.59916,4.316486],[9.598964,4.316787],[9.598701,4.317206],[9.598491,4.317539],[9.598293,4.317855],[9.598213,4.317983],[9.598002,4.318329],[9.597934,4.31843],[9.597802,4.318634],[9.597719,4.318779],[9.597679,4.318861],[9.597645,4.318922],[9.597614,4.318982],[9.597573,4.319061],[9.59754,4.319146],[9.597511,4.319245],[9.597484,4.31934],[9.597462,4.319444],[9.597449,4.319542],[9.597439,4.319656],[9.597432,4.319805],[9.597443,4.320227],[9.597443,4.320227],[9.597444,4.320865],[9.597472,4.321845],[9.597476,4.321978],[9.597488,4.322671],[9.597485,4.323045],[9.597472,4.323422],[9.597447,4.323594],[9.597406,4.323799],[9.597337,4.324047],[9.59727,4.324306],[9.597216,4.324489],[9.597185,4.32462],[9.597174,4.324687],[9.59715,4.324826],[9.597138,4.324952],[9.597141,4.325075],[9.597155,4.325193],[9.597167,4.325278],[9.5972,4.325417],[9.597226,4.32552],[9.597269,4.325655],[9.597342,4.325827],[9.59743,4.325979],[9.597621,4.326215],[9.597821,4.326448],[9.598079,4.326727],[9.598201,4.32686],[9.598335,4.327008],[9.598526,4.32723],[9.598775,4.327529],[9.598833,4.327614],[9.598881,4.327697],[9.598919,4.32776],[9.599025,4.327964],[9.599113,4.328208],[9.599162,4.328411],[9.599188,4.328569],[9.599202,4.328701],[9.599209,4.328876],[9.599197,4.329207],[9.599185,4.329419],[9.599142,4.329862],[9.599122,4.33001],[9.599056,4.330628],[9.599022,4.330954],[9.598969,4.331452],[9.598908,4.332067],[9.598854,4.33262],[9.598771,4.33306],[9.598735,4.333193],[9.598706,4.333299],[9.598638,4.333498],[9.598581,4.333652],[9.59854,4.333734],[9.598539,4.333737],[9.598472,4.333861],[9.598471,4.333864],[9.598363,4.334046],[9.59823,4.334229],[9.598067,4.334435],[9.597923,4.334574],[9.597784,4.334704],[9.59767,4.334814],[9.597572,4.334895],[9.597345,4.335114],[9.597132,4.335299],[9.596862,4.335531],[9.596681,4.335707],[9.596565,4.335832],[9.596483,4.335927],[9.596363,4.336093],[9.596282,4.336213],[9.596259,4.336254],[9.596236,4.336296],[9.596197,4.336369],[9.596166,4.336446],[9.596138,4.336541],[9.596103,4.336689],[9.596087,4.33677],[9.596076,4.33685],[9.596058,4.337008],[9.596046,4.337173],[9.596027,4.337389],[9.596004,4.337774],[9.595982,4.338097],[9.59595,4.338458],[9.595922,4.338697],[9.595902,4.338875],[9.595899,4.338901],[9.595852,4.339193],[9.595809,4.339374],[9.595757,4.339508],[9.595675,4.339697],[9.595612,4.339813],[9.59554,4.339936],[9.595451,4.34006],[9.595363,4.340168],[9.595353,4.34018],[9.595216,4.340332],[9.595009,4.340541],[9.594651,4.34092],[9.594307,4.341258],[9.593985,4.341577],[9.593665,4.341908],[9.593333,4.342242],[9.593014,4.342564],[9.592776,4.342797],[9.592698,4.342873],[9.592474,4.343094],[9.592309,4.343248],[9.592177,4.343371],[9.592143,4.343403],[9.591839,4.343688],[9.59178,4.343737],[9.591752,4.343761],[9.591631,4.343862],[9.591398,4.344056],[9.591144,4.34426],[9.590865,4.34445],[9.590644,4.34463],[9.590414,4.344799],[9.590201,4.344966],[9.589966,4.345174],[9.589742,4.345373],[9.589614,4.345485],[9.589493,4.345606],[9.589337,4.34576],[9.589288,4.345807],[9.589233,4.34586],[9.589161,4.345934],[9.58909,4.346007],[9.589036,4.346064],[9.588933,4.346173],[9.588772,4.34636],[9.588749,4.346387],[9.588463,4.346705],[9.588235,4.346954],[9.588015,4.347216],[9.587936,4.347304],[9.587775,4.347485],[9.587499,4.347802],[9.587369,4.347955],[9.587263,4.348079],[9.587003,4.348381],[9.586806,4.3486],[9.586765,4.348646],[9.586591,4.348836],[9.586458,4.348966],[9.586366,4.349049],[9.586281,4.349115],[9.586189,4.349185],[9.586135,4.349222],[9.586085,4.349254],[9.58596,4.349339],[9.585843,4.349392],[9.585627,4.349486],[9.585616,4.349491],[9.585458,4.349545],[9.58523,4.349626],[9.585084,4.349664],[9.584934,4.349703],[9.584829,4.349727],[9.584557,4.349786],[9.584237,4.349872],[9.584052,4.34993],[9.583953,4.349964],[9.58387,4.350002],[9.583782,4.350042],[9.583731,4.350067],[9.583629,4.350116],[9.58349,4.350207],[9.583332,4.350326],[9.583265,4.350386],[9.583208,4.350435],[9.583047,4.35062],[9.58298,4.35071],[9.582932,4.350773],[9.582748,4.35105],[9.582582,4.351317],[9.582463,4.351517],[9.582416,4.351598],[9.582261,4.351882],[9.582154,4.352122],[9.582079,4.35237],[9.582044,4.352517],[9.582037,4.352555],[9.582015,4.352687],[9.582009,4.352723],[9.581974,4.353078],[9.581967,4.353409],[9.581956,4.353782],[9.581943,4.354182],[9.581907,4.354459],[9.581878,4.354603],[9.58185,4.354742],[9.581796,4.354968],[9.581785,4.355007],[9.581736,4.35518],[9.581701,4.355304],[9.581575,4.355795],[9.581465,4.356214],[9.581396,4.356428],[9.581331,4.356617],[9.581234,4.356819],[9.58109,4.35709],[9.580903,4.357419],[9.580699,4.357777],[9.580556,4.35803],[9.58046,4.358195],[9.580398,4.358292],[9.58036,4.358354],[9.58032,4.358408],[9.580275,4.358448],[9.580105,4.358623],[9.579987,4.358715],[9.579883,4.358795],[9.579689,4.358918],[9.579573,4.358978],[9.579529,4.358999],[9.579417,4.359051],[9.579235,4.359117],[9.578944,4.359203],[9.578696,4.359279],[9.57845,4.35935],[9.578331,4.359393],[9.578278,4.359412],[9.578165,4.359463],[9.578117,4.359485],[9.577989,4.359549],[9.577855,4.359633],[9.577741,4.359717],[9.577614,4.35982],[9.577571,4.359864],[9.577497,4.359939],[9.577377,4.360075],[9.577333,4.360135],[9.577247,4.360252],[9.577115,4.360426],[9.576968,4.36063],[9.576876,4.360761],[9.576803,4.360862],[9.576713,4.360985],[9.576697,4.361008],[9.576592,4.361154],[9.576559,4.361201],[9.576425,4.361399],[9.576317,4.361562],[9.576235,4.361715],[9.576162,4.361917],[9.576123,4.36206],[9.576082,4.362234],[9.576077,4.362286],[9.576062,4.362421],[9.576051,4.362592],[9.57606,4.362802],[9.576079,4.363017],[9.576097,4.363429],[9.5761,4.363542],[9.576102,4.363627],[9.576099,4.363722],[9.576096,4.363809],[9.576087,4.363927],[9.57607,4.364035],[9.576047,4.364163],[9.576005,4.364316],[9.575968,4.364426],[9.575943,4.364501],[9.575822,4.364848],[9.575693,4.365228],[9.575625,4.36542],[9.57553,4.365628],[9.575426,4.365827],[9.57531,4.366009],[9.575171,4.366212],[9.574995,4.366446],[9.57489,4.366576],[9.574691,4.366814],[9.574606,4.366928],[9.574532,4.367047],[9.574479,4.367148],[9.57445,4.367218],[9.574423,4.367293],[9.5744,4.367375],[9.574395,4.367392],[9.574381,4.367443],[9.574363,4.367523],[9.574358,4.367568],[9.574348,4.367653],[9.574343,4.367695],[9.574338,4.367738],[9.574332,4.367889],[9.574336,4.368116],[9.574348,4.368285],[9.574357,4.368419],[9.574365,4.368645],[9.574368,4.368718],[9.5744,4.369179],[9.574405,4.369619],[9.574397,4.36983],[9.574377,4.370008],[9.574367,4.370081],[9.574338,4.37029],[9.574308,4.370435],[9.574282,4.370561],[9.574276,4.370589],[9.574271,4.370611],[9.57423,4.370786],[9.574191,4.370955],[9.574093,4.371427],[9.574025,4.371742],[9.573918,4.372242],[9.573863,4.372502],[9.573775,4.372895],[9.573699,4.373238],[9.573633,4.373549],[9.573608,4.373667],[9.573532,4.374011],[9.573448,4.374351],[9.573363,4.374633],[9.573308,4.374779],[9.573227,4.374955],[9.57314,4.375129],[9.573046,4.37531],[9.572898,4.375577],[9.572764,4.375839],[9.572627,4.376075],[9.572511,4.37628],[9.57237,4.376521],[9.572207,4.376818],[9.572126,4.376975],[9.572042,4.37711],[9.571993,4.377177],[9.571885,4.377321],[9.571878,4.377331],[9.571753,4.377485],[9.571655,4.377614],[9.571462,4.377807],[9.571409,4.377861],[9.571313,4.377958],[9.57119,4.378078],[9.571017,4.378244],[9.570781,4.378482],[9.570564,4.378689],[9.570261,4.378997],[9.570004,4.379262],[9.569867,4.379397],[9.569731,4.379532],[9.569558,4.379726],[9.56951,4.379781],[9.569318,4.380029],[9.569225,4.380177],[9.5692,4.380215],[9.569164,4.380273],[9.569013,4.380562],[9.568893,4.380802],[9.568848,4.380908],[9.568808,4.381016],[9.568749,4.381198],[9.568685,4.381456],[9.568675,4.381499],[9.568652,4.381604],[9.568617,4.381761],[9.568585,4.381992],[9.568568,4.38211],[9.568524,4.382441],[9.568462,4.382952],[9.56845,4.383049],[9.568444,4.383098],[9.568388,4.383534],[9.568345,4.383855],[9.568302,4.38417],[9.568268,4.384417],[9.568209,4.384919],[9.568141,4.385395],[9.568107,4.385805],[9.568106,4.385917],[9.568104,4.386015],[9.568104,4.386202],[9.568104,4.386293],[9.568122,4.386502],[9.568185,4.386855],[9.568213,4.386983],[9.568243,4.387121],[9.568257,4.387167],[9.568268,4.3872],[9.568324,4.387379],[9.568361,4.387482],[9.568381,4.387536],[9.56844,4.387697],[9.568585,4.38801],[9.568633,4.388112],[9.568746,4.388324],[9.569003,4.388735],[9.569258,4.389042],[9.569295,4.389079],[9.569509,4.389293],[9.569517,4.389301],[9.569946,4.389773],[9.570352,4.390195],[9.570353,4.390197],[9.570697,4.390557],[9.570766,4.390629],[9.57079,4.390655],[9.570833,4.390698],[9.571032,4.390903],[9.571033,4.390905],[9.571419,4.391303],[9.57173,4.39164],[9.571998,4.391927],[9.572016,4.391947],[9.572178,4.392137],[9.572318,4.392293],[9.572459,4.392463],[9.572605,4.392697],[9.572654,4.392781],[9.572728,4.392907],[9.572872,4.393151],[9.57299,4.393445],[9.573087,4.393754],[9.573162,4.394077],[9.573169,4.394115],[9.573175,4.394149],[9.573201,4.394292],[9.573226,4.394426],[9.573228,4.394469],[9.573238,4.394649],[9.57325,4.394863],[9.573222,4.395269],[9.573164,4.39565],[9.573092,4.396005],[9.572999,4.396356],[9.572902,4.396706],[9.572781,4.397107],[9.572723,4.397318],[9.572596,4.397745],[9.572414,4.398356],[9.572245,4.398935],[9.572106,4.399407],[9.572039,4.399637],[9.571811,4.400471],[9.571719,4.400773],[9.571701,4.400833],[9.571617,4.401091],[9.571536,4.401309],[9.571408,4.401636],[9.571289,4.401891],[9.571114,4.40227],[9.571003,4.402534],[9.570859,4.402874],[9.570857,4.402878],[9.570763,4.40309],[9.570712,4.403207],[9.570648,4.403354],[9.57064,4.403372],[9.570482,4.403714],[9.570377,4.403973],[9.570294,4.404219],[9.57028,4.404263],[9.570235,4.404411],[9.570174,4.404703],[9.570141,4.404928],[9.570117,4.405211],[9.570106,4.405445],[9.570108,4.405646],[9.570123,4.405874],[9.570129,4.405982],[9.570193,4.406893],[9.570222,4.40733],[9.570237,4.407621],[9.570234,4.407842],[9.570225,4.407957],[9.570225,4.407964],[9.570202,4.408172],[9.570163,4.408381],[9.570137,4.408488],[9.570103,4.408629],[9.570043,4.40878],[9.569973,4.408959],[9.56991,4.4091],[9.569786,4.409309],[9.569691,4.409466],[9.569674,4.409495],[9.569591,4.409615],[9.569529,4.409704],[9.569488,4.409763],[9.569384,4.40991],[9.569375,4.409923],[9.569278,4.410056],[9.569173,4.410201],[9.568971,4.410479],[9.568849,4.410634],[9.568641,4.410897],[9.568271,4.411397],[9.568141,4.411571],[9.567973,4.411799],[9.567791,4.412035],[9.567627,4.412242],[9.567485,4.412405],[9.567413,4.412485],[9.567321,4.412563],[9.567234,4.412633],[9.567101,4.412727],[9.566933,4.41282],[9.56673,4.412928],[9.566533,4.413031],[9.566498,4.413049],[9.566336,4.413128],[9.56621,4.413189],[9.566175,4.413209],[9.565939,4.413344],[9.565769,4.413449],[9.565712,4.413487],[9.565561,4.413586],[9.565525,4.41361],[9.565415,4.413691],[9.565393,4.413707],[9.565266,4.413822],[9.565131,4.413958],[9.565018,4.414092],[9.564905,4.414277],[9.564695,4.414677],[9.564683,4.414701],[9.564604,4.414862],[9.564476,4.415124],[9.564361,4.415344],[9.5643,4.415461],[9.564277,4.415504],[9.564126,4.415792],[9.564033,4.415973],[9.563896,4.416247],[9.563786,4.416466],[9.563771,4.416494],[9.563707,4.416627],[9.563649,4.416749],[9.563538,4.416969],[9.563448,4.417178],[9.563412,4.417283],[9.563368,4.4174],[9.563352,4.417453],[9.563313,4.417589],[9.563303,4.417626],[9.563259,4.417783],[9.563256,4.417799],[9.563193,4.418112],[9.563184,4.418152],[9.563106,4.418503],[9.563047,4.418789],[9.563003,4.418997],[9.562993,4.419031],[9.562953,4.419168],[9.562939,4.419202],[9.562885,4.419329],[9.562831,4.419449],[9.56276,4.419597],[9.56267,4.419752],[9.562578,4.419904],[9.562543,4.419959],[9.562492,4.420035],[9.562381,4.4202],[9.562295,4.420321],[9.562138,4.420541],[9.562029,4.420705],[9.562008,4.420737],[9.561908,4.420886],[9.561905,4.420891],[9.561822,4.42103],[9.561816,4.421041],[9.561749,4.421165],[9.561732,4.421201],[9.561689,4.421291],[9.561655,4.421363],[9.56162,4.421436],[9.561578,4.421545],[9.56154,4.421651],[9.561515,4.421757],[9.561497,4.421852],[9.561482,4.421964],[9.561474,4.422054],[9.56147,4.422105],[9.561468,4.422224],[9.561468,4.422234],[9.56147,4.422349],[9.561473,4.422414],[9.561477,4.422473],[9.561496,4.422599],[9.561533,4.42274],[9.561551,4.422819],[9.56159,4.422947],[9.561637,4.423077],[9.561693,4.42322],[9.561747,4.423327],[9.561798,4.423436],[9.561825,4.423493],[9.561882,4.423595],[9.561912,4.423648],[9.561972,4.423751],[9.562032,4.423855],[9.562094,4.42396],[9.562162,4.424075],[9.562264,4.424245],[9.562352,4.424397],[9.562464,4.424606],[9.562565,4.424798],[9.562644,4.424969],[9.562729,4.425174],[9.562792,4.425361],[9.562829,4.425525],[9.562836,4.425558],[9.56286,4.425703],[9.562866,4.425742],[9.56288,4.425882],[9.562886,4.425996],[9.562888,4.426108],[9.562889,4.426203],[9.562881,4.4263],[9.562867,4.426419],[9.562865,4.42644],[9.562847,4.426565],[9.562842,4.426598],[9.562824,4.426704],[9.562807,4.426774],[9.562779,4.426889],[9.562764,4.426949],[9.562732,4.427075],[9.562686,4.427234],[9.562633,4.427429],[9.56257,4.427632],[9.562518,4.427814],[9.562494,4.427895],[9.562425,4.428128],[9.562355,4.42835],[9.562263,4.428671],[9.562178,4.428939],[9.562117,4.429146],[9.562044,4.429379],[9.561994,4.4296],[9.561971,4.429715],[9.56196,4.429767],[9.56194,4.429923],[9.561937,4.430052],[9.561939,4.430182],[9.561951,4.430365],[9.561971,4.430512],[9.561995,4.430662],[9.562019,4.430759],[9.562055,4.430883],[9.562057,4.430889],[9.562095,4.430984],[9.562153,4.431108],[9.562202,4.431205],[9.562265,4.431309],[9.562355,4.43145],[9.562432,4.431535],[9.562734,4.43187],[9.563004,4.432133],[9.563174,4.432298],[9.563261,4.432389],[9.563402,4.43252],[9.563514,4.432634],[9.563656,4.432776],[9.56375,4.432873],[9.563846,4.432977],[9.563884,4.433018],[9.564116,4.43324],[9.564167,4.433291],[9.564435,4.433555],[9.564549,4.433677],[9.564688,4.433823],[9.56475,4.433888],[9.564858,4.433996],[9.564897,4.434039],[9.564993,4.434145],[9.565066,4.434238],[9.565165,4.434368],[9.565231,4.434459],[9.565263,4.434502],[9.56536,4.434648],[9.565362,4.43465],[9.565492,4.434871],[9.56559,4.435063],[9.565692,4.435255],[9.565846,4.435557],[9.56599,4.435823],[9.566068,4.435981],[9.566111,4.436076],[9.566157,4.436183],[9.566206,4.436302],[9.566241,4.436414],[9.566273,4.436543],[9.566277,4.436555],[9.5663,4.436655],[9.566304,4.436676],[9.566316,4.436748],[9.566333,4.436853],[9.566342,4.437001],[9.566343,4.437112],[9.566342,4.437254],[9.566342,4.437296],[9.566342,4.437306],[9.566341,4.437367],[9.566341,4.437373],[9.566337,4.437431],[9.56633,4.437489],[9.566326,4.437536],[9.566308,4.437642],[9.566269,4.437813],[9.566211,4.438091],[9.56614,4.438381],[9.566026,4.438865],[9.565867,4.439465],[9.565866,4.43947],[9.565746,4.43994],[9.565662,4.440261],[9.565472,4.44099],[9.565427,4.441191],[9.565156,4.442261],[9.564947,4.443052],[9.564902,4.443228],[9.564864,4.443379],[9.564817,4.443567],[9.564799,4.443636],[9.564711,4.444002],[9.564595,4.444442],[9.56458,4.444509],[9.564492,4.444889],[9.564443,4.445088],[9.564175,4.44613],[9.564054,4.446589],[9.563983,4.446852],[9.563952,4.446983],[9.563864,4.447328],[9.563793,4.447605],[9.56372,4.447893],[9.563592,4.448358],[9.563475,4.448847],[9.563375,4.449222],[9.563329,4.449428],[9.563263,4.449672],[9.563227,4.449798],[9.563178,4.449989],[9.563136,4.450168],[9.563113,4.450276],[9.56309,4.450405],[9.563083,4.450442],[9.563051,4.450678],[9.563044,4.45091],[9.563045,4.451108],[9.563057,4.4513],[9.563085,4.451499],[9.563134,4.451797],[9.563185,4.452081],[9.563223,4.452281],[9.563239,4.452368],[9.563324,4.452835],[9.563434,4.453451],[9.563564,4.454167],[9.563624,4.454501],[9.563673,4.454731],[9.563728,4.454956],[9.563756,4.455047],[9.56378,4.455112],[9.563806,4.455168],[9.563871,4.455255],[9.563882,4.455265],[9.56399,4.455372],[9.564011,4.45539],[9.564086,4.455455],[9.564133,4.455505],[9.564195,4.455605],[9.564237,4.455687],[9.564278,4.455779],[9.564315,4.455876],[9.564495,4.456333],[9.564671,4.456767],[9.56483,4.457192],[9.564831,4.457194],[9.564943,4.457467],[9.565004,4.457618],[9.565065,4.45779],[9.565088,4.457857],[9.565097,4.457886],[9.565134,4.457999],[9.56518,4.458191],[9.565212,4.458525],[9.565228,4.459081],[9.565236,4.459503],[9.565247,4.45979],[9.565254,4.459913],[9.565257,4.459944],[9.565265,4.460035],[9.565281,4.460197],[9.565303,4.460299],[9.565323,4.46039],[9.56536,4.460551],[9.565444,4.460788],[9.56545,4.460803],[9.565451,4.460806],[9.565515,4.460995],[9.565607,4.461268],[9.565712,4.461557],[9.565804,4.461825],[9.565877,4.46203],[9.565933,4.462238],[9.566004,4.462486],[9.566052,4.462721],[9.566114,4.463218],[9.566137,4.463411],[9.566158,4.463589],[9.566186,4.463824],[9.56624,4.464302],[9.566262,4.464482],[9.566285,4.464661],[9.566345,4.46514],[9.56639,4.465546],[9.566431,4.465917],[9.566453,4.46609],[9.566475,4.466268],[9.566477,4.466284],[9.566503,4.466446],[9.566512,4.466498],[9.566547,4.46662],[9.566573,4.46671],[9.566598,4.466793],[9.566636,4.466919],[9.566714,4.467109],[9.566782,4.467245],[9.566966,4.467474],[9.567147,4.467667],[9.567172,4.467688],[9.567308,4.467806],[9.567396,4.467882],[9.56745,4.467917],[9.567565,4.467992],[9.567744,4.468111],[9.567771,4.468129],[9.567967,4.468214],[9.568312,4.468339],[9.568422,4.468377],[9.568593,4.468435],[9.568597,4.468437],[9.568754,4.468495],[9.568887,4.468544],[9.569195,4.468671],[9.569402,4.468782],[9.569412,4.468788],[9.569533,4.468867],[9.569739,4.469037],[9.56993,4.469246],[9.570056,4.469409],[9.570062,4.469417],[9.570153,4.469565],[9.570155,4.469569],[9.570227,4.469717],[9.570234,4.46973],[9.570315,4.469891],[9.570386,4.470032],[9.570501,4.470326],[9.570594,4.470574],[9.570652,4.470742],[9.570688,4.470876],[9.570719,4.471051],[9.570726,4.471177],[9.570729,4.471354],[9.570717,4.471534],[9.570672,4.471914],[9.57063,4.472214],[9.570613,4.472321],[9.570593,4.472451],[9.570559,4.4727],[9.570545,4.472896],[9.570539,4.473073],[9.570547,4.473218],[9.57056,4.473332],[9.570588,4.473557],[9.570625,4.47375],[9.570646,4.473861],[9.570737,4.474198],[9.570839,4.474566],[9.570902,4.474801],[9.570948,4.474975],[9.570966,4.475044],[9.571031,4.475317],[9.571033,4.475325],[9.571047,4.475385],[9.571069,4.475501],[9.571089,4.475603],[9.57111,4.475771],[9.571124,4.475939],[9.571133,4.476107],[9.571112,4.476366],[9.571089,4.476553],[9.571065,4.476673],[9.571,4.47689],[9.570946,4.477051],[9.570871,4.477212],[9.570778,4.477398],[9.570665,4.477616],[9.570547,4.477811],[9.570419,4.477994],[9.570224,4.478311],[9.57021,4.478334],[9.569901,4.478824],[9.569783,4.47901],[9.569638,4.479242],[9.569413,4.479595],[9.569342,4.479698],[9.569228,4.479876],[9.569049,4.480156],[9.569046,4.480161],[9.568871,4.48044],[9.568699,4.480723],[9.568642,4.480815],[9.568538,4.480984],[9.568308,4.481353],[9.568196,4.481525],[9.568069,4.481723],[9.567992,4.481842],[9.567854,4.482056],[9.567825,4.482104],[9.567663,4.482368],[9.567465,4.482672],[9.567456,4.482686],[9.567431,4.482725],[9.567275,4.482972],[9.567063,4.483333],[9.566969,4.483495],[9.566852,4.483726],[9.566727,4.483971],[9.566722,4.483981],[9.566574,4.484306],[9.566523,4.484429],[9.566492,4.484502],[9.566437,4.484655],[9.566414,4.484721],[9.566322,4.48501],[9.566236,4.485289],[9.566149,4.485571],[9.566087,4.485824],[9.56605,4.485985],[9.566007,4.486268],[9.565974,4.486488],[9.565947,4.486698],[9.565912,4.486985],[9.565892,4.487222],[9.565878,4.487382],[9.565871,4.487469],[9.56585,4.487939],[9.565838,4.488199],[9.56583,4.488362],[9.565808,4.488884],[9.565799,4.489073],[9.565787,4.48933],[9.565745,4.490168],[9.565726,4.490387],[9.565722,4.490469],[9.565716,4.490571],[9.565692,4.490933],[9.565666,4.49145],[9.565651,4.491875],[9.565639,4.492322],[9.565644,4.492644],[9.565648,4.492698],[9.565658,4.492831],[9.565667,4.492936],[9.565774,4.494031],[9.565753,4.494775],[9.565744,4.495056],[9.565726,4.495464],[9.565722,4.495536],[9.565697,4.495979],[9.565672,4.496448],[9.565649,4.49681],[9.565618,4.497281],[9.565589,4.497705],[9.565563,4.498024],[9.565558,4.498235],[9.565567,4.498407],[9.565576,4.498531],[9.565577,4.498536],[9.565599,4.498638],[9.565613,4.498706],[9.565651,4.498897],[9.56573,4.499164],[9.565831,4.499468],[9.565908,4.499724],[9.565934,4.499808],[9.566045,4.50016],[9.566047,4.500169],[9.566098,4.500327],[9.566142,4.500474],[9.566163,4.500542],[9.566257,4.500906],[9.566275,4.501149],[9.566277,4.501186],[9.56628,4.501228],[9.566278,4.501422],[9.56626,4.50195],[9.566248,4.502203],[9.566232,4.50257],[9.566222,4.502876],[9.566217,4.503025],[9.566216,4.503072],[9.566205,4.503498],[9.566197,4.503735],[9.566184,4.504071],[9.566176,4.5044],[9.566177,4.504414],[9.566184,4.504601],[9.566184,4.504672],[9.566184,4.504734],[9.566185,4.504813],[9.566195,4.504869],[9.566211,4.504935],[9.566237,4.505007],[9.566269,4.505076],[9.566307,4.505162],[9.566341,4.505234],[9.566363,4.505281],[9.566421,4.505388],[9.566428,4.505401],[9.566479,4.505491],[9.566626,4.505696],[9.566705,4.505783],[9.566746,4.505827],[9.566779,4.505857],[9.566933,4.505997],[9.567036,4.506057],[9.56722,4.506164],[9.567417,4.506253],[9.56816,4.506589],[9.568391,4.506693],[9.56853,4.506756],[9.568754,4.506855],[9.569612,4.507233],[9.569697,4.507271],[9.56991,4.507362],[9.570227,4.507497],[9.571004,4.507844],[9.571432,4.508035],[9.571468,4.508051],[9.572092,4.508328],[9.57393,4.509144],[9.574167,4.509246],[9.575042,4.509621],[9.575104,4.509646],[9.575347,4.509737],[9.575655,4.509819],[9.575916,4.50986],[9.576589,4.509967],[9.576767,4.509996],[9.576904,4.510018],[9.577368,4.510095],[9.57814,4.510217],[9.579028,4.510373],[9.579794,4.51049],[9.580866,4.510641],[9.580877,4.510643],[9.581042,4.510681],[9.581217,4.510721],[9.581342,4.51075],[9.581566,4.510814],[9.581698,4.510851],[9.581739,4.510865],[9.58208,4.510982],[9.582251,4.511041],[9.582345,4.511073],[9.583001,4.5113],[9.583103,4.511336],[9.583487,4.511472],[9.583999,4.511655],[9.584213,4.511751],[9.58442,4.511884],[9.584568,4.511998],[9.584659,4.512078],[9.584705,4.512121],[9.584729,4.512143],[9.584791,4.512219],[9.584818,4.512261],[9.58484,4.512293],[9.584903,4.512399],[9.584912,4.512415],[9.584967,4.512523],[9.585044,4.512748],[9.585102,4.512931],[9.585122,4.513076],[9.585143,4.513276],[9.585164,4.513473],[9.58521,4.514058],[9.585256,4.514392],[9.585315,4.514655],[9.585408,4.515052],[9.585423,4.515119],[9.585451,4.515226],[9.585497,4.515401],[9.585723,4.516271],[9.585818,4.516579],[9.585903,4.516786],[9.586016,4.516983],[9.586141,4.517156],[9.586293,4.51733],[9.586497,4.51753],[9.586698,4.517654],[9.586858,4.517734],[9.587343,4.517918],[9.587419,4.517956],[9.58758,4.518037],[9.587638,4.518066],[9.587768,4.518149],[9.587951,4.518283],[9.588018,4.518351],[9.588103,4.518438],[9.58814,4.518483],[9.588253,4.518623],[9.588264,4.518637],[9.588364,4.518775],[9.588469,4.518954],[9.588634,4.51928],[9.589158,4.520222],[9.589225,4.520348],[9.589603,4.520967],[9.590303,4.521946],[9.590437,4.522133],[9.590646,4.522426],[9.590856,4.522719],[9.591065,4.523012],[9.591182,4.523175],[9.591365,4.523456],[9.591508,4.523681],[9.591604,4.523868],[9.591655,4.523979],[9.59178,4.524301],[9.591957,4.524826],[9.592123,4.525331],[9.59224,4.525592],[9.592365,4.525824],[9.592458,4.525943],[9.592548,4.526035],[9.592656,4.526143],[9.592696,4.526176],[9.592745,4.526217],[9.592879,4.526324],[9.592984,4.526393],[9.59304,4.52643],[9.593362,4.526567],[9.593719,4.5267],[9.593818,4.526729],[9.59397,4.526774],[9.594167,4.52682],[9.594199,4.526827],[9.594378,4.526863],[9.59476,4.526879],[9.595415,4.526828],[9.595423,4.526827],[9.595603,4.526812],[9.595738,4.526801],[9.595943,4.52679],[9.596152,4.526798],[9.596342,4.526813],[9.596613,4.526902],[9.596664,4.526926],[9.596827,4.527004],[9.596861,4.52702],[9.597026,4.527106],[9.597174,4.527192],[9.597346,4.527361],[9.597525,4.527566],[9.597675,4.527791],[9.597801,4.528054],[9.597876,4.5284],[9.597937,4.528679],[9.597996,4.52885],[9.598074,4.529027],[9.598233,4.529301],[9.598279,4.529366],[9.598414,4.529558],[9.598651,4.529775],[9.599069,4.530129],[9.599483,4.530448],[9.599741,4.530686],[9.599894,4.530893],[9.600017,4.53108],[9.600112,4.531285],[9.600396,4.532014],[9.60077,4.533129],[9.600866,4.533374],[9.600975,4.533662],[9.601064,4.533868],[9.601162,4.53405],[9.601259,4.534187],[9.601321,4.534261],[9.60143,4.534376],[9.601514,4.534445],[9.601634,4.534541],[9.601778,4.534636],[9.601942,4.534747],[9.602145,4.53487],[9.602442,4.535054],[9.602709,4.535264],[9.602763,4.53532],[9.602862,4.535422],[9.602886,4.535451],[9.602981,4.535564],[9.603163,4.535821],[9.603202,4.535888],[9.603293,4.536043],[9.603316,4.536083],[9.603395,4.536258],[9.603569,4.536689],[9.603575,4.536705],[9.603699,4.53703],[9.603846,4.53734],[9.603943,4.537514],[9.604029,4.537636],[9.604229,4.537889],[9.604316,4.537985],[9.604394,4.538054],[9.604631,4.538251],[9.605257,4.538746],[9.605554,4.538981],[9.605681,4.53908],[9.606119,4.539423],[9.606448,4.539682],[9.60672,4.539867],[9.606902,4.539962],[9.607074,4.540044],[9.607265,4.540128],[9.607334,4.540157],[9.607556,4.540248],[9.607666,4.540297],[9.607831,4.540371],[9.6079,4.540402],[9.608094,4.540515],[9.608343,4.540685],[9.608572,4.540877],[9.60871,4.540993],[9.608972,4.541241],[9.6091,4.541363],[9.609283,4.541576],[9.609401,4.541714],[9.609818,4.542257],[9.610112,4.542633],[9.610245,4.542803],[9.610331,4.542918],[9.61044,4.543062],[9.610548,4.543206],[9.610717,4.54343],[9.610921,4.543701],[9.611029,4.543858],[9.611114,4.543974],[9.611206,4.54416],[9.611295,4.544351],[9.611398,4.544625],[9.611485,4.544891],[9.611576,4.545176],[9.611611,4.545265],[9.611649,4.545364],[9.611773,4.545602],[9.611853,4.545729],[9.611862,4.545741],[9.611937,4.545838],[9.61206,4.545994],[9.612086,4.546023],[9.612176,4.546122],[9.612212,4.546152],[9.612415,4.546324],[9.612636,4.546486],[9.613048,4.546788],[9.613392,4.547034],[9.613511,4.547119],[9.614073,4.547524],[9.614731,4.548039],[9.614936,4.548223],[9.615122,4.54839],[9.615206,4.548462],[9.615343,4.54858],[9.615479,4.548698],[9.615615,4.548815],[9.616228,4.549344],[9.616424,4.549516],[9.61656,4.549619],[9.616716,4.549715],[9.616882,4.549806],[9.61699,4.549855],[9.617057,4.549875],[9.617138,4.5499],[9.617233,4.549917],[9.617278,4.549926],[9.617411,4.549941],[9.617432,4.549943],[9.617845,4.549996],[9.618421,4.550054],[9.618869,4.550103],[9.619184,4.550153],[9.619432,4.550199],[9.61954,4.550226],[9.619631,4.550254],[9.619746,4.55029],[9.619905,4.550351],[9.620079,4.550444],[9.620239,4.550544],[9.620463,4.550703],[9.620501,4.550737],[9.620517,4.550752],[9.620635,4.550858],[9.620814,4.551037],[9.62093,4.551171],[9.620997,4.551258],[9.621023,4.551292],[9.621096,4.551408],[9.621136,4.551471],[9.621189,4.551562],[9.621192,4.551567],[9.621239,4.551662],[9.621356,4.551937],[9.621406,4.552074],[9.62143,4.552169],[9.621474,4.552334],[9.621515,4.55254],[9.621542,4.552731],[9.621564,4.552941],[9.621581,4.553221],[9.6216,4.553673],[9.621619,4.554068],[9.621621,4.554389],[9.621599,4.554879],[9.621563,4.555429],[9.621564,4.555679],[9.621579,4.555909],[9.621618,4.55616],[9.621664,4.556324],[9.621703,4.556431],[9.621804,4.556679],[9.621805,4.556681],[9.621925,4.556949],[9.622188,4.557493],[9.622262,4.557668],[9.622292,4.557753],[9.622351,4.557947],[9.622386,4.558072],[9.622407,4.558177],[9.622425,4.558266],[9.622475,4.558554],[9.622495,4.558709],[9.622508,4.558812],[9.622629,4.559598],[9.622633,4.559626],[9.622677,4.559896],[9.62269,4.559953],[9.622727,4.560111],[9.62277,4.560275],[9.622825,4.560417],[9.622848,4.560468],[9.622886,4.560555],[9.622955,4.560673],[9.623029,4.560777],[9.623042,4.560796],[9.623074,4.560842],[9.623138,4.56092],[9.623187,4.560981],[9.623373,4.561193],[9.62343,4.561257],[9.623701,4.561563],[9.624007,4.5619],[9.62416,4.56203],[9.624238,4.562091],[9.624304,4.562133],[9.624436,4.562208],[9.624608,4.562282],[9.624742,4.56232],[9.624855,4.562336],[9.625004,4.562343],[9.625171,4.562333],[9.625338,4.562296],[9.625474,4.562255],[9.625638,4.562184],[9.625781,4.562105],[9.625955,4.561989],[9.626148,4.561841],[9.62677,4.561356],[9.626979,4.561216],[9.627164,4.561129],[9.627317,4.561065],[9.627454,4.561022],[9.627595,4.561003],[9.627744,4.560991],[9.627935,4.560989],[9.628111,4.56101],[9.628196,4.561025],[9.628324,4.561067],[9.628338,4.561072],[9.628585,4.561163],[9.62867,4.561211],[9.628757,4.561261],[9.62892,4.561371],[9.628967,4.561413],[9.629079,4.561515],[9.629097,4.561537],[9.62928,4.561752],[9.629374,4.561889],[9.629431,4.561984],[9.629834,4.56272],[9.629983,4.562966],[9.630074,4.563082],[9.630132,4.563143],[9.630244,4.563251],[9.630331,4.56332],[9.630462,4.563402],[9.630561,4.563449],[9.63089,4.563575],[9.631138,4.563659],[9.631389,4.563745],[9.631478,4.563778],[9.632144,4.56403],[9.632838,4.564288],[9.633115,4.56441],[9.633159,4.56443],[9.633273,4.564483],[9.633321,4.564511],[9.633374,4.564542],[9.633551,4.564655],[9.633624,4.564706],[9.633918,4.564914],[9.633996,4.56497],[9.634066,4.565017],[9.634268,4.565157],[9.634504,4.565334],[9.634648,4.565443],[9.634792,4.565551],[9.634891,4.565626],[9.634935,4.56566],[9.63509,4.56578],[9.635207,4.56589],[9.635445,4.566144],[9.635544,4.566266],[9.635618,4.566387],[9.635639,4.566425],[9.635867,4.566835],[9.636337,4.567731],[9.636479,4.567975],[9.636591,4.568142],[9.636602,4.568153],[9.63681,4.568366],[9.637011,4.56853],[9.637148,4.568623],[9.637297,4.568722],[9.637748,4.569019],[9.637851,4.569087],[9.6379,4.569117],[9.638307,4.569364],[9.638366,4.569391],[9.638544,4.569471],[9.638778,4.569528],[9.638882,4.569538],[9.638899,4.56954],[9.639029,4.569549],[9.639182,4.569546],[9.639332,4.56953],[9.63942,4.569513],[9.639597,4.569477],[9.639674,4.569461],[9.640121,4.569342],[9.640205,4.569319],[9.640539,4.569254],[9.640726,4.569229],[9.640858,4.569222],[9.64101,4.569216],[9.641141,4.569224],[9.64134,4.569258],[9.641552,4.569325],[9.641694,4.569395],[9.641799,4.569455],[9.641987,4.569616],[9.642072,4.569706],[9.642156,4.5698],[9.642339,4.570028],[9.642452,4.570168],[9.64246,4.570178],[9.642737,4.57056],[9.642863,4.570759],[9.642957,4.570909],[9.642958,4.570912],[9.643019,4.571023],[9.64308,4.571145],[9.64315,4.571312],[9.6432,4.571446],[9.64324,4.571573],[9.643293,4.571744],[9.643395,4.57207],[9.643481,4.57236],[9.643505,4.572432],[9.643561,4.572603],[9.643857,4.573504],[9.644287,4.574844],[9.644624,4.575903],[9.64474,4.57627],[9.645103,4.57743],[9.645304,4.578074],[9.645403,4.57839],[9.645507,4.578632],[9.645619,4.578862],[9.645811,4.579205],[9.646118,4.579696],[9.646786,4.5807],[9.647232,4.581393],[9.647374,4.581614],[9.647409,4.581667],[9.647854,4.582337],[9.647886,4.582388],[9.648323,4.583088],[9.648377,4.583185],[9.648417,4.583266],[9.64842,4.583272],[9.648544,4.58357],[9.648931,4.584403],[9.649245,4.585079],[9.649508,4.58565],[9.649762,4.586201],[9.649767,4.586211],[9.650124,4.58699],[9.650314,4.587403],[9.650704,4.588228],[9.650939,4.588718],[9.651367,4.589614],[9.651433,4.589733],[9.651572,4.589982],[9.651781,4.590326],[9.651811,4.590369],[9.652017,4.590664],[9.652062,4.590727],[9.652148,4.590837],[9.652326,4.591061],[9.65253,4.591292],[9.652669,4.591439],[9.653266,4.592071],[9.653874,4.592706],[9.653932,4.592767],[9.654344,4.593192],[9.655214,4.594079],[9.655318,4.594185],[9.655342,4.59421],[9.65606,4.594933],[9.657264,4.596137],[9.657378,4.596251],[9.657435,4.596308],[9.658608,4.597461],[9.658811,4.59765],[9.659019,4.597831],[9.659231,4.597987],[9.65936,4.598082],[9.659376,4.598094],[9.6595,4.598185],[9.659522,4.5982],[9.659669,4.598303],[9.659726,4.598343],[9.6603,4.598749],[9.661417,4.599544],[9.66167,4.599725],[9.662897,4.600573],[9.66308,4.6007],[9.664407,4.601621],[9.664967,4.602016],[9.665114,4.60212],[9.665798,4.602603],[9.666039,4.602749],[9.666184,4.602824],[9.666221,4.602843],[9.666392,4.602925],[9.666512,4.602982],[9.666696,4.603048],[9.666816,4.603084],[9.667131,4.603181],[9.667524,4.603282],[9.66784,4.603359],[9.668914,4.603605],[9.668933,4.60361],[9.669125,4.603662],[9.669351,4.603741],[9.669613,4.603847],[9.669845,4.603939],[9.670254,4.604143],[9.670267,4.60415],[9.670423,4.60424],[9.670663,4.604378],[9.671046,4.604648],[9.671312,4.604858],[9.671677,4.605191],[9.672019,4.605558],[9.672282,4.605872],[9.672405,4.606046],[9.672616,4.606381],[9.672883,4.606851],[9.672995,4.607067],[9.673603,4.608344],[9.673649,4.60844],[9.673726,4.608602],[9.673812,4.608784],[9.674398,4.610034],[9.675129,4.611584],[9.675531,4.612462],[9.675917,4.613261],[9.676209,4.613881],[9.676651,4.614824],[9.676799,4.615221],[9.676848,4.615374],[9.676882,4.615471],[9.676959,4.615889],[9.676994,4.61627],[9.677003,4.616548],[9.676986,4.616823],[9.676956,4.617098],[9.676892,4.617462],[9.676825,4.617755],[9.67661,4.618528],[9.676326,4.619515],[9.676319,4.619542],[9.676277,4.619688],[9.676228,4.619861],[9.676179,4.620034],[9.675808,4.621348],[9.675787,4.621419],[9.675561,4.622194],[9.675435,4.622628],[9.675424,4.622665],[9.675372,4.622875],[9.675303,4.623154],[9.675251,4.623386],[9.675242,4.623498],[9.675222,4.623799],[9.675223,4.623983],[9.675234,4.624244],[9.675251,4.624429],[9.675275,4.624604],[9.675303,4.624759],[9.675336,4.624948],[9.675404,4.625214],[9.67552,4.625556],[9.675631,4.625814],[9.675652,4.625854],[9.675781,4.6261],[9.675902,4.626307],[9.675972,4.626414],[9.67607,4.626563],[9.676248,4.626783],[9.676686,4.627321],[9.676691,4.627328],[9.676792,4.627467],[9.676909,4.627629],[9.676993,4.627765],[9.677004,4.627784],[9.677094,4.627969],[9.677142,4.628092],[9.677145,4.628101],[9.677183,4.62824],[9.677212,4.628406],[9.677217,4.628444],[9.67724,4.628597],[9.677249,4.628785],[9.677243,4.628907],[9.677236,4.629045],[9.677204,4.629243],[9.677175,4.629365],[9.677144,4.629473],[9.677085,4.629634],[9.67703,4.629769],[9.676985,4.629851],[9.676934,4.629928],[9.67679,4.630144],[9.676608,4.630354],[9.676348,4.630622],[9.676039,4.630913],[9.675909,4.631037],[9.67575,4.631187],[9.675403,4.631556],[9.675249,4.631747],[9.675154,4.631885],[9.675071,4.632025],[9.674999,4.632177],[9.674918,4.632369],[9.674841,4.632609],[9.674807,4.632734],[9.674775,4.632866],[9.674755,4.632987],[9.674745,4.633085],[9.674736,4.633235],[9.674729,4.633512],[9.674772,4.633811],[9.674794,4.633921],[9.674812,4.63399],[9.674839,4.634099],[9.674882,4.634238],[9.674936,4.63441],[9.674996,4.634559],[9.675169,4.634886],[9.67538,4.635255],[9.67563,4.635688],[9.675744,4.635892],[9.675802,4.636007],[9.675917,4.636323],[9.675974,4.636492],[9.675982,4.636521],[9.676023,4.636691],[9.676033,4.636734],[9.676062,4.636874],[9.676066,4.636892],[9.676089,4.637051],[9.676111,4.637297],[9.676119,4.637389],[9.676136,4.637992],[9.676137,4.638131],[9.676139,4.638292],[9.67614,4.638443],[9.676139,4.63849],[9.676131,4.639204],[9.676135,4.639717],[9.676135,4.63973],[9.676141,4.639884],[9.67616,4.640053],[9.676171,4.640149],[9.676206,4.640346],[9.676232,4.640446],[9.676256,4.640511],[9.676274,4.640565],[9.676277,4.640574],[9.676319,4.640681],[9.676336,4.640716],[9.676368,4.640788],[9.67637,4.640792],[9.676436,4.640916],[9.676491,4.641002],[9.676605,4.641172],[9.676705,4.641289],[9.676757,4.64134],[9.676884,4.641467],[9.677025,4.641583],[9.677156,4.641667],[9.677166,4.641674],[9.677416,4.641814],[9.677528,4.64187],[9.677633,4.641922],[9.677668,4.64194],[9.67835,4.642241],[9.678423,4.642273],[9.678961,4.642513],[9.679291,4.64266],[9.6796,4.642811],[9.679689,4.642855],[9.679776,4.642899],[9.679845,4.642933],[9.68024,4.643197],[9.680452,4.643347],[9.680856,4.643665],[9.681162,4.643905],[9.68129,4.644006],[9.681668,4.644316],[9.682037,4.644615],[9.682074,4.644643],[9.682333,4.644884],[9.682453,4.645017],[9.682563,4.645139],[9.682717,4.645329],[9.68285,4.64553],[9.683021,4.645817],[9.683156,4.646078],[9.683214,4.646204],[9.683339,4.646475],[9.683364,4.64653],[9.68357,4.646977],[9.683737,4.647339],[9.683876,4.647639],[9.683936,4.647762],[9.684047,4.647989],[9.684174,4.648247],[9.684206,4.648312],[9.684234,4.648368],[9.68444,4.64873],[9.684475,4.64878],[9.684619,4.648988],[9.684866,4.649296],[9.684894,4.64933],[9.684913,4.649351],[9.684984,4.649432],[9.685032,4.649486],[9.685151,4.649622],[9.685693,4.650238],[9.686175,4.650783],[9.686231,4.650848],[9.686614,4.651282],[9.686633,4.651303],[9.687124,4.651867],[9.687766,4.652607],[9.687905,4.652767],[9.688098,4.652986],[9.68902,4.654033],[9.690066,4.655221],[9.69052,4.655743],[9.690869,4.656144],[9.690975,4.656266],[9.691361,4.6567],[9.692038,4.65747],[9.692185,4.657638],[9.692411,4.657895],[9.692444,4.657933],[9.69253,4.65803],[9.692742,4.658269],[9.692916,4.658438],[9.693077,4.658586],[9.693536,4.658942],[9.693799,4.659141],[9.694029,4.65932],[9.694043,4.659331],[9.694171,4.659431],[9.694176,4.659435],[9.694324,4.659555],[9.694527,4.659719],[9.694757,4.659906],[9.694878,4.66001],[9.694881,4.660013],[9.694972,4.6601],[9.695111,4.660243],[9.695282,4.66043],[9.695468,4.66064],[9.695859,4.661124],[9.696407,4.661743],[9.696661,4.662045],[9.697069,4.66253],[9.697294,4.662795],[9.697517,4.663056],[9.697588,4.663148],[9.697775,4.663393],[9.697859,4.663517],[9.697938,4.66364],[9.697988,4.663724],[9.698052,4.66383],[9.698137,4.663999],[9.698257,4.664229],[9.698521,4.664789],[9.698719,4.665209],[9.69879,4.665349],[9.698976,4.665663],[9.699111,4.665866],[9.699241,4.666031],[9.699338,4.666156],[9.699401,4.666231],[9.699515,4.666363],[9.699596,4.666442],[9.699826,4.666668],[9.700043,4.666862],[9.700372,4.667169],[9.700444,4.667239],[9.700574,4.667364],[9.700592,4.667382],[9.700644,4.667432],[9.700716,4.667512],[9.700769,4.667571],[9.700889,4.667723],[9.70098,4.667856],[9.701076,4.668018],[9.701201,4.668268],[9.70128,4.668482],[9.701495,4.669064],[9.701687,4.6696],[9.701768,4.669895],[9.701814,4.67011],[9.701838,4.670291],[9.701877,4.670794],[9.701896,4.67122],[9.701929,4.672052],[9.701937,4.672174],[9.701949,4.672271],[9.701982,4.672417],[9.702032,4.672612],[9.702085,4.672779],[9.702516,4.674061],[9.702655,4.674531],[9.702697,4.674702],[9.702747,4.674945],[9.70276,4.675067],[9.7028,4.675441],[9.702884,4.676586],[9.702943,4.677407],[9.702953,4.677542],[9.70298,4.677738],[9.703001,4.677842],[9.703023,4.677932],[9.703076,4.678105],[9.703146,4.678289],[9.703239,4.678496],[9.703354,4.678693],[9.703551,4.678962],[9.703612,4.679043],[9.703808,4.679304],[9.703829,4.679331],[9.703936,4.679475],[9.704027,4.679595],[9.704218,4.67988],[9.70429,4.679992],[9.704346,4.680103],[9.704446,4.68032],[9.704551,4.680569],[9.704573,4.680622],[9.704818,4.681219],[9.705018,4.681607],[9.705074,4.681714],[9.70547,4.682414],[9.706368,4.68402],[9.706488,4.684228],[9.706876,4.684903],[9.707455,4.6859],[9.707812,4.686522],[9.708578,4.687837],[9.708652,4.687967],[9.709012,4.688591],[9.709101,4.688747],[9.710202,4.690656],[9.710654,4.691393],[9.710935,4.69178],[9.711119,4.691983],[9.711276,4.692121],[9.711441,4.692259],[9.711607,4.692372],[9.712133,4.692694],[9.712617,4.692977],[9.712982,4.693202],[9.713114,4.693297],[9.713212,4.693379],[9.7133,4.693469],[9.713404,4.693604],[9.71355,4.693841],[9.713994,4.694683],[9.714045,4.694779],[9.714079,4.694841],[9.714165,4.695],[9.714251,4.695158],[9.714499,4.695614],[9.715186,4.696827],[9.715321,4.697076],[9.71536,4.697169],[9.71563,4.697869],[9.715821,4.698371],[9.716159,4.699196],[9.716317,4.699592],[9.716388,4.699804],[9.716954,4.701229],[9.717223,4.701887],[9.717475,4.70252],[9.717875,4.703494],[9.718087,4.704046],[9.718319,4.704651],[9.718442,4.705],[9.718502,4.705244],[9.718541,4.705438],[9.718635,4.706091],[9.718658,4.706321],[9.718765,4.707282],[9.718777,4.70739],[9.718852,4.707924],[9.718937,4.708391],[9.719007,4.70872],[9.719017,4.70877],[9.719037,4.708857],[9.719321,4.710118],[9.71945,4.710637],[9.719562,4.710948],[9.719638,4.71111],[9.719664,4.711159],[9.719724,4.71127],[9.719834,4.711449],[9.719921,4.711571],[9.720523,4.712231],[9.720663,4.712384],[9.720857,4.712618],[9.720965,4.712783],[9.72105,4.712944],[9.721108,4.713067],[9.721213,4.713328],[9.721248,4.713416],[9.721501,4.714121],[9.721608,4.714433],[9.721608,4.714434],[9.721657,4.714576],[9.721795,4.714978],[9.721945,4.715401],[9.72201,4.715651],[9.722017,4.715683],[9.722053,4.715853],[9.722093,4.716126],[9.722109,4.71624],[9.722124,4.716338],[9.722156,4.716876],[9.72217,4.717236],[9.72221,4.717985],[9.722214,4.718062],[9.722214,4.718068],[9.722281,4.71906],[9.722308,4.719477],[9.722315,4.71957],[9.722326,4.719749],[9.72233,4.719819],[9.722362,4.720344],[9.722399,4.720933],[9.722409,4.721023],[9.722445,4.721418],[9.722511,4.721778],[9.722558,4.721987],[9.722598,4.722149],[9.722691,4.722411],[9.722739,4.722526],[9.722766,4.722586],[9.722834,4.722705],[9.722957,4.722896],[9.723068,4.723043],[9.723179,4.723165],[9.723281,4.723259],[9.723755,4.723665],[9.7239,4.723768],[9.724306,4.724068],[9.724754,4.724396],[9.725024,4.724601],[9.725247,4.724746],[9.725683,4.725013],[9.725824,4.725081],[9.725996,4.725154],[9.726479,4.725347],[9.727154,4.725584],[9.727311,4.725646],[9.727679,4.725793],[9.727985,4.725905],[9.728397,4.726055],[9.728493,4.72609],[9.728832,4.726215],[9.729079,4.726306],[9.729452,4.726438],[9.729773,4.72653],[9.730024,4.726619],[9.730621,4.72685],[9.732224,4.727441],[9.732732,4.727628],[9.733071,4.727753],[9.733423,4.727883],[9.73388,4.728069],[9.734082,4.728139],[9.734134,4.728158],[9.734253,4.728196],[9.734425,4.728251],[9.734597,4.728306],[9.734818,4.728378],[9.734869,4.728395],[9.734998,4.728441],[9.735531,4.728618],[9.736317,4.728849],[9.73634,4.728856],[9.736489,4.728903],[9.73659,4.728935],[9.736768,4.728997],[9.736992,4.729088],[9.737175,4.729177],[9.737378,4.729317],[9.737571,4.729474],[9.737759,4.729652],[9.73788,4.729794],[9.738072,4.730033],[9.738334,4.730485],[9.738439,4.730763],[9.738522,4.731055],[9.738562,4.731253],[9.738594,4.731649],[9.738603,4.732413],[9.738632,4.733326],[9.738633,4.733367],[9.738641,4.733506],[9.738654,4.733761],[9.738709,4.734798],[9.738758,4.735405],[9.738861,4.73699],[9.738923,4.737385],[9.738957,4.737573],[9.73901,4.737749],[9.73911,4.737924],[9.739202,4.738082],[9.739265,4.738161],[9.739332,4.738246],[9.739515,4.738409],[9.739634,4.738475],[9.739875,4.738594],[9.740113,4.738687],[9.740289,4.738771],[9.740577,4.738948],[9.74081,4.739139],[9.740954,4.739267],[9.741107,4.739439],[9.741214,4.739613],[9.74131,4.739809],[9.741358,4.739932],[9.741411,4.740127],[9.741435,4.74029],[9.741444,4.740441],[9.741442,4.740588],[9.741429,4.740793],[9.741399,4.74105],[9.741374,4.741224],[9.741372,4.741241],[9.741331,4.741666],[9.741317,4.741941],[9.741316,4.741978],[9.741323,4.742165],[9.741342,4.742377],[9.741394,4.742833],[9.741394,4.742837],[9.741398,4.742869],[9.741584,4.744344],[9.741623,4.744647],[9.741644,4.7448],[9.74168,4.74504],[9.741727,4.74529],[9.741789,4.745505],[9.741834,4.745637],[9.742103,4.746345],[9.742142,4.746466],[9.742206,4.746711],[9.74224,4.746947],[9.742246,4.747102],[9.742236,4.747325],[9.742224,4.747494],[9.742186,4.747877],[9.742186,4.747878],[9.742192,4.748057],[9.742204,4.748384],[9.742207,4.748417],[9.742223,4.748585],[9.742226,4.748595],[9.742278,4.748833],[9.742385,4.749119],[9.742452,4.749276],[9.742521,4.749442],[9.742591,4.749608],[9.742614,4.749662],[9.742665,4.749772],[9.74274,4.749936],[9.743004,4.750507],[9.743118,4.750752],[9.743345,4.751242],[9.743367,4.751289],[9.743418,4.751407],[9.74349,4.751572],[9.743562,4.751737],[9.743614,4.751859],[9.743716,4.752062],[9.743796,4.752223],[9.743876,4.752384],[9.743928,4.752489],[9.744054,4.752697],[9.744148,4.752851],[9.744239,4.753],[9.744242,4.753004],[9.744352,4.753147],[9.74466,4.753549],[9.744798,4.753712],[9.744914,4.75385],[9.74503,4.753988],[9.745092,4.754061],[9.745143,4.754128],[9.745253,4.754271],[9.745568,4.754681],[9.74558,4.7547],[9.745677,4.754852],[9.745819,4.755073],[9.746007,4.755437],[9.746138,4.755709],[9.746243,4.756011],[9.74631,4.75634],[9.746364,4.756662],[9.746397,4.756863],[9.746407,4.756924],[9.74649,4.757425],[9.746562,4.757793],[9.746662,4.758205],[9.746682,4.758272],[9.746739,4.758457],[9.746791,4.758615],[9.746845,4.758782],[9.746847,4.758786],[9.746918,4.758951],[9.746985,4.759106],[9.747223,4.75962],[9.747294,4.759769],[9.747578,4.760358],[9.748299,4.761882],[9.748475,4.762225],[9.748708,4.762707],[9.748913,4.763133],[9.749099,4.76352],[9.749267,4.763886],[9.749554,4.764452],[9.749568,4.764479],[9.749613,4.764567],[9.749765,4.764885],[9.749782,4.764921],[9.749951,4.765273],[9.750144,4.765676],[9.750147,4.765684],[9.750156,4.765701],[9.750359,4.766101],[9.750363,4.766109],[9.750547,4.766474],[9.750695,4.766764],[9.750749,4.766868],[9.750753,4.766876],[9.750932,4.767222],[9.750953,4.767263],[9.751132,4.767608],[9.751192,4.767723],[9.751207,4.767753],[9.751291,4.767912],[9.751341,4.768008],[9.751563,4.76843],[9.751698,4.768687],[9.751758,4.768799],[9.752147,4.769523],[9.752182,4.76959],[9.752776,4.770717],[9.75321,4.771573],[9.753296,4.771738],[9.753508,4.772146],[9.753591,4.772306],[9.753704,4.772524],[9.754047,4.773184],[9.754394,4.773805],[9.754492,4.773981],[9.754689,4.774372],[9.75477,4.774532],[9.754916,4.774821],[9.755387,4.775722],[9.755486,4.775911],[9.755601,4.776129],[9.75593,4.776753],[9.755937,4.776766],[9.755975,4.776837],[9.756299,4.777448],[9.756833,4.778484],[9.757259,4.779279],[9.757485,4.779703],[9.75765,4.780012],[9.757826,4.780338],[9.757873,4.780425],[9.757957,4.780581],[9.758128,4.780901],[9.758212,4.78106],[9.758407,4.781424],[9.758942,4.782477],[9.759155,4.782888],[9.759294,4.783216],[9.759443,4.783587],[9.759548,4.783892],[9.759691,4.784351],[9.75977,4.784672],[9.75983,4.784944],[9.759928,4.785547],[9.759963,4.785828],[9.760221,4.787548],[9.760316,4.788146],[9.760421,4.788851],[9.760475,4.789207],[9.760517,4.789491],[9.760559,4.78974],[9.76057,4.789805],[9.760717,4.790467],[9.760755,4.790618],[9.760769,4.790677],[9.760893,4.791139],[9.760961,4.791392],[9.761049,4.791656],[9.761114,4.791851],[9.761291,4.792333],[9.761381,4.792577],[9.761485,4.792829],[9.761563,4.793],[9.761663,4.793217],[9.762078,4.794008],[9.762526,4.794807],[9.762837,4.795372],[9.76284,4.795378],[9.763012,4.795719],[9.763112,4.795971],[9.763222,4.796299],[9.76327,4.796475],[9.763371,4.79691],[9.763382,4.796972],[9.763406,4.797107],[9.763429,4.79725],[9.763481,4.797744],[9.76348,4.798074],[9.763437,4.798488],[9.763324,4.799388],[9.763322,4.799403],[9.763281,4.799729],[9.763258,4.799907],[9.763236,4.800086],[9.763196,4.800406],[9.763143,4.80083],[9.763115,4.801063],[9.763095,4.801309],[9.763098,4.801565],[9.763123,4.80175],[9.76317,4.801898],[9.763182,4.801936],[9.763279,4.802179],[9.763385,4.802362],[9.763469,4.80247],[9.763568,4.802575],[9.763745,4.802753],[9.76409,4.80305],[9.76426,4.803207],[9.764288,4.803234],[9.764415,4.803362],[9.764437,4.803384],[9.764439,4.803387],[9.76453,4.8035],[9.764561,4.803538],[9.764673,4.803717],[9.764784,4.803932],[9.764887,4.804176],[9.765016,4.804495],[9.765071,4.804633],[9.76539,4.805426],[9.765557,4.805829],[9.765598,4.80593],[9.765638,4.806025],[9.765834,4.806468],[9.765971,4.806731],[9.766089,4.806905],[9.766193,4.807034],[9.766305,4.807145],[9.766387,4.807227],[9.766449,4.807277],[9.766594,4.807394],[9.766645,4.807428],[9.766868,4.807573],[9.767225,4.807788],[9.767503,4.807953],[9.767768,4.808145],[9.767782,4.808158],[9.767976,4.808337],[9.768128,4.808513],[9.768206,4.808623],[9.768231,4.808658],[9.7683,4.808776],[9.768345,4.808854],[9.768434,4.809063],[9.768518,4.809316],[9.768538,4.80945],[9.768551,4.809539],[9.768561,4.809609],[9.768564,4.809718],[9.768566,4.809806],[9.768554,4.809964],[9.768523,4.810191],[9.768483,4.810403],[9.768376,4.810966],[9.768264,4.811454],[9.768239,4.811585],[9.768195,4.811818],[9.768165,4.812142],[9.768165,4.812199],[9.768165,4.812449],[9.768175,4.812524],[9.768192,4.812643],[9.768192,4.812645],[9.768216,4.812777],[9.76828,4.813088],[9.768316,4.813264],[9.768386,4.81361],[9.76844,4.813871],[9.768496,4.814145],[9.768604,4.814667],[9.768622,4.814756],[9.768671,4.815055],[9.768676,4.815089],[9.768753,4.81565],[9.768768,4.815824],[9.768781,4.816208],[9.768791,4.81646],[9.768795,4.816578],[9.768802,4.816757],[9.768825,4.817359],[9.768837,4.817656],[9.768843,4.817836],[9.76885,4.818016],[9.768857,4.818195],[9.768862,4.818321],[9.768885,4.818797],[9.768891,4.818914],[9.768892,4.818949],[9.768899,4.819274],[9.76891,4.819843],[9.768923,4.820481],[9.768954,4.821148],[9.768987,4.821672],[9.768992,4.821761],[9.768993,4.82179],[9.769001,4.821969],[9.769008,4.822149],[9.769017,4.822393],[9.769049,4.822929],[9.769058,4.823078],[9.769099,4.823355],[9.769153,4.823641],[9.769193,4.823848],[9.769212,4.823932],[9.769282,4.824237],[9.769427,4.824723],[9.769587,4.825165],[9.769735,4.825528],[9.769779,4.825634],[9.769803,4.825694],[9.769884,4.825891],[9.769921,4.825983],[9.770248,4.826782],[9.77029,4.826885],[9.770415,4.827159],[9.770432,4.827196],[9.770595,4.827536],[9.770845,4.827985],[9.771021,4.82827],[9.77118,4.828494],[9.771491,4.828892],[9.7718,4.829221],[9.771969,4.829384],[9.772099,4.82951],[9.772284,4.829689],[9.772628,4.829999],[9.772854,4.830193],[9.772905,4.830229],[9.773052,4.830334],[9.773199,4.830438],[9.773265,4.830484],[9.773601,4.8307],[9.773972,4.8309],[9.774189,4.831017],[9.774295,4.831061],[9.774795,4.831267],[9.775069,4.831377],[9.775434,4.8315],[9.775674,4.831566],[9.776009,4.831645],[9.776296,4.831707],[9.776663,4.831793],[9.777234,4.831908],[9.777765,4.832014],[9.778296,4.83212],[9.778393,4.832139],[9.778473,4.832157],[9.778649,4.832195],[9.778825,4.832234],[9.779178,4.832311],[9.779354,4.83235],[9.779938,4.832481],[9.780239,4.832524],[9.78044,4.832533],[9.780703,4.832531],[9.781031,4.832521],[9.781335,4.8325],[9.781546,4.832464],[9.781732,4.832424],[9.782222,4.832298],[9.782373,4.83225],[9.782775,4.832123],[9.782863,4.832099],[9.783091,4.832038],[9.783335,4.831984],[9.783546,4.83195],[9.78375,4.831924],[9.783994,4.831903],[9.784136,4.831894],[9.784221,4.831889],[9.784544,4.8319],[9.784818,4.831913],[9.785173,4.831965],[9.785509,4.832039],[9.785851,4.832126],[9.786081,4.832185],[9.786894,4.832381],[9.787463,4.832532],[9.788941,4.832911],[9.788996,4.832927],[9.789531,4.833079],[9.790199,4.833288],[9.790551,4.833395],[9.790724,4.833447],[9.790896,4.833499],[9.791031,4.83354],[9.792449,4.833976],[9.793805,4.834392],[9.794232,4.834521],[9.794865,4.834713],[9.794867,4.834713],[9.7956,4.834938],[9.796162,4.835139],[9.796812,4.83539],[9.797244,4.835564],[9.797713,4.835763],[9.798127,4.835972],[9.798221,4.836023],[9.7997,4.836826],[9.800859,4.837461],[9.801125,4.837605],[9.801805,4.837974],[9.803274,4.838785],[9.804009,4.839191],[9.804528,4.839461],[9.804903,4.83964],[9.80528,4.839798],[9.805551,4.839901],[9.80563,4.839931],[9.806043,4.840068],[9.806643,4.840244],[9.807022,4.840354],[9.808019,4.840638],[9.808438,4.840758],[9.808873,4.840889],[9.809548,4.841092],[9.809911,4.841211],[9.810109,4.841285],[9.810138,4.841297],[9.810456,4.841437],[9.810684,4.841569],[9.81102,4.841784],[9.811208,4.841932],[9.811341,4.842037],[9.811572,4.842247],[9.811832,4.842541],[9.812027,4.842788],[9.812205,4.843057],[9.812351,4.843307],[9.81236,4.843321],[9.812618,4.843826],[9.812801,4.844184],[9.812909,4.844403],[9.813139,4.844866],[9.813327,4.845244],[9.813419,4.84543],[9.813626,4.845793],[9.813721,4.845961],[9.813866,4.846191],[9.814045,4.846463],[9.814059,4.846483],[9.814258,4.846764],[9.814554,4.847117],[9.81464,4.847206],[9.814706,4.847275],[9.814865,4.847441],[9.81487,4.847446],[9.815,4.847571],[9.815153,4.847717],[9.815221,4.847783],[9.815567,4.848078],[9.81621,4.848559],[9.816562,4.848786],[9.816621,4.848824],[9.816714,4.848884],[9.817056,4.849102],[9.817264,4.849227],[9.81751,4.849375],[9.817635,4.84945],[9.81768,4.849477],[9.818008,4.849622],[9.818247,4.849688],[9.818475,4.849719],[9.818488,4.84972],[9.818571,4.849726],[9.818722,4.84973],[9.818733,4.849729],[9.818936,4.849708],[9.819028,4.849697],[9.819075,4.849691],[9.819264,4.849636],[9.819499,4.849532],[9.820283,4.849094],[9.820636,4.848896],[9.820856,4.848774],[9.82152,4.848407],[9.822415,4.847912],[9.822845,4.847674],[9.82316,4.847498],[9.823405,4.84736],[9.823474,4.847321],[9.823488,4.847313],[9.823806,4.847178],[9.824116,4.847107],[9.824284,4.84709],[9.824399,4.847079],[9.82469,4.847089],[9.824859,4.847114],[9.825022,4.84715],[9.825224,4.847206],[9.825338,4.847238],[9.825512,4.847304],[9.825637,4.847365],[9.825754,4.847438],[9.82593,4.847549],[9.82631,4.847818],[9.826461,4.847948],[9.82664,4.848102],[9.826879,4.848334],[9.827055,4.848522],[9.827282,4.848811],[9.827346,4.848892],[9.827504,4.84912],[9.82768,4.849414],[9.827932,4.849884],[9.82828,4.850519],[9.828692,4.851297],[9.828841,4.851557],[9.829157,4.852086],[9.829402,4.852503],[9.829423,4.852539],[9.82954,4.852726],[9.829633,4.852836],[9.829903,4.853161],[9.830041,4.853304],[9.830131,4.853398],[9.83038,4.85363],[9.830422,4.853662],[9.830667,4.853847],[9.830817,4.853947],[9.830984,4.854059],[9.831279,4.854229],[9.831739,4.854455],[9.832249,4.854688],[9.833086,4.855048],[9.833633,4.855278],[9.833817,4.855356],[9.833965,4.855421],[9.834081,4.855473],[9.83413,4.855494],[9.834246,4.855546],[9.834571,4.855702],[9.834773,4.85582],[9.834929,4.855911],[9.834974,4.855938],[9.835035,4.85598],[9.835184,4.856083],[9.83549,4.856306],[9.835988,4.856715],[9.83672,4.857304],[9.837399,4.857836],[9.837572,4.857972],[9.837682,4.85806],[9.837822,4.858173],[9.837962,4.858286],[9.838182,4.858463],[9.838659,4.858858],[9.838936,4.859088],[9.839212,4.859321],[9.839488,4.859553],[9.839626,4.859669],[9.839907,4.859894],[9.840048,4.860007],[9.840611,4.860457],[9.841211,4.86094],[9.841723,4.861375],[9.842026,4.861633],[9.842131,4.86173],[9.842397,4.861973],[9.842662,4.862217],[9.843317,4.862836],[9.84347,4.86298],[9.843848,4.863324],[9.844478,4.863897],[9.84491,4.864319],[9.845025,4.864439],[9.845522,4.86496],[9.845647,4.865091],[9.845785,4.865236],[9.845894,4.865353],[9.846141,4.865615],[9.846758,4.866272],[9.846881,4.866403],[9.847005,4.866534],[9.847797,4.867376],[9.848026,4.867635],[9.848433,4.868064],[9.848925,4.868542],[9.849279,4.86892],[9.849798,4.869411],[9.850575,4.870175],[9.850857,4.870459],[9.851081,4.870669],[9.85181,4.871381],[9.852157,4.871719],[9.852475,4.872018],[9.853171,4.8727],[9.853548,4.87307],[9.853786,4.873302],[9.854494,4.873992],[9.854583,4.874069],[9.854983,4.874416],[9.855536,4.874895],[9.855678,4.875018],[9.856497,4.875692],[9.856637,4.875813],[9.857191,4.876287],[9.857597,4.876626],[9.857661,4.876679],[9.858203,4.877134],[9.858293,4.877218],[9.858542,4.877417],[9.858731,4.877567],[9.858899,4.877702],[9.85911,4.877853],[9.859271,4.87796],[9.85953,4.878087],[9.859624,4.878122],[9.859829,4.878198],[9.859902,4.878221],[9.860074,4.878273],[9.860235,4.87831],[9.860423,4.878325],[9.860428,4.878325],[9.860738,4.87834],[9.861126,4.878344],[9.861537,4.878335],[9.861765,4.878333],[9.86237,4.878328],[9.86255,4.878326],[9.863025,4.878322],[9.863334,4.878298],[9.863388,4.878291],[9.863609,4.878267],[9.86396,4.878202],[9.863985,4.878195],[9.864277,4.878109],[9.864648,4.877961],[9.86492,4.877841],[9.865209,4.87768],[9.86579,4.877359],[9.866317,4.877074],[9.866436,4.87701],[9.86688,4.876771],[9.866913,4.876753],[9.867914,4.876201],[9.868959,4.875623],[9.869004,4.875597],[9.869252,4.875458],[9.869409,4.87537],[9.869566,4.875282],[9.86979,4.875156],[9.870029,4.875022],[9.870578,4.874717],[9.871142,4.874403],[9.871164,4.874391],[9.871299,4.874316],[9.871457,4.874228],[9.871681,4.874103],[9.872124,4.873856],[9.873093,4.873301],[9.873209,4.873234],[9.873733,4.87295],[9.873998,4.87284],[9.874232,4.872767],[9.874337,4.872734],[9.87471,4.872629],[9.875065,4.872567],[9.875468,4.872517],[9.875487,4.872515],[9.875751,4.872496],[9.875931,4.872484],[9.876173,4.872467],[9.876549,4.87245],[9.876793,4.872439],[9.877373,4.872407],[9.877512,4.8724],[9.878282,4.872351],[9.878351,4.872346],[9.879175,4.872289],[9.880135,4.872222],[9.880406,4.87221],[9.880573,4.872202],[9.880997,4.872201],[9.881263,4.872216],[9.881367,4.872224],[9.881476,4.872233],[9.88186,4.872289],[9.88244,4.872406],[9.882778,4.872494],[9.88301,4.872569],[9.883057,4.872585],[9.883399,4.8727],[9.883746,4.87285],[9.884149,4.873059],[9.884698,4.873375],[9.885181,4.873653],[9.886413,4.874372],[9.886648,4.874496],[9.887188,4.874801],[9.887963,4.87525],[9.888293,4.875444],[9.888491,4.875559],[9.888883,4.875799],[9.888925,4.875823],[9.889751,4.876295],[9.889851,4.876353],[9.890085,4.876487],[9.890468,4.876694],[9.890762,4.876858],[9.891547,4.877295],[9.892253,4.877665],[9.892493,4.877819],[9.892631,4.877912],[9.892999,4.878225],[9.893304,4.878517],[9.893314,4.878529],[9.893337,4.878559],[9.893512,4.878782],[9.893663,4.878989],[9.893727,4.879077],[9.893822,4.879244],[9.893848,4.879294],[9.894094,4.879774],[9.894192,4.879995],[9.894245,4.880116],[9.894342,4.880414],[9.894424,4.880733],[9.894484,4.881102],[9.89453,4.881505],[9.894537,4.881811],[9.89455,4.882051],[9.89458,4.882605],[9.894633,4.883148],[9.894679,4.883325],[9.894726,4.883507],[9.894796,4.88373],[9.894811,4.883774],[9.894894,4.883985],[9.89497,4.884177],[9.89512,4.884482],[9.895476,4.885027],[9.895604,4.885234],[9.895732,4.885441],[9.896218,4.88612],[9.896827,4.887042],[9.897272,4.887694],[9.897839,4.888531],[9.898439,4.889403],[9.898656,4.889719],[9.89877,4.889873],[9.898774,4.889878],[9.898898,4.890023],[9.899101,4.890255],[9.899195,4.890361],[9.899454,4.890604],[9.899663,4.890781],[9.899895,4.890987],[9.900017,4.891096],[9.900452,4.89145],[9.900482,4.891473],[9.900593,4.891558],[9.901379,4.89216],[9.901451,4.892215],[9.901625,4.89235],[9.901771,4.892458],[9.901919,4.892568],[9.90206,4.892675],[9.90217,4.892759],[9.902179,4.892766],[9.902203,4.892785],[9.902403,4.892942],[9.902608,4.893143],[9.902788,4.893339],[9.902943,4.893513],[9.9031,4.893722],[9.903656,4.894535],[9.903688,4.894579],[9.903871,4.89484],[9.903876,4.894848],[9.904236,4.895264],[9.904435,4.895496],[9.904743,4.895731],[9.904962,4.895881],[9.905156,4.895991],[9.905346,4.896089],[9.905507,4.89615],[9.905844,4.896279],[9.90606,4.896356],[9.906921,4.89658],[9.907782,4.896795],[9.90815,4.896912],[9.908274,4.896964],[9.90844,4.897034],[9.908563,4.897085],[9.908605,4.897107],[9.908848,4.897235],[9.908922,4.897279],[9.909245,4.897472],[9.909421,4.897585],[9.909741,4.897835],[9.910151,4.898165],[9.910235,4.898228],[9.910379,4.898337],[9.910522,4.898446],[9.910666,4.898554],[9.910681,4.898566],[9.910906,4.89873],[9.911099,4.898892],[9.911223,4.899011],[9.911352,4.899136],[9.911506,4.899286],[9.911742,4.899548],[9.911836,4.899669],[9.911947,4.899811],[9.912051,4.899958],[9.91226,4.900252],[9.912391,4.900436],[9.912601,4.900763],[9.912754,4.901061],[9.912922,4.90145],[9.913143,4.902058],[9.913218,4.902308],[9.913327,4.902829],[9.913618,4.904488],[9.913705,4.905021],[9.913785,4.905502],[9.91388,4.905973],[9.913956,4.906261],[9.914045,4.906523],[9.914318,4.907262],[9.914469,4.907589],[9.914595,4.907823],[9.914964,4.908451],[9.915086,4.908648],[9.915181,4.908801],[9.915276,4.908954],[9.915279,4.908959],[9.915997,4.910051],[9.916433,4.910665],[9.916755,4.911216],[9.916899,4.911485],[9.917027,4.911797],[9.917114,4.912036],[9.917175,4.912205],[9.917234,4.912369],[9.917235,4.912375],[9.917316,4.91269],[9.917373,4.912971],[9.917677,4.914488],[9.917685,4.914533],[9.917711,4.914664],[9.917746,4.914841],[9.918258,4.917439],[9.918691,4.919724],[9.918753,4.919959],[9.918832,4.920253],[9.918848,4.920306],[9.91902,4.920851],[9.919187,4.921273],[9.919424,4.921751],[9.919789,4.922411],[9.920228,4.923193],[9.920337,4.923373],[9.920468,4.92359],[9.920687,4.923895],[9.920856,4.924073],[9.921001,4.924194],[9.921378,4.92447],[9.921646,4.924614],[9.921814,4.924675],[9.921959,4.924709],[9.922003,4.92472],[9.92236,4.924774],[9.922666,4.924789],[9.923013,4.924785],[9.923397,4.924771],[9.923558,4.924765],[9.92386,4.924774],[9.924176,4.924809],[9.924399,4.924848],[9.92458,4.924897],[9.924864,4.925016],[9.924971,4.925073],[9.925119,4.925151],[9.92513,4.925159],[9.925277,4.925263],[9.925351,4.925316],[9.925519,4.925462],[9.925669,4.925633],[9.925689,4.925657],[9.925868,4.925909],[9.926546,4.92688],[9.927286,4.92792],[9.927877,4.928721],[9.928174,4.929154],[9.928599,4.929723],[9.92895,4.930213],[9.929193,4.930564],[9.929672,4.931256],[9.929781,4.931414],[9.929939,4.931632],[9.930021,4.931743],[9.930232,4.932035],[9.930296,4.932122],[9.930328,4.932172],[9.930679,4.932717],[9.930968,4.93328],[9.931052,4.933467],[9.931091,4.933556],[9.931152,4.933705],[9.93129,4.93404],[9.931432,4.934447],[9.931437,4.934464],[9.931547,4.934844],[9.93169,4.935393],[9.931692,4.9354],[9.931701,4.935458],[9.931784,4.936011],[9.931805,4.936181],[9.931844,4.936493],[9.93186,4.936832],[9.931867,4.937068],[9.931887,4.937729],[9.931891,4.93786],[9.931894,4.937993],[9.931924,4.939205],[9.931932,4.939608],[9.931935,4.939791],[9.931944,4.940196],[9.931945,4.940235],[9.931976,4.941028],[9.931974,4.94139],[9.93196,4.941564],[9.931954,4.941629],[9.931901,4.942092],[9.931867,4.942272],[9.931819,4.94248],[9.931662,4.942937],[9.931479,4.943382],[9.931362,4.943638],[9.931281,4.943808],[9.931221,4.943909],[9.931059,4.944169],[9.930826,4.944491],[9.930732,4.944621],[9.930616,4.944764],[9.93051,4.944888],[9.930366,4.945028],[9.930064,4.945312],[9.929668,4.945686],[9.929561,4.945787],[9.929198,4.94613],[9.929031,4.946292],[9.928779,4.946561],[9.928453,4.946836],[9.928144,4.947117],[9.92793,4.94731],[9.927739,4.947511],[9.927526,4.947738],[9.927293,4.948022],[9.927089,4.948306],[9.926999,4.94847],[9.926896,4.948668],[9.92667,4.949124],[9.926565,4.949422],[9.926514,4.949595],[9.926443,4.949866],[9.92641,4.950059],[9.926383,4.950329],[9.926383,4.951308],[9.926374,4.951952],[9.926378,4.952049],[9.926393,4.952385],[9.926415,4.952884],[9.926476,4.953626],[9.92655,4.954045],[9.926642,4.954402],[9.926691,4.954576],[9.926842,4.954999],[9.926854,4.955088],[9.926865,4.955172],[9.926885,4.95524],[9.926929,4.95534],[9.927001,4.955474],[9.927089,4.955634],[9.927183,4.955786],[9.927355,4.956042],[9.927584,4.956355],[9.927856,4.956674],[9.928198,4.957068],[9.928469,4.957418],[9.928629,4.957668],[9.928714,4.957836],[9.928793,4.958039],[9.928838,4.958177],[9.928865,4.9583],[9.928896,4.958471],[9.928909,4.958629],[9.928911,4.958818],[9.928912,4.958888],[9.928895,4.959074],[9.928879,4.959183],[9.928835,4.959389],[9.928726,4.959681],[9.928549,4.960051],[9.928367,4.960415],[9.928114,4.960921],[9.927888,4.961373],[9.927575,4.96196],[9.927455,4.962195],[9.927229,4.962613],[9.927214,4.962642],[9.92715,4.962761],[9.926837,4.963358],[9.926549,4.963941],[9.926407,4.964322],[9.926324,4.964563],[9.926256,4.96483],[9.926226,4.964966],[9.926175,4.9652],[9.926169,4.965227],[9.926133,4.965403],[9.926131,4.965415],[9.92606,4.965755],[9.926049,4.965806],[9.926023,4.965931],[9.92572,4.967392],[9.92563,4.967822],[9.925622,4.967869],[9.925593,4.968047],[9.925584,4.968098],[9.925566,4.968205],[9.925564,4.968224],[9.92556,4.968276],[9.92555,4.968398],[9.925536,4.968621],[9.925556,4.968878],[9.925607,4.969179],[9.92567,4.969406],[9.925688,4.969466],[9.925738,4.969624],[9.925835,4.969832],[9.925983,4.970087],[9.926013,4.970129],[9.926411,4.970695],[9.926518,4.970848],[9.927021,4.971512],[9.927057,4.971559],[9.927502,4.972136],[9.927612,4.972278],[9.92782,4.972581],[9.927952,4.972753],[9.928179,4.97302],[9.928432,4.973312],[9.928751,4.973582],[9.929182,4.973928],[9.929842,4.97444],[9.930308,4.974802],[9.930678,4.97509],[9.930794,4.975178],[9.930926,4.975277],[9.931209,4.97549],[9.931253,4.975523],[9.931337,4.975586],[9.931517,4.975723],[9.931648,4.975824],[9.931702,4.975865],[9.932224,4.976278],[9.932539,4.976525],[9.933235,4.97707],[9.933649,4.977393],[9.93371,4.977441],[9.934043,4.977703],[9.934628,4.978161],[9.93488,4.978358],[9.935045,4.978481],[9.935519,4.978836],[9.935626,4.978916],[9.935855,4.979087],[9.93696,4.979948],[9.937011,4.979991],[9.937377,4.980298],[9.937624,4.980503],[9.9378,4.980661],[9.937976,4.980818],[9.938253,4.981116],[9.938527,4.981453],[9.938773,4.9818],[9.938985,4.982129],[9.939038,4.982236],[9.939127,4.982417],[9.939264,4.982706],[9.939343,4.982908],[9.939516,4.983396],[9.93955,4.983498],[9.939622,4.98374],[9.939635,4.983786],[9.939656,4.98387],[9.939799,4.984488],[9.939973,4.985449],[9.939975,4.985457],[9.940173,4.986454],[9.940184,4.986516],[9.940214,4.986693],[9.940244,4.986871],[9.940357,4.987542],[9.940522,4.988336],[9.940618,4.988743],[9.94064,4.988808],[9.940801,4.989284],[9.941035,4.989801],[9.94123,4.990115],[9.941325,4.990268],[9.94142,4.990421],[9.941663,4.990813],[9.94198,4.991345],[9.942029,4.991428],[9.942073,4.991499],[9.942168,4.991652],[9.9425,4.992187],[9.9427,4.992567],[9.942802,4.99279],[9.942887,4.993006],[9.942916,4.993085],[9.942944,4.993161],[9.943008,4.993364],[9.943023,4.993428],[9.943046,4.993529],[9.943096,4.993801],[9.943126,4.994026],[9.943138,4.994201],[9.943149,4.994512],[9.943139,4.994799],[9.943114,4.995051],[9.943069,4.99534],[9.943005,4.995668],[9.942907,4.996243],[9.942718,4.997233],[9.942681,4.997424],[9.942445,4.998646],[9.94244,4.998671],[9.942407,4.998822],[9.942217,4.999677],[9.942135,5.000155],[9.942123,5.000232],[9.942047,5.000729],[9.942011,5.001076],[9.942001,5.001299],[9.941996,5.001662],[9.942007,5.001824],[9.94203,5.002007],[9.942051,5.00214],[9.942093,5.002375],[9.942109,5.002468],[9.942199,5.002848],[9.942276,5.003088],[9.942384,5.003328],[9.942493,5.003511],[9.942674,5.0038],[9.942923,5.004146],[9.942931,5.004157],[9.943036,5.004286],[9.943159,5.004436],[9.943299,5.004588],[9.943385,5.004678],[9.943673,5.00492],[9.943756,5.00499],[9.943813,5.005033],[9.943958,5.005141],[9.943993,5.005167],[9.944108,5.00524],[9.944187,5.005289],[9.944262,5.005334],[9.944712,5.005597],[9.945159,5.005854],[9.945357,5.005962],[9.945516,5.006049],[9.945674,5.006135],[9.945818,5.006214],[9.945833,5.006221],[9.946369,5.006493],[9.94653,5.006577],[9.946909,5.006786],[9.947104,5.006903],[9.947169,5.006941],[9.947256,5.006999],[9.947404,5.007097],[9.947407,5.007099],[9.947693,5.007318],[9.947703,5.007325],[9.947827,5.007439],[9.947942,5.007545],[9.948066,5.007674],[9.94821,5.00782],[9.948275,5.007887],[9.948326,5.007957],[9.948429,5.008096],[9.948433,5.008102],[9.94853,5.008254],[9.948605,5.008369],[9.948831,5.008777],[9.948918,5.008962],[9.948951,5.009048],[9.948975,5.009111],[9.949005,5.009219],[9.949055,5.009392],[9.949088,5.009508],[9.949101,5.009566],[9.949142,5.009741],[9.94918,5.009902],[9.949183,5.009916],[9.94922,5.010092],[9.949391,5.010914],[9.949495,5.011476],[9.949588,5.011919],[9.949647,5.012178],[9.949706,5.012374],[9.949774,5.012563],[9.949864,5.012775],[9.950007,5.013085],[9.950135,5.013314],[9.950264,5.013521],[9.950338,5.013629],[9.950615,5.013943],[9.950842,5.014168],[9.950961,5.014272],[9.951122,5.014412],[9.95132,5.01456],[9.951537,5.014713],[9.951693,5.014823],[9.952628,5.015429],[9.952743,5.015504],[9.952893,5.015604],[9.953577,5.016055],[9.953951,5.016293],[9.954103,5.01639],[9.954213,5.01646],[9.954254,5.016488],[9.955932,5.017613],[9.956254,5.017865],[9.956501,5.018092],[9.956658,5.018253],[9.9569,5.01854],[9.957057,5.01876],[9.957174,5.018944],[9.957338,5.019228],[9.957459,5.01946],[9.958404,5.021528],[9.959201,5.023253],[9.959559,5.024032],[9.959746,5.02445],[9.959834,5.024652],[9.959932,5.024897],[9.959976,5.025008],[9.9601,5.025381],[9.960164,5.025586],[9.960195,5.02572],[9.960282,5.026098],[9.960283,5.026105],[9.96033,5.026397],[9.960371,5.026781],[9.960395,5.027095],[9.960405,5.027312],[9.960422,5.027987],[9.960444,5.028603],[9.960457,5.028818],[9.960508,5.030392],[9.960541,5.031397],[9.960598,5.033098],[9.960615,5.033704],[9.960624,5.033839],[9.96065,5.034149],[9.960678,5.034363],[9.960687,5.034435],[9.960731,5.0347],[9.960735,5.034718],[9.960771,5.034902],[9.960829,5.035166],[9.960902,5.035418],[9.960952,5.03559],[9.961035,5.035879],[9.961104,5.036108],[9.96117,5.036325],[9.961463,5.037439],[9.961478,5.037498],[9.961524,5.037672],[9.961746,5.038515],[9.961754,5.038542],[9.962115,5.039748],[9.962204,5.040097],[9.962249,5.040271],[9.962288,5.040426],[9.962293,5.040445],[9.962331,5.040621],[9.962361,5.040759],[9.962368,5.040797],[9.962384,5.040887],[9.962408,5.041082],[9.962414,5.041154],[9.962426,5.041292],[9.96243,5.041492],[9.96242,5.041722],[9.962413,5.041836],[9.962408,5.041872],[9.962386,5.04205],[9.962373,5.042151],[9.962324,5.042405],[9.962291,5.042548],[9.962257,5.042675],[9.962195,5.042865],[9.962138,5.043021],[9.962047,5.043259],[9.961969,5.043462],[9.961737,5.044016],[9.961421,5.044803],[9.961275,5.045187],[9.961204,5.045378],[9.961132,5.045647],[9.961078,5.045878],[9.961012,5.046232],[9.960995,5.046324],[9.960963,5.046548],[9.960921,5.047175],[9.960902,5.047735],[9.960887,5.047897],[9.960863,5.048139],[9.960838,5.048425],[9.960827,5.048596],[9.960827,5.048791],[9.960803,5.049703],[9.960765,5.050496],[9.960714,5.051305],[9.960703,5.051485],[9.960688,5.051734],[9.960623,5.052356],[9.960588,5.052557],[9.960521,5.05295],[9.960485,5.053119],[9.960455,5.053228],[9.96035,5.053554],[9.960303,5.053691],[9.960258,5.053815],[9.960209,5.053945],[9.960101,5.054204],[9.959953,5.05456],[9.959806,5.054919],[9.959654,5.055287],[9.959507,5.055652],[9.959386,5.055968],[9.959302,5.056185],[9.959262,5.056281],[9.959174,5.056525],[9.95915,5.056578],[9.959029,5.056923],[9.958906,5.057326],[9.958732,5.058054],[9.958658,5.058363],[9.958511,5.059078],[9.958424,5.059507],[9.958388,5.059684],[9.958246,5.06038],[9.958097,5.061093],[9.957963,5.061745],[9.957636,5.063259],[9.957449,5.064239],[9.957328,5.064839],[9.957214,5.065316],[9.957175,5.065482],[9.957083,5.065965],[9.957074,5.06601],[9.957041,5.066187],[9.956955,5.066649],[9.956819,5.067303],[9.95667,5.067947],[9.956651,5.068026],[9.956598,5.068299],[9.956564,5.068476],[9.956529,5.068652],[9.956486,5.068873],[9.956335,5.069583],[9.956255,5.069901],[9.95616,5.070204],[9.956091,5.070395],[9.956021,5.070587],[9.955904,5.070878],[9.955804,5.071074],[9.95554,5.071572],[9.955262,5.071991],[9.95504,5.072269],[9.954851,5.072504],[9.954393,5.073015],[9.953852,5.073605],[9.953457,5.074083],[9.953236,5.074396],[9.953025,5.074729],[9.952877,5.074965],[9.952793,5.075117],[9.952618,5.075484],[9.952542,5.075689],[9.952422,5.076035],[9.952404,5.076085],[9.952345,5.076255],[9.952189,5.076697],[9.951939,5.077451],[9.951644,5.07832],[9.951448,5.078958],[9.951353,5.079337],[9.951276,5.079728],[9.951233,5.080089],[9.951204,5.080453],[9.951184,5.080993],[9.951191,5.081488],[9.951185,5.082146],[9.951154,5.082737],[9.951101,5.083296],[9.951025,5.083767],[9.950945,5.08426],[9.950798,5.085163],[9.950677,5.085923],[9.950649,5.086064],[9.950598,5.086254],[9.950564,5.0864],[9.950542,5.086557],[9.950526,5.086765],[9.950525,5.08678],[9.950514,5.086945],[9.950503,5.087124],[9.950491,5.087304],[9.950477,5.087515],[9.950456,5.088075],[9.950455,5.088335],[9.950451,5.08883],[9.950439,5.089293],[9.950426,5.09018],[9.950395,5.091191],[9.950391,5.091588],[9.950403,5.092109],[9.950435,5.092796],[9.950462,5.093133],[9.950489,5.09337],[9.950512,5.093549],[9.950703,5.095029],[9.950856,5.096143],[9.951007,5.097297],[9.951227,5.098834],[9.951393,5.100149],[9.951416,5.100328],[9.95148,5.10084],[9.95163,5.101855],[9.951752,5.102741],[9.951773,5.103044],[9.95179,5.103333],[9.951815,5.104118],[9.951788,5.104709],[9.951735,5.105164],[9.951631,5.105761],[9.951614,5.105861],[9.951599,5.105938],[9.951475,5.106583],[9.951229,5.107607],[9.951061,5.108377],[9.951028,5.108574],[9.951019,5.108632],[9.950988,5.108842],[9.950962,5.109058],[9.950947,5.109275],[9.950935,5.109492],[9.950936,5.110027],[9.950939,5.11026],[9.950949,5.110577],[9.950977,5.110873],[9.951087,5.111613],[9.951088,5.111617],[9.951094,5.11166],[9.951101,5.111704],[9.951108,5.111746],[9.951108,5.11175],[9.951181,5.112265],[9.951296,5.112976],[9.951325,5.113153],[9.95141,5.113679],[9.951499,5.114189],[9.951536,5.114459],[9.951538,5.114519],[9.951532,5.114565],[9.951535,5.114606],[9.951546,5.11475],[9.951582,5.115072],[9.95167,5.115708],[9.951717,5.115946],[9.951734,5.116062],[9.951821,5.11666],[9.95186,5.116952],[9.951868,5.117017],[9.951884,5.117131],[9.951908,5.117309],[9.951933,5.117487],[9.951959,5.11768],[9.951992,5.117841],[9.952029,5.118018],[9.952052,5.118132],[9.952117,5.118328],[9.952194,5.118515],[9.952341,5.118792],[9.952445,5.118961],[9.952567,5.119129],[9.952647,5.119226],[9.952725,5.119305],[9.95287,5.119454],[9.953051,5.119625],[9.953133,5.119699],[9.953411,5.119946],[9.953609,5.120123],[9.953877,5.120385],[9.954004,5.120508],[9.954006,5.12051],[9.954125,5.120646],[9.954154,5.120679],[9.954297,5.120871],[9.954335,5.120938],[9.954405,5.121059],[9.954493,5.121261],[9.954872,5.122791],[9.954944,5.123045],[9.955019,5.123282],[9.955089,5.123442],[9.955158,5.123583],[9.95529,5.123843],[9.955437,5.124081],[9.955531,5.124218],[9.955642,5.124358],[9.955835,5.124583],[9.955974,5.124736],[9.956129,5.124887],[9.956334,5.125066],[9.956776,5.125339],[9.956889,5.125404],[9.95731,5.125626],[9.957631,5.125791],[9.957954,5.125953],[9.958041,5.125995],[9.958132,5.126039],[9.958223,5.126083],[9.958314,5.126126],[9.958406,5.12617],[9.958442,5.126187],[9.958497,5.126214],[9.958588,5.126257],[9.958604,5.126265],[9.958679,5.126301],[9.95877,5.126345],[9.958861,5.126389],[9.95893,5.126421],[9.958952,5.126432],[9.959044,5.126476],[9.959093,5.126499],[9.959135,5.126519],[9.959226,5.126562],[9.959318,5.126604],[9.959409,5.126648],[9.959501,5.126691],[9.959592,5.126733],[9.959684,5.126778],[9.959774,5.126822],[9.959865,5.126866],[9.959888,5.126876],[9.96039,5.127105],[9.960527,5.127167],[9.961044,5.127412],[9.96186,5.127867],[9.964257,5.129054],[9.965155,5.129509],[9.965782,5.129809],[9.967064,5.130434],[9.968463,5.131125],[9.969272,5.131524],[9.969434,5.131604],[9.96972,5.131745],[9.970404,5.132085],[9.970565,5.132165],[9.971697,5.132726],[9.972942,5.133342],[9.973339,5.133543],[9.973626,5.133669],[9.973787,5.133719],[9.973962,5.133763],[9.974201,5.133816],[9.974472,5.13386],[9.97563,5.134062],[9.97569,5.134072],[9.975765,5.134085],[9.975839,5.134097],[9.975914,5.13411],[9.976026,5.134129],[9.976361,5.134179],[9.976896,5.134263],[9.976919,5.134267],[9.977069,5.134315],[9.977212,5.134361],[9.977404,5.134456],[9.977731,5.134665],[9.977853,5.134751],[9.978474,5.135185],[9.978923,5.135497],[9.979572,5.13595],[9.98005,5.136272],[9.98116,5.137054],[9.982217,5.137767],[9.982967,5.13829],[9.983435,5.138609],[9.983522,5.138658],[9.983712,5.138734],[9.9839,5.138787],[9.984142,5.138834],[9.984319,5.138868],[9.984386,5.138881],[9.984571,5.138918],[9.984857,5.138987],[9.985095,5.139053],[9.98533,5.13914],[9.985527,5.139226],[9.986659,5.13965],[9.986669,5.139654],[9.986828,5.139714],[9.98915,5.140587],[9.990376,5.141048],[9.990431,5.141068],[9.990545,5.141112],[9.990713,5.141177],[9.99105,5.141307],[9.99294,5.142037],[9.994021,5.142448],[9.996172,5.143271],[9.996622,5.143444],[9.996786,5.14349],[9.996867,5.143506],[9.996964,5.143506],[9.997096,5.143493],[9.99723,5.143455],[9.99739,5.143385],[9.997698,5.143212],[9.997843,5.143113],[9.99803,5.142974],[9.998377,5.142688],[9.998579,5.142549],[9.998839,5.142401],[9.999132,5.142265],[9.999252,5.14223],[9.999307,5.142221],[9.999391,5.142213],[9.999466,5.142212],[9.999562,5.142227],[9.99974,5.142266],[10.000372,5.142392],[10.001022,5.142521],[10.00116,5.142566],[10.001319,5.142639],[10.001414,5.14269],[10.001504,5.142757],[10.001636,5.14287],[10.001798,5.143016],[10.002,5.143228],[10.002204,5.14339],[10.00234,5.143497],[10.00243,5.14356],[10.002534,5.143625],[10.00263,5.14367],[10.002782,5.143729],[10.002917,5.143769],[10.00388,5.144001],[10.003892,5.144004],[10.004059,5.144023],[10.004074,5.144024],[10.004317,5.144025],[10.004425,5.144024],[10.004556,5.144001],[10.005056,5.14391],[10.005467,5.143835],[10.006643,5.143657],[10.006736,5.143639],[10.006913,5.143603],[10.007011,5.143583],[10.007291,5.143539],[10.0074,5.143542],[10.007447,5.143554],[10.007487,5.143564],[10.007567,5.14359],[10.007618,5.143613],[10.007662,5.143633],[10.007921,5.143806],[10.007965,5.143836],[10.008227,5.143998],[10.008244,5.144009],[10.008381,5.144093],[10.008466,5.144145],[10.008575,5.144226],[10.008642,5.144292],[10.008733,5.144394],[10.009036,5.144769],[10.009991,5.14602],[10.010353,5.146529],[10.010417,5.146628],[10.010463,5.146737],[10.010485,5.146847],[10.010494,5.146954],[10.010477,5.147079],[10.010438,5.147204],[10.010429,5.147224],[10.010234,5.147648],[10.010151,5.147834],[10.010094,5.148023],[10.010044,5.148249],[10.01003,5.148472],[10.010036,5.148573],[10.010082,5.148719],[10.01015,5.148894],[10.010289,5.149121],[10.010436,5.149327],[10.010716,5.149661],[10.011162,5.150201],[10.0124,5.151704],[10.012657,5.152018],[10.013114,5.15259],[10.013677,5.153293],[10.013914,5.153589],[10.014646,5.154489],[10.015442,5.155468],[10.015896,5.156027],[10.016511,5.156758],[10.016946,5.157285],[10.01696,5.157303],[10.016982,5.157329],[10.017003,5.157355],[10.017025,5.157381],[10.017046,5.157407],[10.017068,5.157433],[10.01709,5.157459],[10.017111,5.157485],[10.017132,5.157511],[10.017154,5.157537],[10.017175,5.157563],[10.017197,5.157589],[10.017218,5.157615],[10.017239,5.157641],[10.017261,5.157667],[10.017282,5.157693],[10.017971,5.158543],[10.018637,5.159365],[10.018678,5.15942],[10.018698,5.159443],[10.018718,5.159468],[10.018738,5.159491],[10.018758,5.159515],[10.018779,5.159539],[10.018799,5.159563],[10.018819,5.159586],[10.018839,5.15961],[10.018859,5.159634],[10.018879,5.159658],[10.018899,5.159682],[10.01892,5.159706],[10.01894,5.15973],[10.01896,5.159754],[10.01898,5.159777],[10.019,5.159801],[10.019021,5.159825],[10.019041,5.159849],[10.019061,5.159873],[10.019081,5.159896],[10.019101,5.15992],[10.019122,5.159944],[10.019142,5.159968],[10.019162,5.159992],[10.019182,5.160016],[10.019202,5.16004],[10.019222,5.160063],[10.019243,5.160087],[10.019263,5.160111],[10.019283,5.160135],[10.019301,5.16016],[10.01932,5.160186],[10.019339,5.160213],[10.019358,5.16024],[10.019377,5.160266],[10.019397,5.160293],[10.019416,5.160319],[10.019428,5.160334],[10.019441,5.160349],[10.019454,5.160363],[10.019466,5.160378],[10.019479,5.160393],[10.019492,5.160408],[10.019504,5.160422],[10.019517,5.160437],[10.01953,5.160452],[10.019542,5.160467],[10.019555,5.160481],[10.019567,5.160496],[10.01958,5.160511],[10.019593,5.160526],[10.019605,5.16054],[10.019618,5.160555],[10.019631,5.160569],[10.019644,5.160584],[10.019656,5.160599],[10.019669,5.160614],[10.019682,5.160629],[10.019694,5.160644],[10.019707,5.160658],[10.01972,5.160673],[10.019732,5.160688],[10.019745,5.160703],[10.019758,5.160717],[10.01977,5.160732],[10.019783,5.160747],[10.019796,5.160762],[10.019808,5.160776],[10.019821,5.160791],[10.019834,5.160805],[10.019846,5.16082],[10.019846,5.16082],[10.019862,5.160839],[10.019876,5.160858],[10.019891,5.160876],[10.019906,5.160896],[10.019921,5.160914],[10.019936,5.160933],[10.01995,5.160952],[10.019965,5.160971],[10.01998,5.16099],[10.019995,5.161009],[10.02001,5.161027],[10.020025,5.161046],[10.02004,5.161065],[10.020055,5.161084],[10.02007,5.161103],[10.020085,5.161122],[10.0201,5.16114],[10.020114,5.161159],[10.020129,5.161178],[10.020145,5.161196],[10.020159,5.161216],[10.020179,5.16124],[10.020742,5.161924],[10.020936,5.162155],[10.021438,5.162768],[10.02215,5.163651],[10.023075,5.164825],[10.023217,5.165041],[10.023288,5.165185],[10.02336,5.16533],[10.023431,5.165474],[10.023502,5.165619],[10.023555,5.165733],[10.02357,5.165766],[10.023638,5.165913],[10.023707,5.166059],[10.023747,5.166146],[10.024021,5.166577],[10.024208,5.166773],[10.024243,5.166809],[10.024438,5.166942],[10.024703,5.167112],[10.02492,5.16732],[10.025051,5.167444],[10.025093,5.167484],[10.025421,5.167923],[10.025635,5.168126],[10.025656,5.168147],[10.025786,5.168223],[10.026356,5.168559],[10.026426,5.168589],[10.026789,5.168772],[10.026902,5.168809],[10.027073,5.168866],[10.02708,5.168868],[10.02728,5.168905],[10.027457,5.168903],[10.028087,5.168759],[10.028311,5.168708],[10.028488,5.168668],[10.028499,5.168666],[10.028915,5.168682],[10.029384,5.168753],[10.02942,5.168759],[10.030088,5.168916],[10.0308,5.169037],[10.030858,5.169047],[10.031174,5.169127],[10.031337,5.169221],[10.031485,5.169335],[10.031588,5.169434],[10.031622,5.169468],[10.031769,5.169579],[10.031927,5.16968],[10.032043,5.169714],[10.032127,5.169739],[10.032285,5.169782],[10.032383,5.169831],[10.032475,5.169877],[10.032537,5.169924],[10.032634,5.169997],[10.032922,5.170269],[10.033017,5.170306],[10.033144,5.170327],[10.033246,5.170338],[10.033493,5.170336],[10.033513,5.170336],[10.033645,5.170323],[10.033812,5.170308],[10.033977,5.170279],[10.034193,5.170219],[10.034203,5.170217],[10.034267,5.1702],[10.034318,5.170193],[10.034562,5.170203],[10.034605,5.170205],[10.034872,5.170203],[10.035091,5.170183],[10.035215,5.170159],[10.035289,5.170139],[10.035379,5.170108],[10.035461,5.170073],[10.035612,5.170006],[10.035804,5.16992],[10.036417,5.169593],[10.036576,5.169513],[10.036594,5.169504],[10.036752,5.169426],[10.036856,5.169389],[10.036908,5.169373],[10.036935,5.169365],[10.037124,5.169311],[10.037477,5.169228],[10.037785,5.169161],[10.037962,5.169123],[10.03902,5.168893],[10.039677,5.16875],[10.040081,5.168671],[10.040998,5.168455],[10.041196,5.168425],[10.041346,5.168413],[10.041493,5.168413],[10.041658,5.168423],[10.041852,5.168455],[10.042312,5.168506],[10.042906,5.168558],[10.043046,5.168552],[10.04317,5.168532],[10.043323,5.16849],[10.043411,5.168459],[10.043489,5.168426],[10.043561,5.16837],[10.043762,5.168194],[10.044266,5.167722],[10.044397,5.167598],[10.044953,5.167076],[10.046136,5.16601],[10.046589,5.165623],[10.046998,5.16525],[10.047066,5.165168],[10.047525,5.164502],[10.047684,5.164292],[10.047972,5.164004],[10.048207,5.163797],[10.048342,5.163677],[10.048377,5.163646],[10.048631,5.163462],[10.048636,5.163459],[10.048765,5.163394],[10.048842,5.163364],[10.048917,5.163341],[10.049035,5.163321],[10.049128,5.16332],[10.049238,5.16332],[10.049401,5.16336],[10.049542,5.163405],[10.049646,5.163448],[10.04987,5.163557],[10.049908,5.163579],[10.050091,5.163691],[10.050216,5.163767],[10.050342,5.163845],[10.050445,5.163893],[10.050543,5.163916],[10.050689,5.16393],[10.050882,5.163923],[10.050902,5.163919],[10.051004,5.163901],[10.051079,5.163885],[10.051139,5.163872],[10.051294,5.163827],[10.051414,5.163785],[10.051501,5.163744],[10.051605,5.163686],[10.051692,5.163611],[10.05172,5.163581],[10.05175,5.163547],[10.051804,5.16347],[10.051826,5.163435],[10.051862,5.163377],[10.051911,5.163277],[10.051924,5.16325],[10.052007,5.163066],[10.052104,5.162908],[10.052167,5.162813],[10.052173,5.162806],[10.052248,5.162719],[10.052365,5.162624],[10.052437,5.162583],[10.052518,5.162545],[10.053102,5.162297],[10.053111,5.162293],[10.05328,5.16223],[10.053619,5.162104],[10.05382,5.162029],[10.054293,5.161847],[10.054464,5.161781],[10.054631,5.161719],[10.055059,5.161562],[10.055204,5.161524],[10.055316,5.161514],[10.055432,5.161515],[10.055498,5.161523],[10.055557,5.161538],[10.055779,5.16161],[10.056045,5.161714],[10.056618,5.161943],[10.057517,5.162303],[10.057788,5.162419],[10.058265,5.162623],[10.058623,5.162762],[10.058791,5.162828],[10.059285,5.16302],[10.059964,5.163295],[10.060132,5.163363],[10.060634,5.163566],[10.062177,5.164176],[10.063511,5.16472],[10.065143,5.165377],[10.065812,5.165646],[10.06598,5.165713],[10.066507,5.165925],[10.068133,5.166573],[10.068877,5.166883],[10.069316,5.167042],[10.069626,5.167174],[10.06997,5.167315],[10.070147,5.167407],[10.070229,5.167469],[10.070288,5.167531],[10.070348,5.167621],[10.070502,5.167982],[10.070588,5.168251],[10.070633,5.168379],[10.070719,5.168565],[10.070787,5.168661],[10.07081,5.168693],[10.070948,5.168799],[10.071089,5.168868],[10.071206,5.168903],[10.071311,5.168924],[10.07142,5.168937],[10.071545,5.168947],[10.071798,5.168941],[10.072339,5.168915],[10.072467,5.168911],[10.072612,5.168919],[10.072713,5.168938],[10.07283,5.168977],[10.072953,5.169028],[10.0731,5.169107],[10.073328,5.16922],[10.073496,5.169306],[10.073581,5.169338],[10.073627,5.169351],[10.073684,5.16936],[10.07375,5.16936],[10.073826,5.169345],[10.073861,5.16933],[10.073942,5.169296],[10.074064,5.169226],[10.074123,5.169193],[10.07437,5.169035],[10.074995,5.168637],[10.075289,5.168464],[10.075295,5.168461],[10.075617,5.168299],[10.075846,5.168233],[10.076,5.168202],[10.076189,5.168187],[10.076377,5.1682],[10.076547,5.168228],[10.076702,5.168265],[10.076801,5.168299],[10.076861,5.168319],[10.07698,5.168371],[10.077158,5.168471],[10.077332,5.168586],[10.077722,5.168861],[10.07786,5.168958],[10.078039,5.169049],[10.078193,5.169108],[10.078271,5.169132],[10.078372,5.169146],[10.078423,5.169142],[10.078491,5.169135],[10.07864,5.169111],[10.079149,5.168957],[10.079251,5.168936],[10.079296,5.168927],[10.079395,5.168916],[10.079503,5.168918],[10.079643,5.168939],[10.079758,5.168974],[10.079877,5.169024],[10.080433,5.169277],[10.080441,5.169279],[10.080536,5.169311],[10.080608,5.169321],[10.08067,5.169325],[10.080802,5.169313],[10.080914,5.16929],[10.081033,5.16925],[10.08118,5.169188],[10.081498,5.169015],[10.081745,5.168894],[10.081876,5.168854],[10.082023,5.168835],[10.082142,5.168834],[10.083576,5.168834],[10.084359,5.168846],[10.084714,5.168845],[10.085106,5.168844],[10.085301,5.168857],[10.085457,5.168882],[10.085533,5.168903],[10.085603,5.168927],[10.085657,5.168952],[10.085774,5.169026],[10.085876,5.169108],[10.08603,5.169273],[10.086138,5.169371],[10.08627,5.169468],[10.086362,5.169521],[10.086463,5.169563],[10.086549,5.169584],[10.086628,5.169594],[10.086751,5.169595],[10.086858,5.169589],[10.086977,5.16956],[10.086981,5.169558],[10.087042,5.169537],[10.087129,5.169501],[10.087224,5.169449],[10.087337,5.169369],[10.087461,5.16926],[10.087751,5.169],[10.087993,5.168781],[10.088238,5.168527],[10.08841,5.168336],[10.088524,5.168173],[10.08886,5.167687],[10.08906,5.16739],[10.08916,5.16724],[10.089261,5.167091],[10.089328,5.16699],[10.089447,5.166833],[10.089526,5.166755],[10.089612,5.166684],[10.089797,5.166559],[10.089953,5.16647],[10.090132,5.166393],[10.090309,5.166339],[10.09048,5.166302],[10.090631,5.166278],[10.091024,5.166185],[10.091119,5.166149],[10.091666,5.165857],[10.091672,5.165854],[10.092139,5.165594],[10.092296,5.165506],[10.092349,5.165477],[10.093002,5.16511],[10.093387,5.164902],[10.093651,5.164755],[10.093718,5.164716],[10.093764,5.164676],[10.093821,5.164625],[10.093869,5.164569],[10.093961,5.164434],[10.094019,5.16432],[10.094097,5.164137],[10.094196,5.163937],[10.094257,5.163828],[10.094335,5.16373],[10.094488,5.163618],[10.094605,5.163556],[10.094744,5.163502],[10.094762,5.163498],[10.094833,5.16348],[10.094893,5.16347],[10.095031,5.163467],[10.095187,5.163477],[10.095323,5.163502],[10.09553,5.163548],[10.095887,5.163645],[10.095997,5.163678],[10.096235,5.163747],[10.097225,5.163978],[10.097288,5.163993],[10.098278,5.164233],[10.098698,5.164335],[10.099271,5.164478],[10.099466,5.16452],[10.099619,5.164535],[10.099819,5.164523],[10.099979,5.164483],[10.100112,5.164428],[10.100194,5.164388],[10.100274,5.164335],[10.100316,5.164294],[10.100368,5.164231],[10.100441,5.164119],[10.100453,5.164101],[10.100499,5.164015],[10.100523,5.163932],[10.100651,5.163027],[10.100781,5.162178],[10.100795,5.162086],[10.10081,5.162],[10.10086,5.161707],[10.100951,5.161372],[10.101045,5.161143],[10.101144,5.160945],[10.101276,5.160714],[10.1014,5.160508],[10.101454,5.160418],[10.101641,5.160118],[10.10173,5.159919],[10.101772,5.159762],[10.10178,5.159702],[10.101791,5.159618],[10.101793,5.159402],[10.101782,5.158966],[10.101792,5.15885],[10.101822,5.158717],[10.101847,5.158631],[10.101859,5.15859],[10.101916,5.158461],[10.102042,5.158263],[10.102161,5.158117],[10.102236,5.15805],[10.102246,5.158041],[10.102362,5.157938],[10.102383,5.157925],[10.102534,5.157826],[10.102706,5.157715],[10.103273,5.157362],[10.103959,5.156938],[10.104218,5.156776],[10.104371,5.15668],[10.104524,5.156585],[10.104983,5.156298],[10.105781,5.155799],[10.106056,5.155633],[10.106211,5.15554],[10.106365,5.155447],[10.106367,5.155445],[10.106664,5.155246],[10.106773,5.155172],[10.107266,5.154861],[10.107397,5.154771],[10.107505,5.154678],[10.107621,5.154561],[10.108165,5.153883],[10.108302,5.153711],[10.10846,5.153548],[10.108583,5.153443],[10.108731,5.153332],[10.108899,5.153241],[10.109095,5.153163],[10.109105,5.153159],[10.109268,5.15311],[10.10928,5.153106],[10.109474,5.153072],[10.10966,5.153065],[10.109843,5.153077],[10.110039,5.153103],[10.110213,5.153134],[10.110347,5.153173],[10.110477,5.153225],[10.110503,5.15324],[10.110908,5.153462],[10.111043,5.153532],[10.111213,5.153593],[10.111292,5.153604],[10.111386,5.153602],[10.111506,5.153585],[10.111629,5.153549],[10.111736,5.153506],[10.111843,5.153455],[10.112511,5.15309],[10.112906,5.152881],[10.113059,5.152831],[10.113142,5.152808],[10.113228,5.1528],[10.113355,5.152807],[10.113421,5.152821],[10.113481,5.152842],[10.113579,5.152905],[10.113635,5.152952],[10.113695,5.153024],[10.113775,5.15316],[10.113846,5.153285],[10.11385,5.153292],[10.113967,5.153481],[10.114047,5.153597],[10.114095,5.153644],[10.114134,5.153672],[10.114226,5.153708],[10.114316,5.153724],[10.114399,5.153719],[10.114466,5.153707],[10.114529,5.153686],[10.114909,5.153478],[10.115054,5.153419],[10.11515,5.153393],[10.115227,5.153384],[10.115299,5.153382],[10.115477,5.153386],[10.115627,5.153392],[10.116157,5.153428],[10.116452,5.153446],[10.116687,5.153461],[10.116911,5.153487],[10.117074,5.153522],[10.117237,5.153579],[10.117326,5.153628],[10.117353,5.153643],[10.117446,5.153711],[10.117513,5.153775],[10.117573,5.153858],[10.117582,5.153875],[10.117625,5.153954],[10.117669,5.154049],[10.117752,5.154359],[10.117818,5.154516],[10.11786,5.154588],[10.1179,5.154648],[10.117935,5.154696],[10.118041,5.154841],[10.11814,5.154976],[10.118174,5.155047],[10.118193,5.155113],[10.118201,5.155167],[10.118204,5.155215],[10.118199,5.155267],[10.118178,5.155325],[10.118139,5.155389],[10.118082,5.155451],[10.118,5.155512],[10.117929,5.155554],[10.117851,5.155584],[10.117735,5.155598],[10.11773,5.155598],[10.11755,5.155614],[10.117519,5.155617],[10.117416,5.155633],[10.117372,5.155645],[10.117337,5.155654],[10.117258,5.1557],[10.117193,5.155762],[10.117146,5.15583],[10.117098,5.155935],[10.117081,5.156086],[10.117053,5.156711],[10.117044,5.157138],[10.117035,5.157532],[10.117063,5.157698],[10.117096,5.157766],[10.117173,5.157847],[10.117257,5.157906],[10.117375,5.157955],[10.117471,5.157985],[10.117604,5.158007],[10.11799,5.158031],[10.118009,5.158031],[10.118302,5.158034],[10.118484,5.158025],[10.118664,5.157994],[10.118786,5.157953],[10.118892,5.157905],[10.118991,5.157861],[10.119054,5.157825],[10.119238,5.157721],[10.119381,5.1576],[10.119467,5.15751],[10.119548,5.157391],[10.11964,5.157212],[10.119711,5.157012],[10.119729,5.15696],[10.119789,5.156802],[10.119873,5.15664],[10.11996,5.15653],[10.120038,5.156467],[10.120096,5.156422],[10.120129,5.156397],[10.120264,5.15632],[10.120575,5.156168],[10.120776,5.156091],[10.120933,5.156051],[10.121004,5.156039],[10.121142,5.156032],[10.121635,5.156072],[10.122002,5.156102],[10.122531,5.15615],[10.123052,5.156253],[10.123242,5.156295],[10.12357,5.156368],[10.123774,5.156393],[10.124097,5.156433],[10.124133,5.156435],[10.124304,5.156442],[10.124313,5.156442],[10.124448,5.156442],[10.124779,5.156433],[10.124854,5.156425],[10.124924,5.156418],[10.125058,5.156389],[10.125151,5.156356],[10.125267,5.156291],[10.125405,5.156194],[10.125586,5.156054],[10.125778,5.155875],[10.125929,5.155746],[10.126053,5.155658],[10.126193,5.155574],[10.126305,5.155525],[10.126418,5.155483],[10.126511,5.155459],[10.126603,5.155435],[10.126657,5.155422],[10.126694,5.155406],[10.126749,5.155373],[10.126795,5.15533],[10.126797,5.155328],[10.126853,5.155265],[10.126898,5.155203],[10.126928,5.155151],[10.12695,5.155089],[10.126967,5.155039],[10.126971,5.154995],[10.126959,5.154905],[10.126938,5.15483],[10.126916,5.15476],[10.126896,5.154718],[10.126872,5.154686],[10.126827,5.154629],[10.126764,5.154576],[10.126407,5.154323],[10.126197,5.154173],[10.126015,5.154024],[10.125924,5.153923],[10.125849,5.153815],[10.125806,5.153726],[10.125782,5.153621],[10.125774,5.153558],[10.125771,5.153469],[10.125775,5.153423],[10.125784,5.153361],[10.125822,5.153261],[10.125848,5.153204],[10.125881,5.153131],[10.125946,5.153036],[10.126004,5.15296],[10.126098,5.152881],[10.126181,5.152832],[10.127038,5.152465],[10.127404,5.152309],[10.127517,5.152267],[10.12764,5.152239],[10.127776,5.152226],[10.127898,5.152234],[10.127936,5.152236],[10.128118,5.152271],[10.128251,5.152305],[10.128327,5.152325],[10.128601,5.152383],[10.128603,5.152384],[10.128837,5.152399],[10.129041,5.152373],[10.1292,5.152323],[10.12933,5.152249],[10.130513,5.151482],[10.130869,5.151245],[10.131258,5.15099],[10.13152,5.150835],[10.131839,5.150683],[10.131909,5.150663],[10.131982,5.150643],[10.132088,5.150618],[10.132615,5.150516],[10.132783,5.15048],[10.132938,5.150432],[10.133259,5.150308],[10.133413,5.150225],[10.134367,5.14975],[10.134774,5.149547],[10.135586,5.149152],[10.135719,5.149087],[10.135749,5.149076],[10.13602,5.148975],[10.136213,5.148927],[10.136411,5.148916],[10.136771,5.148959],[10.137162,5.149017],[10.137627,5.149153],[10.138504,5.149415],[10.138552,5.149427],[10.138902,5.149517],[10.138996,5.149541],[10.139078,5.149555],[10.13909,5.149557],[10.139194,5.149567],[10.139311,5.149567],[10.139434,5.149552],[10.139437,5.149551],[10.139542,5.14952],[10.139627,5.149488],[10.139707,5.149441],[10.140003,5.149223],[10.140328,5.148956],[10.140627,5.148666],[10.140895,5.148367],[10.141068,5.148167],[10.141187,5.148032],[10.141261,5.147946],[10.141672,5.147499],[10.141749,5.147414],[10.141791,5.147364],[10.141996,5.147118],[10.142015,5.147082],[10.142133,5.146866],[10.142263,5.1466],[10.142314,5.146523],[10.142352,5.146469],[10.142402,5.146407],[10.142425,5.146389],[10.14246,5.14637],[10.142508,5.146353],[10.142511,5.146352],[10.142567,5.14634],[10.142628,5.146332],[10.142686,5.146322],[10.142721,5.146316],[10.142865,5.146303],[10.142985,5.146292],[10.143045,5.146289],[10.143226,5.14628],[10.143586,5.146262],[10.143644,5.14626],[10.143947,5.14626],[10.144082,5.146261],[10.144127,5.146267],[10.144169,5.146274],[10.144256,5.146305],[10.144297,5.146326],[10.144311,5.146334],[10.144353,5.146367],[10.144408,5.146433],[10.144459,5.146558],[10.144472,5.146626],[10.144496,5.146749],[10.144501,5.146804],[10.144517,5.146983],[10.144527,5.147093],[10.144522,5.147162],[10.144513,5.147277],[10.144487,5.147349],[10.144422,5.147462],[10.144285,5.147608],[10.144143,5.147751],[10.143937,5.147947],[10.143889,5.148001],[10.143869,5.148024],[10.143828,5.148099],[10.143805,5.148159],[10.143796,5.148182],[10.143782,5.148261],[10.143781,5.148337],[10.143802,5.148442],[10.143826,5.148509],[10.143861,5.14857],[10.143891,5.148618],[10.143932,5.148655],[10.144013,5.148704],[10.144057,5.148721],[10.144145,5.148743],[10.144237,5.148744],[10.144318,5.148736],[10.144417,5.1487],[10.144596,5.148591],[10.14479,5.148447],[10.145186,5.148173],[10.145342,5.148085],[10.145507,5.147992],[10.145756,5.147876],[10.145829,5.147851],[10.146021,5.147784],[10.146358,5.147692],[10.146833,5.147571],[10.146873,5.147564],[10.14705,5.147532],[10.147111,5.14752],[10.147229,5.147504],[10.147261,5.1475],[10.147395,5.147492],[10.147517,5.147501],[10.147625,5.147518],[10.147792,5.147571],[10.147931,5.147624],[10.147962,5.147636],[10.148099,5.14769],[10.148364,5.147795],[10.148934,5.14803],[10.149226,5.14815],[10.149508,5.148265],[10.14984,5.148395],[10.150075,5.148513],[10.150255,5.148609],[10.150357,5.14867],[10.150455,5.148759],[10.150492,5.148811],[10.150531,5.148866],[10.151051,5.149724],[10.15139,5.150254],[10.151475,5.150396],[10.151552,5.150492],[10.151643,5.150598],[10.151748,5.15069],[10.151815,5.150739],[10.152039,5.150869],[10.152128,5.15092],[10.152268,5.151],[10.152285,5.151008],[10.152522,5.151124],[10.152675,5.151201],[10.15281,5.151245],[10.152951,5.151277],[10.153089,5.151293],[10.153298,5.151304],[10.153442,5.1513],[10.154071,5.151299],[10.154403,5.151299],[10.15468,5.151312],[10.154736,5.151315],[10.154993,5.151347],[10.155034,5.151359],[10.155246,5.151422],[10.155507,5.151511],[10.155836,5.151625],[10.156229,5.151754],[10.156533,5.151854],[10.157241,5.152116],[10.157249,5.152119],[10.157829,5.15234],[10.158051,5.152421],[10.15822,5.152467],[10.158269,5.15248],[10.158508,5.152533],[10.158663,5.152549],[10.158744,5.152535],[10.1588,5.152514],[10.158933,5.152459],[10.159147,5.152359],[10.159276,5.152293],[10.159566,5.152165],[10.159718,5.152083],[10.159886,5.151953],[10.160266,5.151587],[10.160726,5.151105],[10.160836,5.150995],[10.161152,5.150683],[10.161603,5.150257],[10.161891,5.150034],[10.162271,5.149801],[10.162429,5.14971],[10.162658,5.149584],[10.163013,5.149413],[10.163252,5.149318],[10.163544,5.14922],[10.163916,5.149128],[10.164145,5.149081],[10.165014,5.148905],[10.165495,5.1488],[10.166642,5.14855],[10.167045,5.148465],[10.167191,5.148436],[10.167439,5.148408],[10.167662,5.148396],[10.168116,5.148421],[10.168509,5.148473],[10.168717,5.148525],[10.16884,5.148583],[10.16897,5.148679],[10.16927,5.148964],[10.169446,5.149084],[10.16955,5.14914],[10.16964,5.149173],[10.169732,5.149192],[10.169859,5.149193],[10.169999,5.149178],[10.170346,5.14908],[10.17038,5.149071],[10.17049,5.149037],[10.170593,5.149021],[10.170661,5.149021],[10.170737,5.149026],[10.170833,5.149037],[10.170974,5.149078],[10.171035,5.149103],[10.17109,5.149137],[10.171138,5.14918],[10.171205,5.149241],[10.171268,5.149318],[10.171385,5.149488],[10.171433,5.1496],[10.171456,5.149704],[10.17147,5.149861],[10.17151,5.150529],[10.171552,5.150791],[10.171582,5.150879],[10.171608,5.150935],[10.171662,5.151015],[10.171708,5.151068],[10.171785,5.151142],[10.171823,5.151169],[10.171878,5.151202],[10.17193,5.151226],[10.172072,5.151276],[10.172191,5.151304],[10.172324,5.151298],[10.172396,5.151287],[10.172471,5.151262],[10.172563,5.151225],[10.172667,5.151181],[10.172961,5.151051],[10.173264,5.1509],[10.173424,5.150823],[10.173429,5.150821],[10.173572,5.150778],[10.17366,5.150759],[10.173745,5.150753],[10.17382,5.150752],[10.173899,5.150759],[10.17405,5.150788],[10.174191,5.150841],[10.174318,5.150905],[10.174327,5.150909],[10.174412,5.150968],[10.174479,5.151031],[10.174538,5.151109],[10.174608,5.151207],[10.174646,5.151288],[10.17469,5.151426],[10.174731,5.151627],[10.174772,5.151867],[10.174829,5.152123],[10.174869,5.152255],[10.174906,5.152356],[10.174944,5.152442],[10.17503,5.152597],[10.175137,5.152763],[10.175151,5.152786],[10.175271,5.152928],[10.175368,5.15303],[10.175512,5.153147],[10.175673,5.15327],[10.175834,5.153388],[10.176104,5.153576],[10.176312,5.153703],[10.176547,5.153827],[10.176742,5.153923],[10.176979,5.154023],[10.177337,5.154152],[10.177525,5.154209],[10.178297,5.154426],[10.179257,5.154689],[10.17975,5.154833],[10.180238,5.154971],[10.180882,5.155131],[10.181043,5.155152],[10.181193,5.155156],[10.181302,5.155151],[10.181419,5.155134],[10.181569,5.155099],[10.181609,5.155083],[10.181681,5.155055],[10.181867,5.154963],[10.18194,5.154904],[10.181943,5.154902],[10.181958,5.15489],[10.181973,5.154878],[10.181988,5.154866],[10.182003,5.154854],[10.182018,5.154842],[10.182033,5.15483],[10.182059,5.154809],[10.182074,5.154797],[10.182088,5.154783],[10.182101,5.15477],[10.182114,5.154756],[10.182127,5.154742],[10.182141,5.154728],[10.182154,5.154714],[10.182167,5.154701],[10.182181,5.154687],[10.182194,5.154673],[10.182207,5.154659],[10.182221,5.154646],[10.182234,5.154632],[10.182247,5.154618],[10.18226,5.154604],[10.182274,5.15459],[10.182287,5.154577],[10.1823,5.154563],[10.182314,5.154549],[10.182327,5.154535],[10.18234,5.154522],[10.182354,5.154508],[10.182367,5.154494],[10.18238,5.15448],[10.182394,5.154466],[10.182407,5.154453],[10.18242,5.154439],[10.182434,5.154425],[10.182447,5.154411],[10.18246,5.154397],[10.182473,5.154384],[10.182487,5.15437],[10.1825,5.154356],[10.182513,5.154342],[10.182527,5.154329],[10.18254,5.154315],[10.182553,5.154301],[10.182557,5.154297],[10.182927,5.153916],[10.183085,5.153801],[10.183171,5.153749],[10.183308,5.153695],[10.183415,5.153686],[10.18352,5.153683],[10.18373,5.153683],[10.183842,5.153709],[10.183938,5.153748],[10.18406,5.15382],[10.18414,5.153883],[10.184211,5.153954],[10.184408,5.154172],[10.184715,5.1545],[10.184823,5.15461],[10.184936,5.154709],[10.185021,5.154767],[10.185116,5.154824],[10.185225,5.154879],[10.185364,5.154934],[10.186063,5.155167],[10.186272,5.155229],[10.186424,5.155263],[10.186756,5.155316],[10.187347,5.155306],[10.187656,5.155297],[10.187846,5.155302],[10.18805,5.155327],[10.188137,5.155344],[10.188196,5.155356],[10.188282,5.155374],[10.188313,5.155382],[10.188372,5.155397],[10.188507,5.155431],[10.18869,5.155494],[10.188871,5.155575],[10.189045,5.155668],[10.189937,5.156212],[10.190061,5.156299],[10.190062,5.156299],[10.190206,5.156454],[10.190297,5.156559],[10.190407,5.156708],[10.190435,5.156765],[10.190485,5.156868],[10.190529,5.157006],[10.190572,5.157203],[10.190578,5.157408],[10.190557,5.1576],[10.190447,5.157945],[10.190312,5.15836],[10.19029,5.158475],[10.190275,5.158588],[10.190269,5.158746],[10.190294,5.15893],[10.19033,5.159077],[10.190408,5.159266],[10.190513,5.159437],[10.190644,5.15965],[10.190939,5.160094],[10.191233,5.160546],[10.191366,5.160747],[10.191683,5.161224],[10.191954,5.161628],[10.192377,5.162244],[10.19246,5.162307],[10.192514,5.162339],[10.192589,5.16238],[10.192618,5.162382],[10.192649,5.16239],[10.192678,5.162401],[10.192703,5.162416],[10.192737,5.162448],[10.192764,5.162488],[10.192774,5.162509],[10.192779,5.162528],[10.192783,5.162571],[10.192777,5.162594],[10.192766,5.162613],[10.192758,5.162627],[10.192747,5.16264],[10.192728,5.162656],[10.192741,5.162704],[10.192752,5.162764],[10.192762,5.162847],[10.192958,5.163344],[10.192984,5.163448],[10.193043,5.163669],[10.193103,5.164004],[10.193172,5.164415],[10.193232,5.1647],[10.193266,5.16486],[10.193329,5.165146],[10.193378,5.16529],[10.19344,5.165418],[10.193496,5.165488],[10.193568,5.165552],[10.193715,5.165647],[10.193805,5.165692],[10.19389,5.165723],[10.19395,5.16574],[10.194035,5.165759],[10.194302,5.165793],[10.194557,5.165853],[10.194673,5.165913],[10.194757,5.165978],[10.194838,5.166058],[10.194907,5.166147],[10.194948,5.166215],[10.19499,5.166313],[10.195012,5.166386],[10.195108,5.16676],[10.19516,5.167021],[10.195362,5.16788],[10.195537,5.16858],[10.195585,5.168762],[10.195646,5.16892],[10.195766,5.169136],[10.195895,5.16933],[10.196093,5.169575],[10.196629,5.170152],[10.19688,5.170439],[10.196967,5.170564],[10.19701,5.170632],[10.197038,5.170698],[10.197077,5.170802],[10.19711,5.170932],[10.197124,5.171104],[10.197126,5.171492],[10.197039,5.172545],[10.197035,5.17283],[10.197067,5.173029],[10.197104,5.17317],[10.197141,5.173279],[10.197254,5.173538],[10.197532,5.174031],[10.197629,5.174182],[10.197714,5.174314],[10.197726,5.174334],[10.197912,5.174643],[10.198004,5.174797],[10.199025,5.176495],[10.199394,5.177127],[10.199593,5.177437],[10.19976,5.177675],[10.200065,5.178055],[10.200283,5.178287],[10.200285,5.17829],[10.200613,5.178535],[10.200999,5.178755],[10.201423,5.178915],[10.202217,5.179096],[10.202608,5.179187],[10.203338,5.179384],[10.204245,5.179583],[10.20457,5.179665],[10.204756,5.179725],[10.20496,5.179795],[10.205003,5.179809],[10.205668,5.180109],[10.205924,5.180227],[10.206439,5.180464],[10.206798,5.180629],[10.207178,5.1808],[10.20724,5.180818],[10.207368,5.180856],[10.207577,5.180896],[10.207754,5.180902],[10.207979,5.180893],[10.208152,5.180886],[10.208357,5.180889],[10.208492,5.180915],[10.208506,5.180918],[10.208664,5.180974],[10.208868,5.181066],[10.209087,5.181167],[10.209345,5.181282],[10.209624,5.181399],[10.209742,5.181447],[10.209834,5.181484],[10.21116,5.181916],[10.211315,5.181967],[10.211331,5.181973],[10.211498,5.182042],[10.21167,5.182112],[10.211877,5.182202],[10.212037,5.182275],[10.212193,5.182361],[10.212373,5.182479],[10.212634,5.182649],[10.213109,5.182994],[10.213506,5.183302],[10.213733,5.183534],[10.213836,5.183664],[10.213843,5.183675],[10.213921,5.183785],[10.213999,5.183903],[10.214049,5.184006],[10.214081,5.184072],[10.214107,5.184175],[10.214116,5.184209],[10.214134,5.184337],[10.214241,5.185283],[10.21427,5.185423],[10.214282,5.185478],[10.214315,5.185665],[10.214342,5.185827],[10.214364,5.185923],[10.214413,5.186032],[10.214482,5.186152],[10.214599,5.186383],[10.214625,5.18643],[10.21485,5.186837],[10.215141,5.187379],[10.215197,5.18758],[10.215264,5.187858],[10.215293,5.188044],[10.215298,5.18823],[10.215307,5.188413],[10.215322,5.188899],[10.215326,5.189315],[10.215322,5.189621],[10.215307,5.190646],[10.215318,5.191176],[10.21534,5.191405],[10.21536,5.19153],[10.215384,5.191635],[10.215385,5.191637],[10.215426,5.191812],[10.215439,5.191868],[10.21548,5.191984],[10.215538,5.192147],[10.215541,5.192153],[10.215676,5.192415],[10.215843,5.192717],[10.215958,5.192896],[10.215983,5.192936],[10.216157,5.193216],[10.216448,5.193658],[10.21672,5.194073],[10.216886,5.194299],[10.216963,5.194379],[10.217047,5.194442],[10.217165,5.194487],[10.217284,5.194519],[10.217339,5.194522],[10.217491,5.194502],[10.217673,5.194458],[10.2177,5.194453],[10.217752,5.194444],[10.217806,5.194431],[10.217855,5.194411],[10.217899,5.194378],[10.21803,5.194212],[10.218316,5.193911],[10.218387,5.193862],[10.218477,5.193826],[10.218582,5.193793],[10.218667,5.193788],[10.218761,5.193797],[10.218882,5.193814],[10.218935,5.193832],[10.219015,5.193863],[10.219125,5.193935],[10.219233,5.194053],[10.219443,5.194329],[10.220025,5.195191],[10.220199,5.195457],[10.220329,5.195685],[10.220334,5.195694],[10.220423,5.195884],[10.22065,5.196461],[10.220678,5.196519],[10.220715,5.196587],[10.2208,5.196689],[10.22086,5.196748],[10.22095,5.196806],[10.221068,5.196857],[10.221193,5.196904],[10.221274,5.196934],[10.221341,5.196952],[10.221448,5.196981],[10.221717,5.197047],[10.221849,5.197087],[10.221912,5.197119],[10.22201,5.197164],[10.222148,5.197277],[10.222273,5.197445],[10.2223,5.197518],[10.222331,5.197601],[10.222363,5.197701],[10.222373,5.197784],[10.22239,5.198057],[10.222375,5.198306],[10.222354,5.19862],[10.222302,5.199384],[10.222287,5.199624],[10.222283,5.199699],[10.222227,5.200172],[10.222108,5.200947],[10.222067,5.201277],[10.222015,5.201473],[10.221964,5.201594],[10.2219,5.201693],[10.221839,5.201752],[10.221715,5.201856],[10.221534,5.201999],[10.221466,5.202085],[10.221427,5.202148],[10.221374,5.202272],[10.22135,5.202342],[10.221331,5.202425],[10.221318,5.202503],[10.221312,5.202572],[10.221316,5.202626],[10.221319,5.202726],[10.221347,5.20297],[10.221387,5.203303],[10.221409,5.203468],[10.221411,5.20385],[10.221393,5.204038],[10.221321,5.204299],[10.221256,5.204445],[10.221183,5.204598],[10.221085,5.204768],[10.221042,5.204855],[10.220993,5.204952],[10.220983,5.204968],[10.220956,5.205013],[10.220793,5.205281],[10.220388,5.206017],[10.219908,5.206893],[10.219878,5.206949],[10.219818,5.207058],[10.219747,5.207246],[10.219705,5.207406],[10.219681,5.20755],[10.219682,5.207662],[10.219692,5.207758],[10.219708,5.207847],[10.219773,5.208105],[10.219844,5.20839],[10.219898,5.208648],[10.219919,5.208905],[10.219903,5.209149],[10.219873,5.209405],[10.219843,5.209588],[10.219793,5.209824],[10.219743,5.209984],[10.219669,5.210143],[10.219539,5.210352],[10.219406,5.210552],[10.218879,5.211259],[10.218786,5.211405],[10.218722,5.211536],[10.218666,5.211708],[10.218642,5.211843],[10.21864,5.211861],[10.218632,5.211972],[10.218638,5.212066],[10.218649,5.212262],[10.218773,5.212896],[10.218925,5.213631],[10.219063,5.214334],[10.219132,5.21469],[10.219232,5.215135],[10.219307,5.215415],[10.219463,5.215946],[10.219712,5.216701],[10.220042,5.217781],[10.220222,5.218356],[10.220367,5.21881],[10.220464,5.219103],[10.220705,5.219882],[10.22073,5.219961],[10.220771,5.220092],[10.220812,5.220248],[10.220835,5.220385],[10.220858,5.220518],[10.220869,5.220689],[10.220869,5.22069],[10.220901,5.221224],[10.220917,5.221321],[10.22093,5.221406],[10.220946,5.221476],[10.220983,5.221636],[10.221119,5.222081],[10.221228,5.222447],[10.221393,5.223008],[10.221416,5.223081],[10.221512,5.223356],[10.221644,5.223812],[10.221703,5.224013],[10.22172,5.224093],[10.221723,5.224182],[10.221717,5.224297],[10.221701,5.224387],[10.221665,5.224485],[10.221599,5.224579],[10.221534,5.22465],[10.221398,5.224763],[10.221327,5.224799],[10.221231,5.224831],[10.220692,5.22498],[10.220655,5.224994],[10.220582,5.225044],[10.220512,5.225105],[10.220444,5.225175],[10.220399,5.225253],[10.220371,5.225324],[10.220339,5.225464],[10.220334,5.225558],[10.220343,5.225648],[10.22037,5.225721],[10.220406,5.225798],[10.220466,5.225888],[10.220523,5.225937],[10.220621,5.226018],[10.220838,5.226126],[10.221077,5.226219],[10.221218,5.226337],[10.221273,5.226392],[10.221345,5.22649],[10.221416,5.226604],[10.221461,5.226753],[10.221478,5.226889],[10.221463,5.227029],[10.221381,5.227303],[10.221215,5.227845],[10.221112,5.228174],[10.221076,5.228346],[10.221054,5.228483],[10.221055,5.228539],[10.221056,5.228574],[10.221068,5.228687],[10.221089,5.228771],[10.221105,5.228826],[10.221134,5.228887],[10.221147,5.228913],[10.221181,5.228963],[10.221221,5.229022],[10.221277,5.229095],[10.22135,5.229174],[10.221428,5.22926],[10.221592,5.229437],[10.22208,5.229889],[10.222193,5.230036],[10.222258,5.230171],[10.222279,5.230252],[10.222281,5.230258],[10.2223,5.230401],[10.222302,5.230513],[10.222297,5.230545],[10.222269,5.230619],[10.222208,5.230756],[10.2222,5.230769],[10.222153,5.230845],[10.222081,5.230938],[10.22197,5.231041],[10.221968,5.231042],[10.221519,5.231343],[10.221445,5.231392],[10.221231,5.231561],[10.221165,5.231614],[10.221129,5.231652],[10.221086,5.2317],[10.221066,5.23174],[10.221044,5.231794],[10.221015,5.231885],[10.220997,5.231956],[10.221001,5.232031],[10.221,5.232283],[10.221079,5.232866],[10.221137,5.233094],[10.221185,5.23324],[10.221329,5.233594],[10.221414,5.233805],[10.22155,5.234101],[10.22164,5.234262],[10.222091,5.234941],[10.222253,5.235248],[10.222286,5.235321],[10.222337,5.235432],[10.222412,5.235647],[10.222543,5.236062],[10.222607,5.23632],[10.222645,5.236501],[10.222658,5.236624],[10.222659,5.236699],[10.222657,5.236816],[10.222646,5.236928],[10.222627,5.236992],[10.222596,5.237096],[10.222534,5.237286],[10.222475,5.237477],[10.222431,5.237599],[10.222143,5.238373],[10.221984,5.238804],[10.221934,5.23902],[10.221917,5.239116],[10.221892,5.239364],[10.221896,5.239492],[10.221902,5.239682],[10.22192,5.239848],[10.221946,5.240093],[10.222012,5.240407],[10.222048,5.240549],[10.222114,5.240732],[10.222168,5.240875],[10.22235,5.241207],[10.222356,5.241219],[10.222439,5.241363],[10.222558,5.241569],[10.222709,5.241831],[10.222787,5.241968],[10.222852,5.242106],[10.222928,5.242313],[10.222953,5.242438],[10.222959,5.242497],[10.222969,5.242635],[10.222971,5.242717],[10.222964,5.242852],[10.222937,5.243006],[10.222915,5.243123],[10.222891,5.243211],[10.222846,5.243385],[10.222836,5.243423],[10.222716,5.243855],[10.222646,5.244094],[10.222605,5.244252],[10.222591,5.244308],[10.222563,5.244427],[10.222544,5.244513],[10.22253,5.244604],[10.222514,5.24471],[10.222509,5.244878],[10.222519,5.244973],[10.222527,5.245071],[10.222576,5.245309],[10.222612,5.245444],[10.22263,5.245488],[10.222674,5.245594],[10.222704,5.245652],[10.222738,5.24572],[10.222795,5.245807],[10.222801,5.245816],[10.222905,5.245949],[10.222937,5.24599],[10.223084,5.246143],[10.223168,5.246216],[10.223353,5.246363],[10.224235,5.246915],[10.22469,5.24721],[10.22502,5.247427],[10.225145,5.247532],[10.225221,5.247615],[10.225282,5.247699],[10.225302,5.247732],[10.225378,5.247917],[10.22542,5.248034],[10.225432,5.248114],[10.225435,5.24824],[10.225416,5.248412],[10.225346,5.248703],[10.225291,5.248894],[10.225169,5.249338],[10.225102,5.249675],[10.225081,5.249997],[10.225101,5.250313],[10.225113,5.250493],[10.225123,5.250643],[10.225128,5.250699],[10.225244,5.251838],[10.225335,5.252357],[10.225433,5.252732],[10.225534,5.25307],[10.225619,5.253315],[10.225848,5.253976],[10.226019,5.254467],[10.226104,5.254752],[10.226137,5.254909],[10.226151,5.254999],[10.226147,5.255114],[10.226123,5.255262],[10.226076,5.255426],[10.225968,5.255712],[10.225833,5.256034],[10.22582,5.256067],[10.225687,5.256369],[10.225651,5.25646],[10.22563,5.256571],[10.225623,5.256622],[10.225618,5.256721],[10.225617,5.25681],[10.225655,5.257416],[10.225689,5.257759],[10.225705,5.257921],[10.225828,5.259133],[10.225874,5.259671],[10.225908,5.260059],[10.225924,5.260246],[10.225967,5.260604],[10.225988,5.260782],[10.226005,5.260924],[10.22601,5.260961],[10.226047,5.26121],[10.226072,5.261322],[10.226107,5.261427],[10.226148,5.261496],[10.226214,5.261598],[10.226323,5.261684],[10.226382,5.261715],[10.226468,5.261756],[10.226556,5.261793],[10.226661,5.261824],[10.226743,5.261845],[10.227002,5.261922],[10.227373,5.26203],[10.227427,5.262055],[10.227455,5.262069],[10.227599,5.262154],[10.227715,5.262263],[10.227834,5.262391],[10.228068,5.262745],[10.228426,5.263286],[10.228632,5.263627],[10.228683,5.263746],[10.228699,5.26379],[10.228727,5.263863],[10.228745,5.263943],[10.228747,5.263963],[10.228772,5.264141],[10.228774,5.264157],[10.228786,5.264321],[10.228822,5.264803],[10.228852,5.265264],[10.228856,5.265416],[10.228849,5.265533],[10.228823,5.265674],[10.22879,5.265786],[10.228654,5.266017],[10.228328,5.266426],[10.227978,5.266821],[10.227882,5.266958],[10.227832,5.267058],[10.227789,5.267144],[10.22776,5.267221],[10.227747,5.267327],[10.227738,5.267461],[10.227739,5.267568],[10.227761,5.267735],[10.227806,5.267904],[10.227835,5.267969],[10.227909,5.26813],[10.228015,5.268329],[10.228336,5.268971],[10.228416,5.269143],[10.228967,5.270166],[10.229102,5.270325],[10.229201,5.270423],[10.229319,5.270517],[10.229437,5.270602],[10.229537,5.270661],[10.229698,5.270741],[10.229886,5.270807],[10.230013,5.270845],[10.230545,5.270998],[10.231554,5.271239],[10.2321,5.271384],[10.232648,5.27153],[10.2333,5.271701],[10.234108,5.271905],[10.234561,5.271992],[10.23478,5.272019],[10.234974,5.272012],[10.235108,5.271998],[10.2353,5.271965],[10.235757,5.271819],[10.236109,5.271705],[10.236281,5.271649],[10.236447,5.271595],[10.236453,5.271593],[10.2367,5.271514],[10.23687,5.271453],[10.237304,5.271307],[10.237918,5.2711],[10.23832,5.270965],[10.23859,5.27094],[10.238647,5.270942],[10.23868,5.270944],[10.23886,5.270957],[10.23938,5.271059],[10.239691,5.271075],[10.239791,5.271065],[10.239964,5.27104],[10.240121,5.270997],[10.24022,5.270953],[10.240469,5.27084],[10.240509,5.270818],[10.240687,5.27072],[10.241097,5.270503],[10.241143,5.270479],[10.241438,5.27038],[10.241616,5.270353],[10.241802,5.27034],[10.242086,5.270349],[10.242115,5.27035],[10.242236,5.270365],[10.242291,5.270375],[10.242419,5.270408],[10.242469,5.270428],[10.242586,5.270475],[10.242767,5.270571],[10.243046,5.270784],[10.243079,5.270811],[10.243162,5.270878],[10.243358,5.271039],[10.243668,5.271297],[10.243806,5.271412],[10.244522,5.272007],[10.245054,5.272448],[10.245386,5.272723],[10.245497,5.272802],[10.245654,5.27288],[10.245758,5.272938],[10.245978,5.273028],[10.246073,5.273058],[10.246542,5.273193],[10.247091,5.273389],[10.247239,5.273471],[10.247453,5.273654],[10.247653,5.273867],[10.247795,5.274045],[10.247947,5.274259],[10.248078,5.27448],[10.248283,5.274779],[10.248785,5.275526],[10.24895,5.275773],[10.249278,5.276263],[10.249816,5.277084],[10.250014,5.277385],[10.250056,5.277449],[10.250159,5.277606],[10.250289,5.277795],[10.250591,5.278234],[10.250894,5.27869],[10.250919,5.27872],[10.251014,5.278833],[10.251146,5.278973],[10.251239,5.279054],[10.251438,5.279229],[10.251605,5.27934],[10.251853,5.279475],[10.251989,5.279535],[10.252418,5.279661],[10.252691,5.279719],[10.253381,5.27983],[10.253391,5.279832],[10.253779,5.2799],[10.253844,5.279917],[10.254067,5.279975],[10.25422,5.280019],[10.254699,5.280203],[10.255086,5.280417],[10.25517,5.280468],[10.255361,5.280586],[10.255391,5.280608],[10.255486,5.280675],[10.255661,5.280829],[10.255761,5.280917],[10.255911,5.28106],[10.256041,5.281185],[10.256194,5.281365],[10.256204,5.281376],[10.256275,5.281459],[10.256456,5.281691],[10.256553,5.281832],[10.256556,5.281835],[10.256635,5.28195],[10.256658,5.281984],[10.256896,5.282324],[10.257566,5.283233],[10.257745,5.283433],[10.257945,5.283618],[10.258108,5.28376],[10.258445,5.284023],[10.258449,5.284027],[10.258713,5.284224],[10.259102,5.284514],[10.259123,5.284529],[10.259196,5.284584],[10.26013,5.28529],[10.260154,5.285308],[10.260298,5.285416],[10.260423,5.285511],[10.260585,5.285635],[10.260699,5.285722],[10.260806,5.285816],[10.260862,5.285864],[10.260994,5.285988],[10.261015,5.286008],[10.261152,5.286169],[10.261222,5.286256],[10.261255,5.286304],[10.261315,5.286424],[10.261361,5.286513],[10.261388,5.286563],[10.261416,5.286615],[10.261418,5.286618],[10.261573,5.28691],[10.261683,5.287116],[10.261708,5.287166],[10.261735,5.287216],[10.262077,5.28785],[10.262274,5.288214],[10.262325,5.288309],[10.262559,5.288748],[10.262596,5.288818],[10.262672,5.28896],[10.262863,5.289317],[10.263088,5.289735],[10.263565,5.290625],[10.263608,5.290706],[10.263835,5.291129],[10.264258,5.291918],[10.264289,5.291975],[10.264344,5.292077],[10.264535,5.292434],[10.264907,5.29319],[10.264975,5.293362],[10.265002,5.293461],[10.265043,5.293628],[10.265049,5.293672],[10.265063,5.293773],[10.265091,5.294046],[10.265098,5.29428],[10.265106,5.294691],[10.26509,5.294861],[10.265067,5.294945],[10.265032,5.295054],[10.264968,5.295173],[10.264891,5.295274],[10.264851,5.295326],[10.264787,5.295395],[10.264714,5.295458],[10.264578,5.295576],[10.264527,5.29562],[10.264429,5.295706],[10.264308,5.295841],[10.264229,5.295965],[10.264191,5.296049],[10.264148,5.296177],[10.264116,5.296275],[10.264105,5.296388],[10.264108,5.29648],[10.264136,5.296638],[10.264149,5.296674],[10.264167,5.296725],[10.264205,5.296803],[10.264237,5.296858],[10.264301,5.296952],[10.26439,5.297053],[10.264449,5.297116],[10.264508,5.297152],[10.264591,5.297201],[10.264662,5.297229],[10.264744,5.297257],[10.264894,5.297295],[10.265124,5.297361],[10.265366,5.297418],[10.265593,5.297502],[10.265792,5.297598],[10.265994,5.297734],[10.266172,5.29789],[10.266258,5.297981],[10.266293,5.298028],[10.266372,5.298132],[10.266439,5.298227],[10.266519,5.298382],[10.266562,5.298462],[10.266593,5.298545],[10.266629,5.298654],[10.266714,5.298872],[10.266815,5.299123],[10.266892,5.299258],[10.266954,5.299341],[10.267025,5.299409],[10.267051,5.299427],[10.267116,5.299472],[10.267364,5.299597],[10.267367,5.299598],[10.267545,5.299685],[10.267627,5.299757],[10.267661,5.299805],[10.267686,5.299847],[10.267718,5.299898],[10.26774,5.299967],[10.267748,5.300038],[10.267733,5.300128],[10.267732,5.300139],[10.267724,5.300199],[10.267708,5.300251],[10.267694,5.300275],[10.267673,5.30031],[10.26761,5.300376],[10.267548,5.300414],[10.267466,5.300457],[10.267391,5.300481],[10.267311,5.300493],[10.267244,5.300488],[10.267242,5.300487],[10.267163,5.30046],[10.267092,5.300426],[10.266806,5.300211],[10.266743,5.300171],[10.266674,5.300127],[10.266599,5.300099],[10.266534,5.300092],[10.266499,5.300084],[10.266387,5.300087],[10.266322,5.300104],[10.266235,5.300142],[10.266155,5.300202],[10.266106,5.300266],[10.266074,5.300318],[10.266035,5.300444],[10.266014,5.300544],[10.265973,5.300789],[10.2659,5.30123],[10.265837,5.301495],[10.265804,5.301629],[10.265745,5.301783],[10.265666,5.301906],[10.265523,5.30214],[10.265201,5.302659],[10.265086,5.302878],[10.265073,5.302915],[10.26505,5.302986],[10.265049,5.302989],[10.265029,5.303105],[10.265028,5.303212],[10.265043,5.303311],[10.265059,5.303392],[10.265087,5.303479],[10.265137,5.303595],[10.265182,5.303674],[10.265241,5.303754],[10.265328,5.303833],[10.265438,5.303909],[10.265447,5.303913],[10.265614,5.303998],[10.265732,5.304053],[10.266778,5.304472],[10.26767,5.304846],[10.267899,5.304967],[10.268065,5.305096],[10.268157,5.305168],[10.268201,5.305224],[10.268582,5.305713],[10.26881,5.306032],[10.269185,5.306511],[10.269308,5.306634],[10.269391,5.306717],[10.269467,5.306796],[10.269723,5.306989],[10.270011,5.307207],[10.270158,5.307311],[10.270445,5.307515],[10.270501,5.307549],[10.270607,5.307613],[10.270632,5.307627],[10.270816,5.30772],[10.270913,5.307766],[10.27093,5.307773],[10.271116,5.307848],[10.271261,5.307887],[10.271421,5.307924],[10.271638,5.307973],[10.272253,5.30811],[10.272444,5.308143],[10.272596,5.308162],[10.272715,5.308167],[10.272821,5.308159],[10.27294,5.308136],[10.273155,5.30808],[10.273322,5.308022],[10.27347,5.307971],[10.273585,5.307946],[10.273701,5.307925],[10.273825,5.307919],[10.273964,5.307921],[10.274129,5.307946],[10.274269,5.307986],[10.274506,5.30808],[10.274688,5.308147],[10.274814,5.308193],[10.274947,5.308222],[10.275049,5.308232],[10.275069,5.308232],[10.275375,5.308227],[10.275625,5.30821],[10.275707,5.308198],[10.275792,5.30818],[10.275942,5.30813],[10.276064,5.308079],[10.276123,5.308048],[10.276205,5.308005],[10.27628,5.307959],[10.276295,5.30795],[10.276504,5.307821],[10.276585,5.307766],[10.276599,5.307756],[10.276836,5.307592],[10.276882,5.307561],[10.277092,5.307417],[10.277291,5.307285],[10.277332,5.307262],[10.277341,5.307257],[10.277455,5.307203],[10.277542,5.307171],[10.277626,5.307152],[10.277672,5.307148],[10.277719,5.307144],[10.277815,5.307137],[10.277936,5.307146],[10.278037,5.307171],[10.278148,5.307213],[10.278295,5.307293],[10.278466,5.307422],[10.278707,5.307644],[10.278756,5.307689],[10.279024,5.307936],[10.279034,5.307945],[10.279191,5.308086],[10.279353,5.308212],[10.279365,5.308219],[10.279444,5.30827],[10.279496,5.308304],[10.279621,5.30838],[10.279864,5.308502],[10.280102,5.308638],[10.280232,5.308724],[10.280316,5.308788],[10.280407,5.30886],[10.280484,5.308928],[10.280511,5.308951],[10.280671,5.309098],[10.280851,5.309309],[10.281078,5.309637],[10.281228,5.30987],[10.281366,5.310094],[10.281369,5.310099],[10.281543,5.310356],[10.281652,5.310519],[10.281667,5.310543],[10.281691,5.31058],[10.281871,5.310842],[10.281981,5.310982],[10.282008,5.311016],[10.282077,5.311072],[10.28211,5.311099],[10.282204,5.311152],[10.282231,5.311165],[10.282276,5.311187],[10.282366,5.311217],[10.282449,5.311227],[10.28268,5.311255],[10.28278,5.311262],[10.282988,5.311277],[10.283011,5.311278],[10.283193,5.31131],[10.283409,5.31138],[10.283462,5.311405],[10.283506,5.311425],[10.283628,5.311482],[10.283779,5.311567],[10.283825,5.311593],[10.28392,5.311649],[10.284067,5.311722],[10.284124,5.311738],[10.284214,5.311764],[10.284331,5.311785],[10.284507,5.311794],[10.284613,5.3118],[10.28482,5.311806],[10.284926,5.311809],[10.285313,5.311807],[10.285585,5.311803],[10.285884,5.311798],[10.286049,5.311802],[10.286272,5.311828],[10.286578,5.311874],[10.286862,5.311916],[10.287318,5.311998],[10.287341,5.312002],[10.287521,5.312042],[10.287668,5.312068],[10.287673,5.312068],[10.2877,5.312073],[10.287829,5.312084],[10.287848,5.312084],[10.287916,5.312085],[10.287988,5.31208],[10.288054,5.312063],[10.288128,5.312023],[10.288196,5.31198],[10.288274,5.311919],[10.288325,5.31187],[10.28834,5.311856],[10.288426,5.311748],[10.288456,5.311691],[10.288504,5.311574],[10.288555,5.311414],[10.28864,5.311117],[10.288658,5.311057],[10.288693,5.310936],[10.288713,5.310868],[10.28876,5.310699],[10.288837,5.310439],[10.288932,5.310101],[10.288983,5.309951],[10.289029,5.309848],[10.289046,5.309811],[10.289098,5.309721],[10.289169,5.309625],[10.289277,5.309528],[10.289277,5.309528],[10.2894,5.309424],[10.289581,5.309274],[10.289705,5.30917],[10.289834,5.309063],[10.290143,5.308801],[10.29017,5.308778],[10.290512,5.308492],[10.290771,5.308282],[10.290954,5.308134],[10.291047,5.308059],[10.291082,5.308031],[10.291094,5.30802],[10.29159,5.307603],[10.291746,5.307471],[10.29186,5.307375],[10.291874,5.307362],[10.292021,5.307236],[10.292051,5.30721],[10.292057,5.307205],[10.29212,5.30715],[10.292196,5.30709],[10.292239,5.307057],[10.292341,5.306991],[10.292428,5.306943],[10.292482,5.306923],[10.292541,5.306906],[10.292602,5.306889],[10.292641,5.306886],[10.292682,5.306883],[10.292751,5.306888],[10.292808,5.3069],[10.29282,5.306903],[10.292894,5.306926],[10.292983,5.306971],[10.293091,5.307043],[10.293245,5.30718],[10.293559,5.307479],[10.293831,5.307765],[10.293914,5.30784],[10.294169,5.308073],[10.294269,5.308156],[10.294364,5.308213],[10.294459,5.308244],[10.294527,5.308256],[10.294606,5.30827],[10.294661,5.308273],[10.294721,5.308276],[10.294781,5.308272],[10.294863,5.30825],[10.294969,5.308209],[10.295165,5.308094],[10.295356,5.307961],[10.295469,5.307895],[10.295574,5.307842],[10.295683,5.307812],[10.295763,5.307796],[10.295829,5.307791],[10.295941,5.307792],[10.295961,5.307795],[10.296066,5.30781],[10.296183,5.307849],[10.296195,5.307854],[10.296203,5.307858],[10.296396,5.307948],[10.296654,5.308112],[10.296935,5.308309],[10.297107,5.308433],[10.297348,5.308606],[10.297724,5.308865],[10.297941,5.309021],[10.298107,5.30914],[10.298437,5.309378],[10.298475,5.309406],[10.2987,5.309572],[10.298744,5.309605],[10.298895,5.309716],[10.299228,5.30994],[10.299437,5.310058],[10.299645,5.310158],[10.299864,5.310234],[10.300105,5.310294],[10.300213,5.310311],[10.300333,5.310331],[10.300482,5.310337],[10.300637,5.310339],[10.300684,5.31034],[10.300905,5.310324],[10.301315,5.310247],[10.301697,5.310136],[10.3017,5.310135],[10.301998,5.310048],[10.302751,5.309826],[10.303056,5.309736],[10.303848,5.309498],[10.304145,5.309384],[10.304334,5.309303],[10.304499,5.30921],[10.30459,5.309144],[10.304648,5.309103],[10.30477,5.308988],[10.304886,5.30886],[10.305012,5.308698],[10.305204,5.308394],[10.305297,5.308235],[10.305383,5.308089],[10.305822,5.307307],[10.306204,5.306674],[10.306447,5.306275],[10.306728,5.305814],[10.30683,5.305647],[10.307054,5.305305],[10.307144,5.305209],[10.30724,5.305132],[10.307308,5.305085],[10.307405,5.305039],[10.307511,5.305001],[10.307627,5.304985],[10.307756,5.304976],[10.307907,5.30499],[10.307937,5.304992],[10.30797,5.305],[10.30843,5.305113],[10.308496,5.305131],[10.308827,5.305218],[10.309136,5.305281],[10.309466,5.305335],[10.309918,5.305352],[10.310175,5.305355],[10.310206,5.305355],[10.310384,5.305351],[10.31055,5.305347],[10.310743,5.305338],[10.310923,5.305329],[10.31096,5.305328],[10.310981,5.305327],[10.311358,5.305312],[10.311646,5.305305],[10.311826,5.305301],[10.311828,5.305301],[10.311884,5.3053],[10.312065,5.305297],[10.312368,5.305291],[10.312416,5.30529],[10.312986,5.305269],[10.313148,5.305265],[10.313272,5.305262],[10.313732,5.305215],[10.314098,5.305163],[10.314514,5.30509],[10.314758,5.305052],[10.314879,5.305033],[10.314944,5.305023],[10.315058,5.305004],[10.315408,5.304945],[10.315763,5.304881],[10.31596,5.304856],[10.31611,5.304856],[10.316231,5.304864],[10.316309,5.304876],[10.316352,5.304882],[10.316473,5.304923],[10.316585,5.304982],[10.316684,5.305066],[10.316727,5.305114],[10.316794,5.305188],[10.31683,5.305248],[10.316861,5.305299],[10.316902,5.305367],[10.316959,5.305514],[10.317019,5.305666],[10.317165,5.306143],[10.317185,5.306209],[10.31732,5.30661],[10.31744,5.307],[10.317456,5.307052],[10.317523,5.307234],[10.317584,5.307389],[10.31765,5.30753],[10.317729,5.307667],[10.317842,5.307825],[10.317935,5.307937],[10.318024,5.308019],[10.318041,5.308034],[10.318215,5.308181],[10.318448,5.308344],[10.31853,5.308402],[10.318605,5.308454],[10.31901,5.308729],[10.319415,5.309021],[10.31971,5.309232],[10.319837,5.309323],[10.31997,5.309419],[10.320002,5.309444],[10.320227,5.309619],[10.320398,5.30976],[10.320759,5.310103],[10.320796,5.310142],[10.320935,5.310291],[10.321059,5.310422],[10.321169,5.310539],[10.321812,5.311262],[10.321885,5.311344],[10.322037,5.311514],[10.322176,5.31166],[10.32226,5.311732],[10.322344,5.311804],[10.322401,5.311845],[10.322475,5.311898],[10.322483,5.311904],[10.322636,5.311989],[10.322829,5.312094],[10.322997,5.312173],[10.323034,5.312189],[10.323158,5.312241],[10.3232,5.312259],[10.323409,5.312347],[10.32343,5.312357],[10.323598,5.312436],[10.32369,5.312489],[10.323707,5.312498],[10.32378,5.312564],[10.323864,5.312645],[10.323935,5.312744],[10.323937,5.312747],[10.323987,5.312826],[10.323998,5.312845],[10.324026,5.312902],[10.324063,5.313018],[10.32408,5.313075],[10.324121,5.313209],[10.324195,5.313573],[10.324203,5.3136],[10.324292,5.313917],[10.324302,5.313946],[10.32434,5.314055],[10.324354,5.314093],[10.324394,5.314166],[10.324418,5.31421],[10.324471,5.314288],[10.324485,5.314309],[10.324575,5.314405],[10.324603,5.314435],[10.324805,5.314609],[10.324885,5.31466],[10.325026,5.314749],[10.325472,5.314973],[10.325484,5.314979],[10.325584,5.31503],[10.325812,5.315145],[10.326137,5.315314],[10.326352,5.315434],[10.326576,5.31559],[10.326657,5.31565],[10.326729,5.315704],[10.326759,5.315726],[10.326904,5.315863],[10.326988,5.315948],[10.327099,5.316055],[10.327196,5.31616],[10.327368,5.316394],[10.327524,5.31663],[10.327594,5.316751],[10.327695,5.316908],[10.327808,5.317091],[10.327941,5.317305],[10.328069,5.317516],[10.328098,5.317565],[10.328139,5.317633],[10.328421,5.318104],[10.328531,5.318289],[10.328871,5.31886],[10.32928,5.319546],[10.32928,5.319547],[10.329364,5.319679],[10.32943,5.319783],[10.329532,5.319923],[10.329621,5.320023],[10.329674,5.320075],[10.329714,5.320113],[10.329814,5.320197],[10.329955,5.320286],[10.330125,5.320369],[10.330307,5.320448],[10.330323,5.320454],[10.330493,5.320516],[10.3306,5.320542],[10.33063,5.320549],[10.330669,5.320554],[10.330794,5.32057],[10.330998,5.320571],[10.331354,5.320559],[10.331682,5.320539],[10.331977,5.320528],[10.332116,5.320542],[10.332129,5.320544],[10.332258,5.320568],[10.332293,5.32058],[10.332357,5.320603],[10.332374,5.320609],[10.332521,5.320685],[10.332629,5.320774],[10.332728,5.320871],[10.332749,5.320903],[10.332826,5.321018],[10.332932,5.321243],[10.333006,5.32144],[10.333096,5.321689],[10.3331,5.321699],[10.33321,5.321976],[10.333392,5.322472],[10.333548,5.322859],[10.333684,5.323205],[10.333766,5.323414],[10.333853,5.323636],[10.334025,5.324077],[10.334234,5.324629],[10.33448,5.325258],[10.334523,5.325362],[10.334662,5.325698],[10.334663,5.325702],[10.334779,5.325951],[10.334898,5.326177],[10.334989,5.326339],[10.335109,5.326551],[10.335243,5.326792],[10.335253,5.32681],[10.335453,5.327168],[10.335612,5.327439],[10.335791,5.327743],[10.335894,5.327895],[10.335917,5.32793],[10.335986,5.328034],[10.335994,5.328045],[10.336018,5.328079],[10.336126,5.328233],[10.336314,5.328466],[10.336578,5.328784],[10.336749,5.328989],[10.336975,5.329257],[10.337244,5.329582],[10.337644,5.330071],[10.337891,5.330364],[10.337975,5.330464],[10.338112,5.330631],[10.338313,5.330875],[10.338318,5.330881],[10.3385,5.331105],[10.338631,5.331266],[10.338913,5.331605],[10.338969,5.331673],[10.339251,5.332027],[10.339552,5.332382],[10.339696,5.332518],[10.339792,5.332583],[10.339886,5.332631],[10.339984,5.332665],[10.339986,5.332666],[10.340076,5.332685],[10.340181,5.332702],[10.340299,5.332705],[10.340413,5.332697],[10.340557,5.332664],[10.340673,5.332615],[10.340709,5.3326],[10.340827,5.332536],[10.340999,5.332419],[10.341221,5.332253],[10.341581,5.331999],[10.341915,5.33177],[10.342069,5.331665],[10.342167,5.331599],[10.342273,5.331527],[10.342569,5.331314],[10.342814,5.331156],[10.343029,5.331023],[10.343032,5.331022],[10.343188,5.330936],[10.343229,5.330919],[10.343405,5.330845],[10.34358,5.330787],[10.343762,5.330733],[10.343764,5.330732],[10.343837,5.330716],[10.343941,5.330692],[10.343954,5.330689],[10.34409,5.330654],[10.3442,5.330625],[10.344264,5.330607],[10.344443,5.330558],[10.344612,5.33051],[10.344696,5.330486],[10.345264,5.330326],[10.345798,5.330176],[10.346179,5.330078],[10.346309,5.330044],[10.346666,5.329943],[10.347268,5.329784],[10.347805,5.329631],[10.348441,5.329455],[10.348685,5.329401],[10.34891,5.329359],[10.348935,5.329357],[10.349041,5.329348],[10.349175,5.329352],[10.349279,5.329372],[10.349432,5.329407],[10.349598,5.329471],[10.349668,5.32951],[10.349724,5.329542],[10.349855,5.329631],[10.349946,5.329703],[10.350056,5.329827],[10.350103,5.329891],[10.350158,5.329967],[10.350198,5.330043],[10.350236,5.330117],[10.350308,5.330283],[10.350325,5.330333],[10.350375,5.330478],[10.350453,5.33073],[10.350512,5.330933],[10.35057,5.33113],[10.350607,5.331232],[10.350628,5.331291],[10.35066,5.331359],[10.350677,5.331397],[10.350692,5.33143],[10.350751,5.331536],[10.350841,5.33164],[10.350927,5.331712],[10.351001,5.331755],[10.351075,5.331787],[10.351174,5.331812],[10.351252,5.331828],[10.351338,5.331837],[10.351356,5.331836],[10.351429,5.331831],[10.351548,5.331803],[10.351657,5.331761],[10.351736,5.331715],[10.351796,5.331679],[10.351888,5.331619],[10.351922,5.331596],[10.352054,5.331491],[10.352141,5.331425],[10.352277,5.331323],[10.352424,5.33123],[10.352529,5.331175],[10.352643,5.33112],[10.352761,5.331078],[10.352856,5.331049],[10.352992,5.331019],[10.353133,5.331005],[10.353274,5.331003],[10.353344,5.331007],[10.353497,5.331008],[10.35371,5.331039],[10.354189,5.331159],[10.354664,5.331295],[10.35471,5.331315],[10.354879,5.331391],[10.354999,5.331457],[10.355104,5.331537],[10.355212,5.331638],[10.35532,5.331729],[10.355446,5.331924],[10.355546,5.332115],[10.355623,5.332357],[10.355627,5.332375],[10.355647,5.332535],[10.355652,5.332579],[10.355665,5.332734],[10.355657,5.332934],[10.355652,5.333027],[10.355628,5.333248],[10.355619,5.333376],[10.355598,5.333748],[10.355601,5.333923],[10.355605,5.333975],[10.355618,5.334129],[10.355642,5.334278],[10.355703,5.334478],[10.35574,5.334557],[10.355768,5.334624],[10.355842,5.334756],[10.355962,5.334925],[10.356022,5.334991],[10.356087,5.335062],[10.356179,5.335148],[10.356207,5.335175],[10.356314,5.335251],[10.356442,5.335324],[10.356651,5.335419],[10.357034,5.335524],[10.357611,5.335666],[10.357889,5.335716],[10.358094,5.335736],[10.358135,5.335737],[10.358312,5.335743],[10.358472,5.33573],[10.358605,5.335711],[10.358726,5.335681],[10.35877,5.335668],[10.35885,5.335643],[10.358965,5.335596],[10.35911,5.33553],[10.35926,5.335433],[10.359367,5.335343],[10.359576,5.33516],[10.359846,5.334889],[10.359853,5.334882],[10.360366,5.33437],[10.360539,5.334189],[10.360708,5.334012],[10.361178,5.333535],[10.361541,5.333267],[10.361698,5.33318],[10.361809,5.333126],[10.361897,5.333095],[10.36199,5.333073],[10.361991,5.333073],[10.362117,5.333051],[10.362172,5.333044],[10.362269,5.33303],[10.362446,5.333027],[10.362632,5.333034],[10.362817,5.333051],[10.362897,5.333063],[10.362945,5.333069],[10.36362,5.333205],[10.364802,5.33348],[10.365923,5.333741],[10.366318,5.333831],[10.367158,5.334016],[10.367296,5.33406],[10.367718,5.334194],[10.367978,5.334359],[10.368328,5.334631],[10.368442,5.334731],[10.368551,5.334878],[10.368645,5.335021],[10.368711,5.335121],[10.368919,5.335526],[10.36902,5.335722],[10.369229,5.336201],[10.369235,5.336212],[10.369425,5.336524],[10.3695,5.336637],[10.369568,5.336719],[10.369609,5.336779],[10.369708,5.336904],[10.369721,5.336921],[10.369878,5.337089],[10.369888,5.3371],[10.370003,5.337206],[10.370105,5.3373],[10.370134,5.337322],[10.370316,5.337463],[10.370532,5.337603],[10.370783,5.337747],[10.370866,5.337792],[10.371079,5.337906],[10.371191,5.337967],[10.371679,5.338221],[10.3717,5.338233],[10.372432,5.338614],[10.372635,5.338721],[10.372759,5.338787],[10.372868,5.338845],[10.373509,5.339172],[10.373831,5.339348],[10.374082,5.339481],[10.374152,5.339518],[10.374336,5.33963],[10.374356,5.339643],[10.374482,5.339721],[10.374665,5.339851],[10.3748,5.339976],[10.374918,5.340091],[10.375042,5.340234],[10.375151,5.340386],[10.375165,5.340406],[10.375282,5.340576],[10.375388,5.340761],[10.375485,5.340966],[10.375632,5.341268],[10.375644,5.341294],[10.375734,5.341463],[10.375797,5.341571],[10.376024,5.341988],[10.376402,5.3427],[10.376572,5.343056],[10.37675,5.343341],[10.376888,5.343532],[10.377082,5.343758],[10.377319,5.343998],[10.3776,5.344259],[10.377835,5.344436],[10.377885,5.344466],[10.377919,5.344481],[10.378153,5.344636],[10.378505,5.344835],[10.378873,5.345042],[10.379313,5.345271],[10.379736,5.345496],[10.380012,5.34565],[10.380286,5.345826],[10.380449,5.345947],[10.380505,5.345988],[10.380725,5.346165],[10.380955,5.346386],[10.381103,5.346541],[10.381432,5.346876],[10.38176,5.347196],[10.382216,5.347713],[10.382704,5.348234],[10.382832,5.348371],[10.383586,5.349136],[10.383948,5.349518],[10.38441,5.350009],[10.384586,5.350215],[10.384602,5.350236],[10.384734,5.350407],[10.384847,5.350567],[10.384935,5.350708],[10.385027,5.350868],[10.385249,5.351301],[10.385433,5.351624],[10.385932,5.352779],[10.386147,5.353314],[10.386385,5.353851],[10.386796,5.354731],[10.387218,5.355649],[10.387431,5.356104],[10.387481,5.356183],[10.387605,5.356342],[10.387726,5.356482],[10.387856,5.35662],[10.387865,5.356629],[10.387986,5.356731],[10.38805,5.356785],[10.38815,5.356861],[10.388227,5.35692],[10.388398,5.357039],[10.388463,5.357087],[10.388986,5.357347],[10.389838,5.357871],[10.390078,5.35799],[10.390532,5.358175],[10.390587,5.358197],[10.390829,5.358297],[10.392352,5.358865],[10.392519,5.358929],[10.392741,5.359014],[10.393027,5.35912],[10.393375,5.359249],[10.393432,5.35927],[10.394114,5.359527],[10.394429,5.35964],[10.394727,5.359749],[10.394896,5.359811],[10.395021,5.359858],[10.395622,5.360086],[10.396246,5.360322],[10.396921,5.360578],[10.397895,5.360945],[10.397939,5.360962],[10.39912,5.361407],[10.399553,5.361574],[10.39962,5.361598],[10.399644,5.361607],[10.400125,5.361781],[10.400382,5.361872],[10.400956,5.362098],[10.401246,5.362212],[10.401543,5.362334],[10.401877,5.362509],[10.40217,5.362704],[10.402581,5.363071],[10.402714,5.363202],[10.402842,5.363329],[10.40336,5.36384],[10.403486,5.363959],[10.40353,5.364009],[10.403753,5.364213],[10.404039,5.364514],[10.404147,5.364626],[10.404164,5.364643],[10.404222,5.3647],[10.404636,5.365111],[10.404949,5.365408],[10.405153,5.365581],[10.405235,5.365642],[10.405295,5.365687],[10.40541,5.365755],[10.405508,5.3658],[10.405555,5.365821],[10.405722,5.365872],[10.405907,5.365918],[10.406177,5.365958],[10.406294,5.365972],[10.406384,5.365982],[10.406547,5.366001],[10.407213,5.366041],[10.407884,5.366088],[10.408104,5.366104],[10.40866,5.366143],[10.409208,5.366179],[10.409767,5.366216],[10.409794,5.366218],[10.410089,5.366243],[10.410618,5.366288],[10.411036,5.36633],[10.411227,5.366356],[10.411718,5.366461],[10.412158,5.366676],[10.412235,5.366713],[10.412273,5.366735],[10.412308,5.366761],[10.412521,5.366932],[10.412553,5.366955],[10.412606,5.366987],[10.412692,5.367039],[10.412743,5.367072],[10.412838,5.367152],[10.413006,5.367351],[10.413148,5.367499],[10.413205,5.367563],[10.413599,5.368042],[10.41402,5.368517],[10.414438,5.368824],[10.414723,5.369004],[10.414877,5.369103],[10.415359,5.369306],[10.415979,5.369576],[10.416144,5.36966],[10.416254,5.369722],[10.416308,5.369752],[10.416463,5.369849],[10.416606,5.369959],[10.416626,5.369977],[10.416678,5.37002],[10.416783,5.370113],[10.416916,5.370257],[10.417068,5.370445],[10.417254,5.370685],[10.417352,5.370826],[10.417475,5.371094],[10.417689,5.371592],[10.417956,5.372286],[10.418109,5.372774],[10.418176,5.372985],[10.418184,5.373102],[10.418244,5.373286],[10.418642,5.374296],[10.418849,5.374809],[10.419274,5.375864],[10.419347,5.376048],[10.419837,5.377238],[10.420547,5.379098],[10.420791,5.379651],[10.4209,5.379942],[10.420969,5.380081],[10.421074,5.380291],[10.42113,5.380387],[10.42125,5.380603],[10.421364,5.380766],[10.421482,5.380928],[10.42157,5.38104],[10.421716,5.381213],[10.421877,5.381386],[10.422109,5.381594],[10.422385,5.38183],[10.422618,5.382007],[10.422857,5.382189],[10.423788,5.382903],[10.424003,5.383079],[10.424108,5.383165],[10.424383,5.383385],[10.424693,5.383699],[10.424915,5.383964],[10.425083,5.384181],[10.425217,5.384377],[10.425256,5.384438],[10.425366,5.384611],[10.425408,5.384671],[10.425416,5.384682],[10.425629,5.385031],[10.425824,5.385332],[10.42695,5.387072],[10.426984,5.387124],[10.427397,5.387786],[10.427728,5.388355],[10.427868,5.388605],[10.427936,5.388756],[10.428078,5.389074],[10.428137,5.389233],[10.428165,5.38931],[10.428192,5.389405],[10.428246,5.389592],[10.428296,5.389801],[10.428318,5.389895],[10.42833,5.389977],[10.428353,5.390131],[10.428385,5.390419],[10.428405,5.390658],[10.428408,5.390909],[10.428387,5.391179],[10.42837,5.39136],[10.428368,5.391382],[10.428365,5.391419],[10.428305,5.39171],[10.428289,5.391761],[10.428228,5.391955],[10.428141,5.39225],[10.428126,5.392294],[10.428045,5.392518],[10.427864,5.392954],[10.427738,5.393229],[10.427662,5.393393],[10.427639,5.393436],[10.427568,5.393571],[10.427261,5.394153],[10.426684,5.395318],[10.426275,5.396144],[10.425016,5.398502],[10.424583,5.399337],[10.424334,5.399825],[10.424253,5.399986],[10.424171,5.400146],[10.424142,5.400209],[10.424033,5.400442],[10.423823,5.400956],[10.423767,5.401138],[10.423648,5.401576],[10.423588,5.401804],[10.423551,5.402043],[10.423519,5.402338],[10.423502,5.402576],[10.423505,5.402971],[10.423538,5.403415],[10.423555,5.40351],[10.423602,5.403776],[10.423707,5.404287],[10.423811,5.404691],[10.424148,5.405769],[10.424572,5.407145],[10.42497,5.408441],[10.425042,5.408769],[10.42508,5.409055],[10.425109,5.409419],[10.42512,5.409589],[10.425129,5.40989],[10.425054,5.411177],[10.424979,5.412001],[10.424963,5.41218],[10.424948,5.412343],[10.424884,5.413064],[10.424842,5.413583],[10.424831,5.413942],[10.42483,5.414154],[10.42483,5.414242],[10.42485,5.414597],[10.4249,5.415027],[10.424963,5.415366],[10.425012,5.415579],[10.425107,5.415939],[10.42538,5.416639],[10.425645,5.417272],[10.425732,5.41748],[10.426099,5.418322],[10.42627,5.418733],[10.426341,5.418928],[10.426459,5.4193],[10.426562,5.419812],[10.426612,5.420133],[10.42665,5.420578],[10.426643,5.420908],[10.426621,5.421252],[10.426568,5.421609],[10.426494,5.421959],[10.426304,5.422587],[10.426179,5.422946],[10.426106,5.423137],[10.425826,5.423599],[10.425445,5.424129],[10.425196,5.424432],[10.425063,5.424558],[10.425013,5.424605],[10.424741,5.424836],[10.424406,5.425097],[10.423966,5.42539],[10.423503,5.42567],[10.422682,5.426158],[10.422418,5.426335],[10.422126,5.426531],[10.421807,5.426811],[10.421627,5.426983],[10.421364,5.42728],[10.421245,5.427429],[10.420986,5.427774],[10.420808,5.428076],[10.420551,5.428579],[10.420483,5.428758],[10.420374,5.429065],[10.420267,5.429375],[10.420201,5.429629],[10.42015,5.429957],[10.420117,5.430239],[10.420103,5.430456],[10.420092,5.430758],[10.420092,5.430902],[10.420092,5.430935],[10.420104,5.431232],[10.420156,5.431832],[10.420269,5.432793],[10.420436,5.43426],[10.420477,5.434617],[10.420554,5.435297],[10.420633,5.436043],[10.420643,5.436658],[10.420626,5.436975],[10.420598,5.437253],[10.420595,5.43728],[10.420567,5.43743],[10.420544,5.437557],[10.420531,5.437606],[10.420486,5.43778],[10.420441,5.437954],[10.420389,5.438153],[10.420229,5.438642],[10.419862,5.439864],[10.419846,5.439914],[10.419583,5.440771],[10.41954,5.440916],[10.419502,5.441103],[10.419465,5.441364],[10.419457,5.441474],[10.419449,5.441583],[10.419449,5.441765],[10.419458,5.441912],[10.419477,5.442067],[10.419502,5.442197],[10.41956,5.442418],[10.419612,5.442584],[10.419705,5.44282],[10.420172,5.443663],[10.420517,5.444285],[10.42068,5.444539],[10.4209,5.444828],[10.42102,5.44498],[10.421102,5.445084],[10.421275,5.445256],[10.421512,5.44547],[10.4216,5.445538],[10.421649,5.445576],[10.421851,5.445719],[10.42215,5.445908],[10.423284,5.446587],[10.423725,5.446872],[10.423946,5.447038],[10.42415,5.447208],[10.424325,5.447377],[10.424496,5.447575],[10.424615,5.44773],[10.424684,5.447822],[10.424878,5.448087],[10.42505,5.448424],[10.425177,5.4487],[10.425261,5.44891],[10.425391,5.449291],[10.425562,5.449803],[10.425681,5.45016],[10.425804,5.450531],[10.425994,5.451073],[10.426109,5.451414],[10.426198,5.451678],[10.426293,5.451921],[10.426409,5.45222],[10.426422,5.452257],[10.426575,5.452678],[10.426832,5.453481],[10.426891,5.453706],[10.426926,5.453864],[10.426945,5.453961],[10.426969,5.454071],[10.42699,5.45422],[10.427016,5.45439],[10.427039,5.454588],[10.427042,5.454615],[10.427067,5.454856],[10.42709,5.455126],[10.427128,5.455518],[10.427158,5.455741],[10.427183,5.455893],[10.427186,5.455913],[10.427207,5.456051],[10.427214,5.456097],[10.427245,5.456266],[10.427247,5.45628],[10.427268,5.456368],[10.427292,5.456467],[10.427335,5.456617],[10.427438,5.456899],[10.427635,5.457452],[10.427692,5.457608],[10.427726,5.457723],[10.427784,5.458],[10.427802,5.458077],[10.427847,5.458383],[10.427873,5.45863],[10.427886,5.458905],[10.427867,5.459263],[10.427857,5.45937],[10.427885,5.459484],[10.427859,5.459702],[10.427807,5.459974],[10.427777,5.460169],[10.427687,5.460782],[10.427606,5.461332],[10.427571,5.46155],[10.427528,5.461831],[10.427484,5.462012],[10.427447,5.462123],[10.42742,5.462187],[10.427381,5.462267],[10.427339,5.462343],[10.427284,5.46244],[10.427185,5.462559],[10.42713,5.462612],[10.427023,5.462706],[10.426906,5.462789],[10.426797,5.462853],[10.426691,5.462909],[10.426241,5.463116],[10.426095,5.46318],[10.425666,5.463348],[10.425071,5.463621],[10.424875,5.463732],[10.424748,5.463819],[10.42464,5.463906],[10.424518,5.464022],[10.424428,5.464136],[10.424322,5.464307],[10.424268,5.464404],[10.42419,5.46459],[10.423976,5.465145],[10.423497,5.466447],[10.423416,5.466668],[10.423322,5.466923],[10.423197,5.46726],[10.423135,5.467429],[10.423072,5.467598],[10.422651,5.468686],[10.42264,5.468705],[10.422628,5.468724],[10.422524,5.46887],[10.422573,5.46903],[10.422617,5.469222],[10.422649,5.469468],[10.42266,5.469616],[10.422672,5.469796],[10.422721,5.470531],[10.422758,5.470946],[10.42281,5.471713],[10.422711,5.472113],[10.422693,5.472163],[10.422538,5.472577],[10.422528,5.4726],[10.422514,5.472631],[10.4225,5.472662],[10.422485,5.472693],[10.422471,5.472724],[10.422457,5.472756],[10.422443,5.472787],[10.422428,5.472818],[10.422414,5.472849],[10.4224,5.47288],[10.422385,5.472912],[10.422371,5.472943],[10.422357,5.472974],[10.422342,5.473005],[10.422328,5.473037],[10.422314,5.473068],[10.4223,5.473099],[10.422285,5.47313],[10.422271,5.473161],[10.422257,5.473192],[10.422242,5.473224],[10.422228,5.473255],[10.422214,5.473286],[10.4222,5.473317],[10.422185,5.473349],[10.422171,5.47338],[10.422157,5.473411],[10.422142,5.473442],[10.422128,5.473473],[10.422114,5.473505],[10.4221,5.473536],[10.422085,5.473567],[10.422071,5.473598],[10.422057,5.47363],[10.422049,5.473646],[10.422043,5.473661],[10.422028,5.473692],[10.422014,5.473723],[10.422,5.473754],[10.421985,5.473786],[10.421971,5.473817],[10.421957,5.473848],[10.421943,5.473879],[10.421928,5.47391],[10.421914,5.473942],[10.4219,5.473973],[10.421885,5.474004],[10.421873,5.474036],[10.421864,5.474069],[10.421853,5.474102],[10.421844,5.474135],[10.421841,5.474144],[10.421834,5.474168],[10.421824,5.4742],[10.421814,5.474233],[10.421804,5.474266],[10.421794,5.474299],[10.421784,5.474332],[10.421774,5.474365],[10.421764,5.474397],[10.421754,5.47443],[10.421744,5.474463],[10.421734,5.474496],[10.421724,5.474529],[10.421714,5.474562],[10.421695,5.474625],[10.421685,5.474658],[10.421675,5.474691],[10.421665,5.474723],[10.421655,5.474756],[10.421645,5.474789],[10.421637,5.474822],[10.421634,5.474856],[10.421631,5.474891],[10.421629,5.474925],[10.421626,5.474959],[10.421623,5.474993],[10.421621,5.475028],[10.421618,5.475062],[10.421615,5.475096],[10.421613,5.47513],[10.421613,5.475133],[10.42161,5.475164],[10.421608,5.475199],[10.421605,5.475233],[10.421602,5.475267],[10.421599,5.475301],[10.421597,5.475335],[10.421594,5.475369],[10.421591,5.475404],[10.421589,5.475438],[10.421586,5.475472],[10.421584,5.475506],[10.421581,5.47554],[10.421578,5.475575],[10.421576,5.475609],[10.421573,5.475643],[10.42157,5.475677],[10.421568,5.475711],[10.421565,5.475746],[10.421562,5.47578],[10.42156,5.475814],[10.421557,5.475848],[10.421557,5.47585],[10.421422,5.476158],[10.421327,5.476373],[10.421132,5.476817],[10.420945,5.477241],[10.420913,5.477314],[10.420801,5.477542],[10.420688,5.477773],[10.420602,5.477949],[10.420387,5.478387],[10.420116,5.47894],[10.419904,5.479261],[10.419805,5.479412],[10.419811,5.479454],[10.41981,5.479492],[10.42026,5.47957],[10.420388,5.479589],[10.420585,5.479618],[10.421163,5.479679],[10.421505,5.479723],[10.422154,5.479805],[10.422488,5.479844],[10.422578,5.479854],[10.42279,5.479876],[10.423215,5.479915],[10.423348,5.479927],[10.423758,5.479976],[10.423944,5.480011],[10.424132,5.480051],[10.424274,5.480085],[10.424466,5.480138],[10.424573,5.480168],[10.42476,5.480226],[10.424893,5.480271],[10.42508,5.480353],[10.42509,5.480356],[10.425251,5.480432],[10.425331,5.480472],[10.425443,5.480537],[10.425978,5.480878],[10.426796,5.481398],[10.426883,5.48145],[10.426961,5.481489],[10.427107,5.481549],[10.427134,5.48156]]}},{"type":"Feature","properties":{"rank":2,"summary":"P15 et N5","distance_m":261904,"distance_text":"262 km","duration_s":22067,"duration_text":"6 h 8 min","duration_traffic_s":23423,"duration_traffic_text":"6 h 30 min","duration_min_s":22572,"duration_max_s":25349,"duration_range_text":"6 h 16 min à 7 h 2 min","point_count":9113},"geometry":{"type":"LineString","coordinates":[[9.714281,4.070861],[9.714252,4.070832],[9.714005,4.070613],[9.71353,4.07021],[9.713475,4.070162],[9.712779,4.069565],[9.71249,4.069312],[9.712246,4.069102],[9.711957,4.06885],[9.711685,4.068615],[9.711369,4.068336],[9.711002,4.068026],[9.710432,4.067535],[9.710318,4.067441],[9.710194,4.067329],[9.709879,4.06705],[9.709518,4.066729],[9.709279,4.066522],[9.709213,4.066467],[9.708909,4.066186],[9.70855,4.065838],[9.708386,4.065696],[9.708234,4.065563],[9.708218,4.065549],[9.708099,4.065445],[9.707988,4.065343],[9.707953,4.065309],[9.707918,4.065273],[9.707876,4.065228],[9.707757,4.065082],[9.707718,4.065033],[9.707569,4.064941],[9.707477,4.06484],[9.70739,4.064747],[9.707389,4.064747],[9.707265,4.064624],[9.707146,4.064517],[9.707035,4.06442],[9.706972,4.064452],[9.706936,4.064463],[9.706899,4.064469],[9.706862,4.06447],[9.706825,4.064466],[9.706789,4.064458],[9.706754,4.064445],[9.706723,4.064428],[9.70655,4.064611],[9.706407,4.064731],[9.706351,4.064789],[9.706196,4.064895],[9.706158,4.064939],[9.705963,4.06517],[9.705847,4.065308],[9.705662,4.065527],[9.705492,4.065723],[9.70544,4.065783],[9.705323,4.06592],[9.705223,4.066054],[9.704995,4.06633],[9.704885,4.066444],[9.70476,4.066574],[9.704726,4.066609],[9.704216,4.067046],[9.704061,4.06724],[9.70405,4.067249],[9.703823,4.067426],[9.703713,4.067512],[9.703275,4.067824],[9.702972,4.068058],[9.702913,4.068104],[9.702799,4.068193],[9.702661,4.068301],[9.70235,4.06858],[9.702092,4.068795],[9.701669,4.069199],[9.701448,4.06939],[9.701379,4.069454],[9.700266,4.070491],[9.699976,4.070772],[9.699776,4.07099],[9.699592,4.071144],[9.699461,4.071248],[9.699267,4.071389],[9.699049,4.071531],[9.698728,4.071722],[9.698497,4.071843],[9.698252,4.071958],[9.698032,4.072046],[9.697892,4.072097],[9.697709,4.072163],[9.697412,4.072246],[9.697207,4.072295],[9.696935,4.072348],[9.696521,4.072405],[9.695962,4.072437],[9.69542,4.072445],[9.69494,4.072433],[9.694619,4.072415],[9.694136,4.072358],[9.693691,4.072288],[9.693349,4.07222],[9.693276,4.072202],[9.693101,4.072158],[9.692986,4.07213],[9.692526,4.071988],[9.692412,4.071947],[9.691905,4.071759],[9.691901,4.071758],[9.691311,4.071528],[9.690403,4.071146],[9.689905,4.070935],[9.689761,4.070873],[9.689496,4.070758],[9.689241,4.070674],[9.68888,4.070563],[9.688303,4.070389],[9.687473,4.070182],[9.686884,4.070035],[9.68678,4.070008],[9.686628,4.069981],[9.686398,4.069937],[9.686168,4.069903],[9.685849,4.069872],[9.685479,4.06989],[9.685471,4.069903],[9.68546,4.06992],[9.685447,4.069935],[9.685426,4.069954],[9.685414,4.069964],[9.685397,4.069975],[9.685379,4.069984],[9.68536,4.069992],[9.685341,4.069998],[9.685321,4.070002],[9.685301,4.070004],[9.68528,4.070004],[9.68526,4.070002],[9.68524,4.069998],[9.685229,4.069994],[9.685204,4.069986],[9.685188,4.069979],[9.685173,4.06997],[9.685159,4.06996],[9.685145,4.069949],[9.685133,4.069936],[9.685121,4.069923],[9.685096,4.069885],[9.684972,4.069856],[9.684873,4.069844],[9.684711,4.069844],[9.684401,4.069862],[9.684106,4.069902],[9.683766,4.069967],[9.683146,4.070123],[9.682902,4.070182],[9.681687,4.07048],[9.681354,4.070556],[9.680298,4.070811],[9.680027,4.070877],[9.679427,4.071013],[9.67834,4.07127],[9.677497,4.07147],[9.677389,4.071495],[9.677331,4.071515],[9.677164,4.071583],[9.677162,4.071592],[9.677155,4.071608],[9.677138,4.07163],[9.677115,4.071649],[9.677103,4.071656],[9.677094,4.071662],[9.677084,4.071668],[9.677074,4.071673],[9.677064,4.071676],[9.677053,4.07168],[9.677042,4.071682],[9.677031,4.071684],[9.67702,4.071685],[9.677009,4.071686],[9.676999,4.071686],[9.676988,4.071684],[9.676977,4.071683],[9.676967,4.07168],[9.676956,4.071677],[9.676952,4.071675],[9.676947,4.071673],[9.676939,4.071669],[9.676929,4.071662],[9.67681,4.071646],[9.676741,4.071649],[9.676673,4.071655],[9.67658,4.07167],[9.676404,4.071714],[9.676159,4.071764],[9.675972,4.071807],[9.675781,4.071866],[9.675477,4.071969],[9.675292,4.072056],[9.675027,4.072207],[9.674749,4.072409],[9.674389,4.072706],[9.673093,4.073745],[9.672211,4.074478],[9.671762,4.074834],[9.671527,4.075076],[9.67153,4.075086],[9.671531,4.075095],[9.671533,4.075104],[9.671534,4.075114],[9.671534,4.075123],[9.671533,4.075132],[9.671532,4.075142],[9.671531,4.075151],[9.671528,4.07516],[9.671526,4.075169],[9.671522,4.075178],[9.671518,4.075187],[9.671514,4.075195],[9.671509,4.075203],[9.671503,4.07521],[9.671497,4.075217],[9.671491,4.075224],[9.671484,4.075231],[9.671476,4.075237],[9.671469,4.075242],[9.671461,4.075247],[9.671452,4.075252],[9.671444,4.075255],[9.671435,4.075259],[9.671426,4.075261],[9.671417,4.075264],[9.671408,4.075265],[9.671398,4.075266],[9.671389,4.075266],[9.671379,4.075266],[9.67137,4.075265],[9.671361,4.075264],[9.671351,4.075262],[9.671342,4.075259],[9.671333,4.075256],[9.671325,4.075252],[9.671316,4.075248],[9.671308,4.075243],[9.671117,4.075367],[9.670432,4.075971],[9.670288,4.076091],[9.669539,4.076698],[9.668739,4.077319],[9.668558,4.077453],[9.66835,4.077593],[9.667676,4.078115],[9.66653,4.079086],[9.664706,4.080592],[9.664183,4.08101],[9.664015,4.081129],[9.66392,4.081174],[9.663499,4.081526],[9.663251,4.081753],[9.663237,4.081766],[9.662877,4.082113],[9.662586,4.082393],[9.662036,4.083159],[9.661893,4.083351],[9.661896,4.083353],[9.661902,4.083358],[9.661907,4.083364],[9.661913,4.08337],[9.661918,4.083376],[9.661922,4.083383],[9.661926,4.08339],[9.66193,4.083397],[9.661933,4.083404],[9.661938,4.083418],[9.661941,4.083425],[9.661942,4.083433],[9.661944,4.083441],[9.661945,4.083449],[9.661945,4.083457],[9.661945,4.083465],[9.661945,4.083473],[9.661943,4.083481],[9.661942,4.083489],[9.66194,4.083497],[9.661937,4.083505],[9.661934,4.083512],[9.661931,4.083519],[9.661927,4.083526],[9.661923,4.083533],[9.661918,4.08354],[9.661913,4.083546],[9.661908,4.083552],[9.661902,4.083558],[9.661896,4.083563],[9.66189,4.083568],[9.661883,4.083572],[9.661876,4.083576],[9.661869,4.08358],[9.661862,4.083583],[9.661854,4.083586],[9.661847,4.083588],[9.661839,4.08359],[9.661831,4.083591],[9.661816,4.083593],[9.661722,4.083738],[9.661682,4.0838],[9.661629,4.083891],[9.661594,4.083961],[9.661533,4.084089],[9.66137,4.084531],[9.661312,4.084741],[9.661265,4.084919],[9.661202,4.085181],[9.661173,4.085407],[9.661159,4.085623],[9.661142,4.08587],[9.661137,4.086013],[9.661137,4.086156],[9.661148,4.086309],[9.66117,4.086515],[9.661181,4.08677],[9.661183,4.086949],[9.66119,4.087167],[9.661196,4.087286],[9.661206,4.087363],[9.661219,4.08747],[9.661225,4.087513],[9.661197,4.087553],[9.661183,4.087571],[9.661154,4.087643],[9.661156,4.087726],[9.661178,4.088271],[9.661178,4.088275],[9.661189,4.088706],[9.661187,4.088865],[9.661183,4.08899],[9.661182,4.088996],[9.66117,4.089115],[9.661164,4.089169],[9.661159,4.089217],[9.661138,4.089336],[9.661136,4.089347],[9.6611,4.089547],[9.661064,4.089699],[9.661056,4.089733],[9.660982,4.089976],[9.660953,4.09006],[9.660896,4.090231],[9.660838,4.090401],[9.660775,4.090566],[9.66068,4.090775],[9.660606,4.090939],[9.66059,4.090973],[9.660518,4.091096],[9.660435,4.091236],[9.660335,4.091369],[9.660317,4.091394],[9.660225,4.091523],[9.660103,4.091688],[9.659959,4.09185],[9.659776,4.092033],[9.659603,4.092202],[9.659377,4.092423],[9.658855,4.09294],[9.658834,4.092961],[9.658459,4.093332],[9.6581,4.093684],[9.657932,4.093842],[9.657816,4.093955],[9.657472,4.094267],[9.657262,4.094443],[9.657134,4.09455],[9.657124,4.094558],[9.65685,4.094755],[9.656831,4.094768],[9.65668,4.094867],[9.656657,4.094883],[9.656313,4.09507],[9.655939,4.095252],[9.655713,4.095349],[9.655561,4.095415],[9.655057,4.095648],[9.654918,4.095781],[9.654699,4.095921],[9.654474,4.096071],[9.654459,4.0961],[9.654444,4.096116],[9.654426,4.096132],[9.65438,4.096152],[9.654349,4.096165],[9.654334,4.096169],[9.654318,4.096171],[9.654303,4.096173],[9.654287,4.096173],[9.654271,4.096172],[9.654255,4.096169],[9.65424,4.096165],[9.654225,4.09616],[9.654211,4.096154],[9.654193,4.096146],[9.654186,4.096139],[9.654178,4.096134],[9.65417,4.096127],[9.654162,4.09612],[9.654155,4.096113],[9.654149,4.096106],[9.654143,4.096098],[9.654137,4.09609],[9.654045,4.096038],[9.653978,4.096012],[9.65389,4.095987],[9.653806,4.09597],[9.653719,4.095944],[9.65357,4.09589],[9.653289,4.095854],[9.652891,4.0958],[9.652348,4.095738],[9.652262,4.095728],[9.651678,4.095655],[9.651454,4.095619],[9.651388,4.095609],[9.651097,4.095571],[9.650989,4.095556],[9.650743,4.095513],[9.650419,4.09546],[9.650385,4.095453],[9.650044,4.095384],[9.64951,4.09527],[9.649503,4.095268],[9.649327,4.095229],[9.648895,4.095134],[9.648503,4.095043],[9.647923,4.094899],[9.64774,4.094887],[9.64763,4.094878],[9.647312,4.09482],[9.647258,4.094814],[9.647219,4.09482],[9.647191,4.094825],[9.647142,4.094838],[9.647141,4.094839],[9.647127,4.09485],[9.647112,4.094857],[9.647096,4.094864],[9.647079,4.094869],[9.647063,4.094872],[9.647046,4.094874],[9.647028,4.094874],[9.647011,4.094873],[9.646994,4.094871],[9.646978,4.094867],[9.646951,4.094855],[9.646937,4.09485],[9.646925,4.094843],[9.646912,4.094834],[9.646901,4.094825],[9.64689,4.094815],[9.64688,4.094804],[9.646871,4.094792],[9.646862,4.094779],[9.646832,4.094749],[9.646785,4.094711],[9.646733,4.094676],[9.64663,4.09463],[9.64654,4.094601],[9.646459,4.094581],[9.646367,4.094558],[9.646252,4.094536],[9.646133,4.09449],[9.646054,4.094449],[9.645798,4.094378],[9.645387,4.09428],[9.645343,4.09427],[9.64521,4.094246],[9.644844,4.094179],[9.644486,4.094143],[9.644137,4.094126],[9.644009,4.09412],[9.643742,4.094126],[9.643392,4.094143],[9.643057,4.09418],[9.643021,4.094184],[9.642703,4.094245],[9.642638,4.094258],[9.64227,4.094349],[9.641915,4.094455],[9.641638,4.09456],[9.641256,4.094729],[9.640942,4.094887],[9.640701,4.095034],[9.640689,4.095041],[9.640401,4.095232],[9.64034,4.095273],[9.640049,4.095476],[9.639866,4.095628],[9.63969,4.095784],[9.639641,4.095828],[9.63956,4.095909],[9.639391,4.096078],[9.639188,4.0963],[9.639145,4.096398],[9.639109,4.096459],[9.639022,4.096557],[9.638924,4.096653],[9.638835,4.096747],[9.638576,4.097029],[9.638482,4.097137],[9.638179,4.097473],[9.637931,4.09775],[9.637857,4.097833],[9.637571,4.098128],[9.637292,4.098401],[9.637081,4.098589],[9.63703,4.098635],[9.636757,4.098857],[9.636555,4.099008],[9.636406,4.099109],[9.636395,4.099116],[9.636273,4.099197],[9.636118,4.099293],[9.635972,4.099386],[9.635848,4.099457],[9.635813,4.099477],[9.635473,4.099668],[9.635056,4.099877],[9.635021,4.099895],[9.63476,4.100009],[9.634616,4.100064],[9.634362,4.100161],[9.633991,4.100299],[9.633666,4.100422],[9.63325,4.100584],[9.633229,4.100592],[9.63283,4.100738],[9.631686,4.101172],[9.63035,4.101673],[9.629944,4.101827],[9.629256,4.102089],[9.6285,4.102364],[9.628408,4.1024],[9.628319,4.102429],[9.628263,4.102444],[9.628233,4.102453],[9.628091,4.102488],[9.626715,4.103005],[9.625443,4.103489],[9.624683,4.103768],[9.624134,4.103964],[9.623655,4.104105],[9.623427,4.104163],[9.62319,4.104227],[9.622863,4.104299],[9.622517,4.104362],[9.622308,4.104393],[9.622027,4.104433],[9.621835,4.104455],[9.621488,4.104486],[9.621232,4.104503],[9.620893,4.10453],[9.620332,4.104559],[9.619741,4.104596],[9.619612,4.104604],[9.619203,4.104638],[9.618799,4.104666],[9.618474,4.104681],[9.616645,4.104795],[9.615694,4.104855],[9.615161,4.104884],[9.614158,4.104946],[9.613929,4.10496],[9.61366,4.104986],[9.61261,4.105088],[9.611956,4.10518],[9.61151,4.105256],[9.61111,4.105336],[9.610812,4.105401],[9.610486,4.105478],[9.610151,4.105563],[9.609739,4.105687],[9.60957,4.105735],[9.609398,4.105788],[9.609151,4.105872],[9.608424,4.10612],[9.607591,4.106463],[9.607255,4.106604],[9.607017,4.106718],[9.606691,4.106875],[9.606558,4.106941],[9.606414,4.107012],[9.606226,4.107107],[9.606079,4.107191],[9.605884,4.107304],[9.605567,4.107475],[9.605409,4.107561],[9.604939,4.107816],[9.604618,4.107991],[9.604299,4.108161],[9.604092,4.108284],[9.602631,4.109087],[9.602599,4.109104],[9.602441,4.109191],[9.601987,4.10944],[9.601337,4.109801],[9.60132,4.109811],[9.601179,4.109886],[9.600581,4.110206],[9.600228,4.110402],[9.599958,4.110553],[9.599445,4.110847],[9.598479,4.111375],[9.597523,4.111902],[9.596741,4.112343],[9.596259,4.112601],[9.595813,4.112845],[9.595517,4.113008],[9.594809,4.113399],[9.594196,4.113742],[9.593181,4.114299],[9.592103,4.114902],[9.591471,4.115253],[9.591156,4.115428],[9.59102,4.115502],[9.590611,4.115724],[9.590267,4.115916],[9.58992,4.11611],[9.589866,4.116139],[9.589794,4.116176],[9.589711,4.116219],[9.589404,4.11638],[9.589301,4.116467],[9.588687,4.116849],[9.588469,4.117],[9.588355,4.117083],[9.588181,4.117165],[9.587813,4.117429],[9.587457,4.11774],[9.587262,4.117934],[9.587119,4.118071],[9.587046,4.118148],[9.586951,4.118244],[9.586846,4.118384],[9.586532,4.118865],[9.586486,4.118968],[9.586439,4.119071],[9.586315,4.119368],[9.586051,4.119977],[9.585973,4.120177],[9.585925,4.120348],[9.585864,4.120651],[9.5858,4.120986],[9.585765,4.12133],[9.585788,4.121572],[9.585837,4.121835],[9.585933,4.12224],[9.586067,4.122663],[9.586091,4.122728],[9.586131,4.122835],[9.586156,4.122896],[9.586199,4.123003],[9.586227,4.123061],[9.586327,4.123269],[9.586591,4.123754],[9.586994,4.124567],[9.58726,4.12514],[9.587415,4.125465],[9.587517,4.125655],[9.587603,4.125819],[9.587929,4.12646],[9.588075,4.126748],[9.588635,4.127832],[9.588642,4.127846],[9.589002,4.128558],[9.589251,4.129055],[9.589493,4.129534],[9.589498,4.129544],[9.589554,4.129655],[9.58963,4.129838],[9.589678,4.129979],[9.589748,4.130197],[9.589811,4.130459],[9.589913,4.130926],[9.590127,4.132015],[9.590251,4.132673],[9.590373,4.133275],[9.590499,4.133893],[9.590675,4.134809],[9.590684,4.134867],[9.59081,4.135519],[9.590845,4.135702],[9.590991,4.136456],[9.591123,4.137135],[9.591252,4.138263],[9.591299,4.138663],[9.59133,4.139056],[9.591353,4.139424],[9.591345,4.139625],[9.591335,4.139867],[9.591256,4.140822],[9.591237,4.141011],[9.591178,4.141602],[9.591151,4.141798],[9.591114,4.142019],[9.591034,4.142383],[9.591004,4.142492],[9.590965,4.14264],[9.590894,4.142865],[9.590849,4.143002],[9.59062,4.143689],[9.590481,4.144082],[9.59033,4.144558],[9.590269,4.14475],[9.590037,4.145446],[9.58998,4.145621],[9.589665,4.146569],[9.589656,4.146596],[9.589463,4.147197],[9.589432,4.147279],[9.589367,4.14745],[9.589307,4.147596],[9.589299,4.147614],[9.589226,4.147771],[9.589223,4.147777],[9.589199,4.147824],[9.589129,4.147959],[9.588961,4.148249],[9.588956,4.148258],[9.588861,4.148401],[9.588642,4.148725],[9.588545,4.14887],[9.588256,4.14927],[9.588122,4.149455],[9.588108,4.149474],[9.587938,4.149707],[9.587887,4.149776],[9.587708,4.150034],[9.587569,4.150263],[9.587491,4.150419],[9.587488,4.150426],[9.587412,4.150589],[9.587401,4.150615],[9.587344,4.150751],[9.587286,4.150926],[9.587254,4.151023],[9.587249,4.151042],[9.587178,4.151307],[9.587154,4.151449],[9.587136,4.151553],[9.5871,4.151816],[9.587083,4.152077],[9.587083,4.152227],[9.587083,4.152334],[9.587086,4.152401],[9.587088,4.152465],[9.587093,4.15258],[9.587105,4.152865],[9.587149,4.153838],[9.587151,4.153888],[9.587182,4.154572],[9.587185,4.154621],[9.587194,4.154786],[9.587203,4.15496],[9.5872,4.155321],[9.587193,4.155439],[9.58719,4.15549],[9.587157,4.155712],[9.587135,4.155832],[9.58706,4.15621],[9.587057,4.156227],[9.587034,4.156336],[9.586979,4.156599],[9.586945,4.15677],[9.586887,4.157056],[9.586847,4.157259],[9.586844,4.157273],[9.586833,4.157328],[9.586733,4.157818],[9.586713,4.15791],[9.586696,4.157989],[9.586676,4.158086],[9.586636,4.158272],[9.586564,4.158614],[9.586378,4.159518],[9.586356,4.159634],[9.586304,4.159929],[9.586275,4.160151],[9.586259,4.160538],[9.586271,4.160763],[9.586301,4.161089],[9.586339,4.161313],[9.5864,4.1616],[9.586457,4.161787],[9.586528,4.161998],[9.586593,4.162157],[9.586692,4.162365],[9.586803,4.162566],[9.58696,4.162816],[9.587093,4.162994],[9.587175,4.163094],[9.587237,4.163168],[9.587357,4.163304],[9.587508,4.163449],[9.587666,4.163595],[9.587895,4.163785],[9.588112,4.163934],[9.588261,4.164025],[9.588422,4.164119],[9.588554,4.164183],[9.588817,4.164297],[9.589072,4.164397],[9.5898,4.164631],[9.590352,4.16479],[9.591021,4.164983],[9.591899,4.165253],[9.592529,4.16543],[9.593007,4.165579],[9.593457,4.16571],[9.593903,4.165843],[9.594153,4.165918],[9.594211,4.165935],[9.594465,4.166009],[9.594881,4.166144],[9.595124,4.166237],[9.595367,4.166326],[9.595581,4.166418],[9.595754,4.166504],[9.595939,4.166602],[9.596092,4.166692],[9.596333,4.166845],[9.596504,4.166959],[9.596595,4.16702],[9.596699,4.167099],[9.596825,4.167199],[9.596965,4.167324],[9.597211,4.167537],[9.597389,4.167692],[9.597572,4.167874],[9.597715,4.168022],[9.597802,4.168109],[9.597864,4.168185],[9.597997,4.168365],[9.598007,4.168377],[9.598137,4.168571],[9.598258,4.168774],[9.598358,4.168976],[9.598397,4.169051],[9.598456,4.169195],[9.598458,4.1692],[9.598543,4.169441],[9.598622,4.169686],[9.598681,4.16991],[9.598704,4.170041],[9.598733,4.170203],[9.598766,4.170497],[9.598772,4.170854],[9.598754,4.171402],[9.598728,4.171991],[9.598715,4.172156],[9.598701,4.172427],[9.598678,4.172857],[9.598677,4.172902],[9.598661,4.173217],[9.598647,4.17344],[9.598635,4.173729],[9.598633,4.173901],[9.598636,4.174043],[9.598653,4.174263],[9.598671,4.174394],[9.598691,4.174481],[9.59871,4.174547],[9.598754,4.174694],[9.598781,4.174773],[9.59883,4.174888],[9.598927,4.175074],[9.598991,4.175183],[9.599047,4.175272],[9.599184,4.175468],[9.599186,4.17547],[9.599379,4.175715],[9.59963,4.176038],[9.599897,4.176359],[9.599935,4.176405],[9.600162,4.176691],[9.600363,4.176949],[9.600516,4.177158],[9.600623,4.177313],[9.600705,4.17743],[9.600784,4.177577],[9.600833,4.177668],[9.600923,4.177852],[9.601033,4.178113],[9.601109,4.178332],[9.601154,4.178474],[9.601187,4.178589],[9.601198,4.178628],[9.601226,4.178742],[9.601288,4.179043],[9.601372,4.179521],[9.601463,4.180047],[9.601472,4.180096],[9.601576,4.180723],[9.601683,4.181339],[9.601803,4.182037],[9.601804,4.182039],[9.601939,4.182837],[9.601995,4.183192],[9.602126,4.183892],[9.602288,4.184835],[9.602319,4.18501],[9.602441,4.185699],[9.602546,4.186298],[9.602628,4.186781],[9.602739,4.187393],[9.602779,4.187654],[9.602781,4.187669],[9.602808,4.187846],[9.602824,4.187948],[9.602863,4.188242],[9.602882,4.188381],[9.602892,4.188458],[9.602903,4.18856],[9.602916,4.188683],[9.602958,4.189273],[9.603025,4.190321],[9.60307,4.190852],[9.603151,4.191979],[9.603194,4.192648],[9.603262,4.193584],[9.60334,4.194644],[9.60335,4.194793],[9.603391,4.19528],[9.603427,4.195714],[9.603441,4.195905],[9.603467,4.196175],[9.603497,4.196396],[9.603541,4.196651],[9.603601,4.196946],[9.603668,4.197274],[9.603751,4.197637],[9.603812,4.197852],[9.603928,4.198204],[9.604136,4.198751],[9.604423,4.199507],[9.604688,4.200189],[9.604771,4.200405],[9.605005,4.201016],[9.605298,4.201834],[9.6056,4.202607],[9.605811,4.203152],[9.606026,4.20372],[9.60621,4.204208],[9.606353,4.204579],[9.606481,4.204923],[9.606587,4.205206],[9.606752,4.205628],[9.606908,4.206017],[9.606993,4.206206],[9.607114,4.206449],[9.607268,4.20669],[9.607397,4.206886],[9.607552,4.207102],[9.607788,4.207408],[9.608002,4.2077],[9.608226,4.207999],[9.608352,4.208208],[9.608439,4.208357],[9.608545,4.208553],[9.608634,4.208747],[9.608653,4.208794],[9.608711,4.208935],[9.608774,4.209117],[9.608836,4.209316],[9.608923,4.209662],[9.608987,4.209945],[9.608994,4.209982],[9.609107,4.210557],[9.609113,4.210588],[9.609177,4.210927],[9.609251,4.211305],[9.609314,4.211631],[9.60938,4.211962],[9.609444,4.212255],[9.60945,4.212284],[9.609506,4.212519],[9.609513,4.212544],[9.609552,4.212689],[9.609594,4.212822],[9.609643,4.212949],[9.609734,4.213176],[9.60981,4.213348],[9.609845,4.213413],[9.609922,4.213559],[9.609936,4.213586],[9.610024,4.213726],[9.610128,4.213885],[9.610238,4.214035],[9.61038,4.214205],[9.610488,4.21432],[9.610579,4.214425],[9.610743,4.214589],[9.61097,4.214809],[9.611139,4.214969],[9.611291,4.215123],[9.611297,4.215129],[9.61143,4.21525],[9.611513,4.215328],[9.61167,4.215483],[9.611771,4.215592],[9.61188,4.215736],[9.611981,4.215871],[9.612102,4.216048],[9.612217,4.216226],[9.612356,4.216477],[9.612449,4.216662],[9.612471,4.216708],[9.612607,4.216975],[9.612756,4.21731],[9.612974,4.217776],[9.613197,4.218259],[9.613403,4.218685],[9.613643,4.219198],[9.613717,4.219358],[9.613891,4.219731],[9.614118,4.220219],[9.61431,4.220629],[9.614502,4.221031],[9.614638,4.22135],[9.614762,4.221676],[9.614816,4.221844],[9.614861,4.222003],[9.614893,4.222162],[9.614901,4.222203],[9.614935,4.222416],[9.614952,4.222525],[9.614985,4.222775],[9.614996,4.222993],[9.614995,4.223079],[9.614994,4.223129],[9.614986,4.223339],[9.614974,4.223492],[9.614951,4.223691],[9.61494,4.223771],[9.614925,4.223895],[9.614874,4.224125],[9.614811,4.224354],[9.614782,4.22446],[9.614714,4.224664],[9.614667,4.224805],[9.614484,4.225228],[9.61432,4.225585],[9.614156,4.225995],[9.613986,4.22635],[9.613775,4.22682],[9.613718,4.226951],[9.613708,4.226973],[9.613614,4.227187],[9.613515,4.227429],[9.613425,4.227676],[9.613345,4.22797],[9.613286,4.228263],[9.613247,4.228566],[9.613232,4.228795],[9.613227,4.228931],[9.613233,4.229041],[9.613236,4.229133],[9.613247,4.229212],[9.613318,4.230113],[9.613357,4.230453],[9.613416,4.230694],[9.613426,4.230788],[9.61344,4.230915],[9.613445,4.231124],[9.613437,4.231295],[9.613436,4.231313],[9.613418,4.231794],[9.613405,4.231982],[9.613371,4.232473],[9.613356,4.232675],[9.613351,4.232755],[9.613286,4.233652],[9.61325,4.234151],[9.613192,4.234964],[9.613138,4.235715],[9.613115,4.236029],[9.613093,4.236342],[9.613062,4.236605],[9.613037,4.236828],[9.613013,4.237018],[9.612994,4.23714],[9.612971,4.237271],[9.61296,4.237331],[9.612946,4.237406],[9.61293,4.237488],[9.612899,4.237624],[9.612874,4.237716],[9.612826,4.237876],[9.612761,4.238077],[9.612712,4.238253],[9.612707,4.238269],[9.612612,4.238592],[9.612547,4.238813],[9.612545,4.238821],[9.612513,4.23893],[9.612498,4.238989],[9.612496,4.238994],[9.61244,4.239209],[9.612391,4.23937],[9.612351,4.239499],[9.612313,4.239637],[9.612235,4.239922],[9.612163,4.240182],[9.612063,4.240522],[9.612059,4.240535],[9.611939,4.240953],[9.611811,4.24137],[9.611798,4.241414],[9.611719,4.241696],[9.611719,4.241698],[9.611633,4.241995],[9.611557,4.242262],[9.611552,4.242279],[9.611502,4.242452],[9.611495,4.242477],[9.611444,4.242652],[9.611395,4.242831],[9.611332,4.243048],[9.611289,4.243187],[9.611213,4.24345],[9.611135,4.243705],[9.611056,4.243986],[9.610979,4.244254],[9.610927,4.244433],[9.61086,4.24465],[9.610819,4.244785],[9.610748,4.245001],[9.610679,4.245183],[9.610578,4.245422],[9.610478,4.245622],[9.610405,4.245753],[9.61035,4.245851],[9.61022,4.246032],[9.610103,4.246191],[9.609985,4.246345],[9.609858,4.246484],[9.609754,4.246612],[9.609598,4.24678],[9.609452,4.246949],[9.609265,4.247135],[9.609015,4.247401],[9.608888,4.24754],[9.608797,4.24764],[9.608008,4.248488],[9.607709,4.248804],[9.607413,4.249119],[9.607166,4.249381],[9.60704,4.249514],[9.606429,4.250152],[9.606068,4.250541],[9.605676,4.250988],[9.605344,4.251357],[9.605077,4.251666],[9.604868,4.251924],[9.6047,4.252145],[9.604522,4.252407],[9.604498,4.252447],[9.604393,4.252641],[9.604271,4.25288],[9.604173,4.253118],[9.604095,4.253354],[9.604006,4.253658],[9.603943,4.253958],[9.603898,4.254289],[9.603877,4.25458],[9.603871,4.254752],[9.603871,4.254906],[9.603884,4.255101],[9.603901,4.255259],[9.60396,4.255643],[9.604014,4.255945],[9.604085,4.256379],[9.604105,4.256497],[9.604176,4.25692],[9.604294,4.2576],[9.604385,4.258111],[9.604479,4.258694],[9.604557,4.259131],[9.604663,4.259773],[9.604783,4.260483],[9.604913,4.261205],[9.604926,4.261283],[9.604956,4.261461],[9.604985,4.261631],[9.605078,4.26217],[9.605087,4.26222],[9.605202,4.262906],[9.605303,4.263472],[9.605384,4.263995],[9.605452,4.264418],[9.605541,4.2649],[9.605638,4.265464],[9.605681,4.265716],[9.605727,4.26599],[9.605807,4.266469],[9.605866,4.266935],[9.605934,4.267478],[9.605994,4.267969],[9.606017,4.268174],[9.60605,4.268464],[9.606121,4.269031],[9.606194,4.269583],[9.606264,4.270125],[9.606315,4.270592],[9.606374,4.271045],[9.606411,4.271371],[9.606429,4.271529],[9.606499,4.272098],[9.60658,4.272731],[9.60664,4.273249],[9.606642,4.273262],[9.606701,4.273741],[9.606731,4.27395],[9.606765,4.274149],[9.606804,4.274334],[9.606872,4.274558],[9.606934,4.27475],[9.607078,4.275169],[9.607138,4.275355],[9.607184,4.275499],[9.607193,4.275526],[9.607309,4.275882],[9.607463,4.276356],[9.60754,4.27658],[9.607633,4.276867],[9.607685,4.277045],[9.607721,4.277222],[9.607759,4.277419],[9.60778,4.277558],[9.607799,4.277727],[9.607868,4.278525],[9.607892,4.278846],[9.607914,4.279083],[9.607951,4.279486],[9.607982,4.279822],[9.608012,4.280227],[9.608041,4.280513],[9.608053,4.280636],[9.608059,4.280692],[9.608098,4.28105],[9.6081,4.281062],[9.608142,4.281405],[9.608162,4.281525],[9.608195,4.28178],[9.608236,4.28205],[9.608268,4.282258],[9.60831,4.282521],[9.608351,4.28282],[9.608383,4.283061],[9.60841,4.283387],[9.608414,4.28348],[9.608415,4.283547],[9.608416,4.283595],[9.608415,4.283725],[9.608404,4.283883],[9.608393,4.284009],[9.608372,4.28418],[9.608355,4.284288],[9.608333,4.284437],[9.608306,4.284572],[9.608269,4.284722],[9.608231,4.284863],[9.608177,4.285029],[9.60812,4.285165],[9.6081,4.285212],[9.608031,4.285374],[9.607943,4.285562],[9.6078,4.285818],[9.607685,4.286036],[9.607498,4.286364],[9.607393,4.286561],[9.607321,4.286706],[9.607226,4.286946],[9.607159,4.287152],[9.607124,4.287277],[9.607085,4.287441],[9.607054,4.287612],[9.607028,4.287797],[9.607023,4.287955],[9.607022,4.288029],[9.607021,4.288084],[9.607024,4.28828],[9.607038,4.288499],[9.60706,4.288676],[9.607089,4.288861],[9.607122,4.289063],[9.607169,4.289294],[9.607216,4.289517],[9.607251,4.28969],[9.60729,4.28989],[9.607335,4.290108],[9.60737,4.290272],[9.607405,4.290427],[9.60745,4.290655],[9.607482,4.29085],[9.607514,4.291099],[9.607533,4.291399],[9.607538,4.291614],[9.607525,4.291815],[9.607523,4.291837],[9.607503,4.292004],[9.607477,4.292172],[9.607466,4.292246],[9.607413,4.29248],[9.607371,4.292633],[9.607312,4.292832],[9.607234,4.293042],[9.607098,4.293415],[9.606985,4.293715],[9.606891,4.293941],[9.6068,4.294098],[9.606698,4.294245],[9.60656,4.29444],[9.60647,4.294536],[9.606327,4.294684],[9.606169,4.294815],[9.606034,4.294922],[9.605984,4.294952],[9.60583,4.295045],[9.605785,4.295073],[9.60555,4.295214],[9.605521,4.29523],[9.605225,4.295389],[9.605069,4.295484],[9.604897,4.295582],[9.604686,4.295702],[9.604373,4.295863],[9.604107,4.296012],[9.603819,4.296171],[9.603466,4.29637],[9.603245,4.296496],[9.603032,4.29662],[9.603003,4.296636],[9.602911,4.296684],[9.602815,4.296745],[9.602703,4.296827],[9.602593,4.296921],[9.60248,4.297028],[9.602364,4.297153],[9.602255,4.297281],[9.602177,4.297381],[9.602103,4.297492],[9.602029,4.297614],[9.601969,4.297728],[9.601907,4.297861],[9.601845,4.298017],[9.601791,4.298205],[9.601739,4.298386],[9.601731,4.298428],[9.601709,4.298551],[9.601672,4.298744],[9.601629,4.298977],[9.601577,4.299281],[9.601555,4.299425],[9.601503,4.299715],[9.601444,4.299975],[9.601406,4.300121],[9.60135,4.300325],[9.601312,4.300453],[9.601287,4.300529],[9.601222,4.300699],[9.601172,4.300826],[9.6011,4.300979],[9.601087,4.301006],[9.601038,4.301106],[9.600983,4.30121],[9.600919,4.301311],[9.60081,4.301477],[9.600726,4.301585],[9.600579,4.30178],[9.600451,4.301962],[9.600307,4.302157],[9.600132,4.302386],[9.599997,4.302549],[9.599907,4.302654],[9.599822,4.302776],[9.599761,4.302869],[9.599718,4.302936],[9.599695,4.302985],[9.599672,4.303033],[9.599619,4.303155],[9.599589,4.303239],[9.599573,4.303284],[9.599543,4.303368],[9.599519,4.303436],[9.599495,4.303545],[9.599481,4.303642],[9.59947,4.30373],[9.599452,4.303893],[9.599434,4.30432],[9.59942,4.304609],[9.599386,4.305287],[9.599377,4.305473],[9.599371,4.305611],[9.599357,4.305694],[9.599341,4.305774],[9.599333,4.305824],[9.599329,4.305852],[9.599317,4.305919],[9.5993,4.306009],[9.599232,4.306242],[9.599158,4.306517],[9.599117,4.306702],[9.599096,4.306792],[9.599095,4.3068],[9.599055,4.307023],[9.59905,4.30707],[9.599048,4.30714],[9.599039,4.307282],[9.599049,4.307665],[9.599082,4.308077],[9.599109,4.308457],[9.59911,4.308467],[9.599125,4.308724],[9.599118,4.30885],[9.59911,4.308928],[9.599104,4.308998],[9.599066,4.309217],[9.599005,4.309451],[9.598933,4.309678],[9.598893,4.309817],[9.598861,4.309932],[9.598826,4.310084],[9.598816,4.310138],[9.598806,4.310194],[9.598795,4.310272],[9.598789,4.310335],[9.598786,4.31042],[9.598788,4.310675],[9.598803,4.310966],[9.598859,4.311406],[9.598873,4.311503],[9.598907,4.311744],[9.598952,4.31207],[9.598998,4.312337],[9.599035,4.312518],[9.59905,4.312592],[9.599118,4.31293],[9.599183,4.313231],[9.599198,4.313304],[9.599264,4.313644],[9.599319,4.313891],[9.599359,4.314101],[9.599383,4.314224],[9.599464,4.314608],[9.599512,4.314938],[9.599533,4.315116],[9.599533,4.315205],[9.599533,4.315286],[9.599528,4.315385],[9.599517,4.315509],[9.599501,4.315625],[9.599477,4.315737],[9.599449,4.315842],[9.599412,4.315948],[9.599352,4.316111],[9.59916,4.316486],[9.598964,4.316787],[9.598701,4.317206],[9.598491,4.317539],[9.598293,4.317855],[9.598213,4.317983],[9.598002,4.318329],[9.597934,4.31843],[9.597802,4.318634],[9.597719,4.318779],[9.597679,4.318861],[9.597645,4.318922],[9.597614,4.318982],[9.597573,4.319061],[9.59754,4.319146],[9.597511,4.319245],[9.597484,4.31934],[9.597462,4.319444],[9.597449,4.319542],[9.597439,4.319656],[9.597432,4.319805],[9.597443,4.320227],[9.597443,4.320227],[9.597444,4.320865],[9.597472,4.321845],[9.597476,4.321978],[9.597488,4.322671],[9.597485,4.323045],[9.597472,4.323422],[9.597447,4.323594],[9.597406,4.323799],[9.597337,4.324047],[9.59727,4.324306],[9.597216,4.324489],[9.597185,4.32462],[9.597174,4.324687],[9.59715,4.324826],[9.597138,4.324952],[9.597141,4.325075],[9.597155,4.325193],[9.597167,4.325278],[9.5972,4.325417],[9.597226,4.32552],[9.597269,4.325655],[9.597342,4.325827],[9.59743,4.325979],[9.597621,4.326215],[9.597821,4.326448],[9.598079,4.326727],[9.598201,4.32686],[9.598335,4.327008],[9.598526,4.32723],[9.598775,4.327529],[9.598833,4.327614],[9.598881,4.327697],[9.598919,4.32776],[9.599025,4.327964],[9.599113,4.328208],[9.599162,4.328411],[9.599188,4.328569],[9.599202,4.328701],[9.599209,4.328876],[9.599197,4.329207],[9.599185,4.329419],[9.599142,4.329862],[9.599122,4.33001],[9.599056,4.330628],[9.599022,4.330954],[9.598969,4.331452],[9.598908,4.332067],[9.598854,4.33262],[9.598771,4.33306],[9.598735,4.333193],[9.598706,4.333299],[9.598638,4.333498],[9.598581,4.333652],[9.59854,4.333734],[9.598539,4.333737],[9.598472,4.333861],[9.598471,4.333864],[9.598363,4.334046],[9.59823,4.334229],[9.598067,4.334435],[9.597923,4.334574],[9.597784,4.334704],[9.59767,4.334814],[9.597572,4.334895],[9.597345,4.335114],[9.597132,4.335299],[9.596862,4.335531],[9.596681,4.335707],[9.596565,4.335832],[9.596483,4.335927],[9.596363,4.336093],[9.596282,4.336213],[9.596259,4.336254],[9.596236,4.336296],[9.596197,4.336369],[9.596166,4.336446],[9.596138,4.336541],[9.596103,4.336689],[9.596087,4.33677],[9.596076,4.33685],[9.596058,4.337008],[9.596046,4.337173],[9.596027,4.337389],[9.596004,4.337774],[9.595982,4.338097],[9.59595,4.338458],[9.595922,4.338697],[9.595902,4.338875],[9.595899,4.338901],[9.595852,4.339193],[9.595809,4.339374],[9.595757,4.339508],[9.595675,4.339697],[9.595612,4.339813],[9.59554,4.339936],[9.595451,4.34006],[9.595363,4.340168],[9.595353,4.34018],[9.595216,4.340332],[9.595009,4.340541],[9.594651,4.34092],[9.594307,4.341258],[9.593985,4.341577],[9.593665,4.341908],[9.593333,4.342242],[9.593014,4.342564],[9.592776,4.342797],[9.592698,4.342873],[9.592474,4.343094],[9.592309,4.343248],[9.592177,4.343371],[9.592143,4.343403],[9.591839,4.343688],[9.59178,4.343737],[9.591752,4.343761],[9.591631,4.343862],[9.591398,4.344056],[9.591144,4.34426],[9.590865,4.34445],[9.590644,4.34463],[9.590414,4.344799],[9.590201,4.344966],[9.589966,4.345174],[9.589742,4.345373],[9.589614,4.345485],[9.589493,4.345606],[9.589337,4.34576],[9.589288,4.345807],[9.589233,4.34586],[9.589161,4.345934],[9.58909,4.346007],[9.589036,4.346064],[9.588933,4.346173],[9.588772,4.34636],[9.588749,4.346387],[9.588463,4.346705],[9.588235,4.346954],[9.588015,4.347216],[9.587936,4.347304],[9.587775,4.347485],[9.587499,4.347802],[9.587369,4.347955],[9.587263,4.348079],[9.587003,4.348381],[9.586806,4.3486],[9.586765,4.348646],[9.586591,4.348836],[9.586458,4.348966],[9.586366,4.349049],[9.586281,4.349115],[9.586189,4.349185],[9.586135,4.349222],[9.586085,4.349254],[9.58596,4.349339],[9.585843,4.349392],[9.585627,4.349486],[9.585616,4.349491],[9.585458,4.349545],[9.58523,4.349626],[9.585084,4.349664],[9.584934,4.349703],[9.584829,4.349727],[9.584557,4.349786],[9.584237,4.349872],[9.584052,4.34993],[9.583953,4.349964],[9.58387,4.350002],[9.583782,4.350042],[9.583731,4.350067],[9.583629,4.350116],[9.58349,4.350207],[9.583332,4.350326],[9.583265,4.350386],[9.583208,4.350435],[9.583047,4.35062],[9.58298,4.35071],[9.582932,4.350773],[9.582748,4.35105],[9.582582,4.351317],[9.582463,4.351517],[9.582416,4.351598],[9.582261,4.351882],[9.582154,4.352122],[9.582079,4.35237],[9.582044,4.352517],[9.582037,4.352555],[9.582015,4.352687],[9.582009,4.352723],[9.581974,4.353078],[9.581967,4.353409],[9.581956,4.353782],[9.581943,4.354182],[9.581907,4.354459],[9.581878,4.354603],[9.58185,4.354742],[9.581796,4.354968],[9.581785,4.355007],[9.581736,4.35518],[9.581701,4.355304],[9.581575,4.355795],[9.581465,4.356214],[9.581396,4.356428],[9.581331,4.356617],[9.581234,4.356819],[9.58109,4.35709],[9.580903,4.357419],[9.580699,4.357777],[9.580556,4.35803],[9.58046,4.358195],[9.580398,4.358292],[9.58036,4.358354],[9.58032,4.358408],[9.580275,4.358448],[9.580105,4.358623],[9.579987,4.358715],[9.579883,4.358795],[9.579689,4.358918],[9.579573,4.358978],[9.579529,4.358999],[9.579417,4.359051],[9.579235,4.359117],[9.578944,4.359203],[9.578696,4.359279],[9.57845,4.35935],[9.578331,4.359393],[9.578278,4.359412],[9.578165,4.359463],[9.578117,4.359485],[9.577989,4.359549],[9.577855,4.359633],[9.577741,4.359717],[9.577614,4.35982],[9.577571,4.359864],[9.577497,4.359939],[9.577377,4.360075],[9.577333,4.360135],[9.577247,4.360252],[9.577115,4.360426],[9.576968,4.36063],[9.576876,4.360761],[9.576803,4.360862],[9.576713,4.360985],[9.576697,4.361008],[9.576592,4.361154],[9.576559,4.361201],[9.576425,4.361399],[9.576317,4.361562],[9.576235,4.361715],[9.576162,4.361917],[9.576123,4.36206],[9.576082,4.362234],[9.576077,4.362286],[9.576062,4.362421],[9.576051,4.362592],[9.57606,4.362802],[9.576079,4.363017],[9.576097,4.363429],[9.5761,4.363542],[9.576102,4.363627],[9.576099,4.363722],[9.576096,4.363809],[9.576087,4.363927],[9.57607,4.364035],[9.576047,4.364163],[9.576005,4.364316],[9.575968,4.364426],[9.575943,4.364501],[9.575822,4.364848],[9.575693,4.365228],[9.575625,4.36542],[9.57553,4.365628],[9.575426,4.365827],[9.57531,4.366009],[9.575171,4.366212],[9.574995,4.366446],[9.57489,4.366576],[9.574691,4.366814],[9.574606,4.366928],[9.574532,4.367047],[9.574479,4.367148],[9.57445,4.367218],[9.574423,4.367293],[9.5744,4.367375],[9.574395,4.367392],[9.574381,4.367443],[9.574363,4.367523],[9.574358,4.367568],[9.574348,4.367653],[9.574343,4.367695],[9.574338,4.367738],[9.574332,4.367889],[9.574336,4.368116],[9.574348,4.368285],[9.574357,4.368419],[9.574365,4.368645],[9.574368,4.368718],[9.5744,4.369179],[9.574405,4.369619],[9.574397,4.36983],[9.574377,4.370008],[9.574367,4.370081],[9.574338,4.37029],[9.574308,4.370435],[9.574282,4.370561],[9.574276,4.370589],[9.574271,4.370611],[9.57423,4.370786],[9.574191,4.370955],[9.574093,4.371427],[9.574025,4.371742],[9.573918,4.372242],[9.573863,4.372502],[9.573775,4.372895],[9.573699,4.373238],[9.573633,4.373549],[9.573608,4.373667],[9.573532,4.374011],[9.573448,4.374351],[9.573363,4.374633],[9.573308,4.374779],[9.573227,4.374955],[9.57314,4.375129],[9.573046,4.37531],[9.572898,4.375577],[9.572764,4.375839],[9.572627,4.376075],[9.572511,4.37628],[9.57237,4.376521],[9.572207,4.376818],[9.572126,4.376975],[9.572042,4.37711],[9.571993,4.377177],[9.571885,4.377321],[9.571878,4.377331],[9.571753,4.377485],[9.571655,4.377614],[9.571462,4.377807],[9.571409,4.377861],[9.571313,4.377958],[9.57119,4.378078],[9.571017,4.378244],[9.570781,4.378482],[9.570564,4.378689],[9.570261,4.378997],[9.570004,4.379262],[9.569867,4.379397],[9.569731,4.379532],[9.569558,4.379726],[9.56951,4.379781],[9.569318,4.380029],[9.569225,4.380177],[9.5692,4.380215],[9.569164,4.380273],[9.569013,4.380562],[9.568893,4.380802],[9.568848,4.380908],[9.568808,4.381016],[9.568749,4.381198],[9.568685,4.381456],[9.568675,4.381499],[9.568652,4.381604],[9.568617,4.381761],[9.568585,4.381992],[9.568568,4.38211],[9.568524,4.382441],[9.568462,4.382952],[9.56845,4.383049],[9.568444,4.383098],[9.568388,4.383534],[9.568345,4.383855],[9.568302,4.38417],[9.568268,4.384417],[9.568209,4.384919],[9.568141,4.385395],[9.568107,4.385805],[9.568106,4.385917],[9.568104,4.386015],[9.568104,4.386202],[9.568104,4.386293],[9.568122,4.386502],[9.568185,4.386855],[9.568213,4.386983],[9.568243,4.387121],[9.568257,4.387167],[9.568268,4.3872],[9.568324,4.387379],[9.568361,4.387482],[9.568381,4.387536],[9.56844,4.387697],[9.568585,4.38801],[9.568633,4.388112],[9.568746,4.388324],[9.569003,4.388735],[9.569258,4.389042],[9.569295,4.389079],[9.569509,4.389293],[9.569517,4.389301],[9.569946,4.389773],[9.570352,4.390195],[9.570353,4.390197],[9.570697,4.390557],[9.570766,4.390629],[9.57079,4.390655],[9.570833,4.390698],[9.571032,4.390903],[9.571033,4.390905],[9.571419,4.391303],[9.57173,4.39164],[9.571998,4.391927],[9.572016,4.391947],[9.572178,4.392137],[9.572318,4.392293],[9.572459,4.392463],[9.572605,4.392697],[9.572654,4.392781],[9.572728,4.392907],[9.572872,4.393151],[9.57299,4.393445],[9.573087,4.393754],[9.573162,4.394077],[9.573169,4.394115],[9.573175,4.394149],[9.573201,4.394292],[9.573226,4.394426],[9.573228,4.394469],[9.573238,4.394649],[9.57325,4.394863],[9.573222,4.395269],[9.573164,4.39565],[9.573092,4.396005],[9.572999,4.396356],[9.572902,4.396706],[9.572781,4.397107],[9.572723,4.397318],[9.572596,4.397745],[9.572414,4.398356],[9.572245,4.398935],[9.572106,4.399407],[9.572039,4.399637],[9.571811,4.400471],[9.571719,4.400773],[9.571701,4.400833],[9.571617,4.401091],[9.571536,4.401309],[9.571408,4.401636],[9.571289,4.401891],[9.571114,4.40227],[9.571003,4.402534],[9.570859,4.402874],[9.570857,4.402878],[9.570763,4.40309],[9.570712,4.403207],[9.570648,4.403354],[9.57064,4.403372],[9.570482,4.403714],[9.570377,4.403973],[9.570294,4.404219],[9.57028,4.404263],[9.570235,4.404411],[9.570174,4.404703],[9.570141,4.404928],[9.570117,4.405211],[9.570106,4.405445],[9.570108,4.405646],[9.570123,4.405874],[9.570129,4.405982],[9.570193,4.406893],[9.570222,4.40733],[9.570237,4.407621],[9.570234,4.407842],[9.570225,4.407957],[9.570225,4.407964],[9.570202,4.408172],[9.570163,4.408381],[9.570137,4.408488],[9.570103,4.408629],[9.570043,4.40878],[9.569973,4.408959],[9.56991,4.4091],[9.569786,4.409309],[9.569691,4.409466],[9.569674,4.409495],[9.569591,4.409615],[9.569529,4.409704],[9.569488,4.409763],[9.569384,4.40991],[9.569375,4.409923],[9.569278,4.410056],[9.569173,4.410201],[9.568971,4.410479],[9.568849,4.410634],[9.568641,4.410897],[9.568271,4.411397],[9.568141,4.411571],[9.567973,4.411799],[9.567791,4.412035],[9.567627,4.412242],[9.567485,4.412405],[9.567413,4.412485],[9.567321,4.412563],[9.567234,4.412633],[9.567101,4.412727],[9.566933,4.41282],[9.56673,4.412928],[9.566533,4.413031],[9.566498,4.413049],[9.566336,4.413128],[9.56621,4.413189],[9.566175,4.413209],[9.565939,4.413344],[9.565769,4.413449],[9.565712,4.413487],[9.565561,4.413586],[9.565525,4.41361],[9.565415,4.413691],[9.565393,4.413707],[9.565266,4.413822],[9.565131,4.413958],[9.565018,4.414092],[9.564905,4.414277],[9.564695,4.414677],[9.564683,4.414701],[9.564604,4.414862],[9.564476,4.415124],[9.564361,4.415344],[9.5643,4.415461],[9.564277,4.415504],[9.564126,4.415792],[9.564033,4.415973],[9.563896,4.416247],[9.563786,4.416466],[9.563771,4.416494],[9.563707,4.416627],[9.563649,4.416749],[9.563538,4.416969],[9.563448,4.417178],[9.563412,4.417283],[9.563368,4.4174],[9.563352,4.417453],[9.563313,4.417589],[9.563303,4.417626],[9.563259,4.417783],[9.563256,4.417799],[9.563193,4.418112],[9.563184,4.418152],[9.563106,4.418503],[9.563047,4.418789],[9.563003,4.418997],[9.562993,4.419031],[9.562953,4.419168],[9.562939,4.419202],[9.562885,4.419329],[9.562831,4.419449],[9.56276,4.419597],[9.56267,4.419752],[9.562578,4.419904],[9.562543,4.419959],[9.562492,4.420035],[9.562381,4.4202],[9.562295,4.420321],[9.562138,4.420541],[9.562029,4.420705],[9.562008,4.420737],[9.561908,4.420886],[9.561905,4.420891],[9.561822,4.42103],[9.561816,4.421041],[9.561749,4.421165],[9.561732,4.421201],[9.561689,4.421291],[9.561655,4.421363],[9.56162,4.421436],[9.561578,4.421545],[9.56154,4.421651],[9.561515,4.421757],[9.561497,4.421852],[9.561482,4.421964],[9.561474,4.422054],[9.56147,4.422105],[9.561468,4.422224],[9.561468,4.422234],[9.56147,4.422349],[9.561473,4.422414],[9.561477,4.422473],[9.561496,4.422599],[9.561533,4.42274],[9.561551,4.422819],[9.56159,4.422947],[9.561637,4.423077],[9.561693,4.42322],[9.561747,4.423327],[9.561798,4.423436],[9.561825,4.423493],[9.561882,4.423595],[9.561912,4.423648],[9.561972,4.423751],[9.562032,4.423855],[9.562094,4.42396],[9.562162,4.424075],[9.562264,4.424245],[9.562352,4.424397],[9.562464,4.424606],[9.562565,4.424798],[9.562644,4.424969],[9.562729,4.425174],[9.562792,4.425361],[9.562829,4.425525],[9.562836,4.425558],[9.56286,4.425703],[9.562866,4.425742],[9.56288,4.425882],[9.562886,4.425996],[9.562888,4.426108],[9.562889,4.426203],[9.562881,4.4263],[9.562867,4.426419],[9.562865,4.42644],[9.562847,4.426565],[9.562842,4.426598],[9.562824,4.426704],[9.562807,4.426774],[9.562779,4.426889],[9.562764,4.426949],[9.562732,4.427075],[9.562686,4.427234],[9.562633,4.427429],[9.56257,4.427632],[9.562518,4.427814],[9.562494,4.427895],[9.562425,4.428128],[9.562355,4.42835],[9.562263,4.428671],[9.562178,4.428939],[9.562117,4.429146],[9.562044,4.429379],[9.561994,4.4296],[9.561971,4.429715],[9.56196,4.429767],[9.56194,4.429923],[9.561937,4.430052],[9.561939,4.430182],[9.561951,4.430365],[9.561971,4.430512],[9.561995,4.430662],[9.562019,4.430759],[9.562055,4.430883],[9.562057,4.430889],[9.562095,4.430984],[9.562153,4.431108],[9.562202,4.431205],[9.562265,4.431309],[9.562355,4.43145],[9.562432,4.431535],[9.562734,4.43187],[9.563004,4.432133],[9.563174,4.432298],[9.563261,4.432389],[9.563402,4.43252],[9.563514,4.432634],[9.563656,4.432776],[9.56375,4.432873],[9.563846,4.432977],[9.563884,4.433018],[9.564116,4.43324],[9.564167,4.433291],[9.564435,4.433555],[9.564549,4.433677],[9.564688,4.433823],[9.56475,4.433888],[9.564858,4.433996],[9.564897,4.434039],[9.564993,4.434145],[9.565066,4.434238],[9.565165,4.434368],[9.565231,4.434459],[9.565263,4.434502],[9.56536,4.434648],[9.565362,4.43465],[9.565492,4.434871],[9.56559,4.435063],[9.565692,4.435255],[9.565846,4.435557],[9.56599,4.435823],[9.566068,4.435981],[9.566111,4.436076],[9.566157,4.436183],[9.566206,4.436302],[9.566241,4.436414],[9.566273,4.436543],[9.566277,4.436555],[9.5663,4.436655],[9.566304,4.436676],[9.566316,4.436748],[9.566333,4.436853],[9.566342,4.437001],[9.566343,4.437112],[9.566342,4.437254],[9.566342,4.437296],[9.566342,4.437306],[9.566341,4.437367],[9.566341,4.437373],[9.566337,4.437431],[9.56633,4.437489],[9.566326,4.437536],[9.566308,4.437642],[9.566269,4.437813],[9.566211,4.438091],[9.56614,4.438381],[9.566026,4.438865],[9.565867,4.439465],[9.565866,4.43947],[9.565746,4.43994],[9.565662,4.440261],[9.565472,4.44099],[9.565427,4.441191],[9.565156,4.442261],[9.564947,4.443052],[9.564902,4.443228],[9.564864,4.443379],[9.564817,4.443567],[9.564799,4.443636],[9.564711,4.444002],[9.564595,4.444442],[9.56458,4.444509],[9.564492,4.444889],[9.564443,4.445088],[9.564175,4.44613],[9.564054,4.446589],[9.563983,4.446852],[9.563952,4.446983],[9.563864,4.447328],[9.563793,4.447605],[9.56372,4.447893],[9.563592,4.448358],[9.563475,4.448847],[9.563375,4.449222],[9.563329,4.449428],[9.563263,4.449672],[9.563227,4.449798],[9.563178,4.449989],[9.563136,4.450168],[9.563113,4.450276],[9.56309,4.450405],[9.563083,4.450442],[9.563051,4.450678],[9.563044,4.45091],[9.563045,4.451108],[9.563057,4.4513],[9.563085,4.451499],[9.563134,4.451797],[9.563185,4.452081],[9.563223,4.452281],[9.563239,4.452368],[9.563324,4.452835],[9.563434,4.453451],[9.563564,4.454167],[9.563624,4.454501],[9.563673,4.454731],[9.563728,4.454956],[9.563756,4.455047],[9.56378,4.455112],[9.563806,4.455168],[9.563871,4.455255],[9.563882,4.455265],[9.56399,4.455372],[9.564011,4.45539],[9.564086,4.455455],[9.564133,4.455505],[9.564195,4.455605],[9.564237,4.455687],[9.564278,4.455779],[9.564315,4.455876],[9.564495,4.456333],[9.564671,4.456767],[9.56483,4.457192],[9.564831,4.457194],[9.564943,4.457467],[9.565004,4.457618],[9.565065,4.45779],[9.565088,4.457857],[9.565097,4.457886],[9.565134,4.457999],[9.56518,4.458191],[9.565212,4.458525],[9.565228,4.459081],[9.565236,4.459503],[9.565247,4.45979],[9.565254,4.459913],[9.565257,4.459944],[9.565265,4.460035],[9.565281,4.460197],[9.565303,4.460299],[9.565323,4.46039],[9.56536,4.460551],[9.565444,4.460788],[9.56545,4.460803],[9.565451,4.460806],[9.565515,4.460995],[9.565607,4.461268],[9.565712,4.461557],[9.565804,4.461825],[9.565877,4.46203],[9.565933,4.462238],[9.566004,4.462486],[9.566052,4.462721],[9.566114,4.463218],[9.566137,4.463411],[9.566158,4.463589],[9.566186,4.463824],[9.56624,4.464302],[9.566262,4.464482],[9.566285,4.464661],[9.566345,4.46514],[9.56639,4.465546],[9.566431,4.465917],[9.566453,4.46609],[9.566475,4.466268],[9.566477,4.466284],[9.566503,4.466446],[9.566512,4.466498],[9.566547,4.46662],[9.566573,4.46671],[9.566598,4.466793],[9.566636,4.466919],[9.566714,4.467109],[9.566782,4.467245],[9.566966,4.467474],[9.567147,4.467667],[9.567172,4.467688],[9.567308,4.467806],[9.567396,4.467882],[9.56745,4.467917],[9.567565,4.467992],[9.567744,4.468111],[9.567771,4.468129],[9.567967,4.468214],[9.568312,4.468339],[9.568422,4.468377],[9.568593,4.468435],[9.568597,4.468437],[9.568754,4.468495],[9.568887,4.468544],[9.569195,4.468671],[9.569402,4.468782],[9.569412,4.468788],[9.569533,4.468867],[9.569739,4.469037],[9.56993,4.469246],[9.570056,4.469409],[9.570062,4.469417],[9.570153,4.469565],[9.570155,4.469569],[9.570227,4.469717],[9.570234,4.46973],[9.570315,4.469891],[9.570386,4.470032],[9.570501,4.470326],[9.570594,4.470574],[9.570652,4.470742],[9.570688,4.470876],[9.570719,4.471051],[9.570726,4.471177],[9.570729,4.471354],[9.570717,4.471534],[9.570672,4.471914],[9.57063,4.472214],[9.570613,4.472321],[9.570593,4.472451],[9.570559,4.4727],[9.570545,4.472896],[9.570539,4.473073],[9.570547,4.473218],[9.57056,4.473332],[9.570588,4.473557],[9.570625,4.47375],[9.570646,4.473861],[9.570737,4.474198],[9.570839,4.474566],[9.570902,4.474801],[9.570948,4.474975],[9.570966,4.475044],[9.571031,4.475317],[9.571033,4.475325],[9.571047,4.475385],[9.571069,4.475501],[9.571089,4.475603],[9.57111,4.475771],[9.571124,4.475939],[9.571133,4.476107],[9.571112,4.476366],[9.571089,4.476553],[9.571065,4.476673],[9.571,4.47689],[9.570946,4.477051],[9.570871,4.477212],[9.570778,4.477398],[9.570665,4.477616],[9.570547,4.477811],[9.570419,4.477994],[9.570224,4.478311],[9.57021,4.478334],[9.569901,4.478824],[9.569783,4.47901],[9.569638,4.479242],[9.569413,4.479595],[9.569342,4.479698],[9.569228,4.479876],[9.569049,4.480156],[9.569046,4.480161],[9.568871,4.48044],[9.568699,4.480723],[9.568642,4.480815],[9.568538,4.480984],[9.568308,4.481353],[9.568196,4.481525],[9.568069,4.481723],[9.567992,4.481842],[9.567854,4.482056],[9.567825,4.482104],[9.567663,4.482368],[9.567465,4.482672],[9.567456,4.482686],[9.567431,4.482725],[9.567275,4.482972],[9.567063,4.483333],[9.566969,4.483495],[9.566852,4.483726],[9.566727,4.483971],[9.566722,4.483981],[9.566574,4.484306],[9.566523,4.484429],[9.566492,4.484502],[9.566437,4.484655],[9.566414,4.484721],[9.566322,4.48501],[9.566236,4.485289],[9.566149,4.485571],[9.566087,4.485824],[9.56605,4.485985],[9.566007,4.486268],[9.565974,4.486488],[9.565947,4.486698],[9.565912,4.486985],[9.565892,4.487222],[9.565878,4.487382],[9.565871,4.487469],[9.56585,4.487939],[9.565838,4.488199],[9.56583,4.488362],[9.565808,4.488884],[9.565799,4.489073],[9.565787,4.48933],[9.565745,4.490168],[9.565726,4.490387],[9.565722,4.490469],[9.565716,4.490571],[9.565692,4.490933],[9.565666,4.49145],[9.565651,4.491875],[9.565639,4.492322],[9.565644,4.492644],[9.565648,4.492698],[9.565658,4.492831],[9.565667,4.492936],[9.565774,4.494031],[9.565753,4.494775],[9.565744,4.495056],[9.565726,4.495464],[9.565722,4.495536],[9.565697,4.495979],[9.565672,4.496448],[9.565649,4.49681],[9.565618,4.497281],[9.565589,4.497705],[9.565563,4.498024],[9.565558,4.498235],[9.565567,4.498407],[9.565576,4.498531],[9.565577,4.498536],[9.565599,4.498638],[9.565613,4.498706],[9.565651,4.498897],[9.56573,4.499164],[9.565831,4.499468],[9.565908,4.499724],[9.565934,4.499808],[9.566045,4.50016],[9.566047,4.500169],[9.566098,4.500327],[9.566142,4.500474],[9.566163,4.500542],[9.566257,4.500906],[9.566275,4.501149],[9.566277,4.501186],[9.56628,4.501228],[9.566278,4.501422],[9.56626,4.50195],[9.566248,4.502203],[9.566232,4.50257],[9.566222,4.502876],[9.566217,4.503025],[9.566216,4.503072],[9.566205,4.503498],[9.566197,4.503735],[9.566184,4.504071],[9.566176,4.5044],[9.566177,4.504414],[9.566184,4.504601],[9.566184,4.504672],[9.566184,4.504734],[9.566185,4.504813],[9.566195,4.504869],[9.566211,4.504935],[9.566237,4.505007],[9.566269,4.505076],[9.566307,4.505162],[9.566341,4.505234],[9.566363,4.505281],[9.566421,4.505388],[9.566428,4.505401],[9.566479,4.505491],[9.566626,4.505696],[9.566705,4.505783],[9.566746,4.505827],[9.566779,4.505857],[9.566933,4.505997],[9.567036,4.506057],[9.56722,4.506164],[9.567417,4.506253],[9.56816,4.506589],[9.568391,4.506693],[9.56853,4.506756],[9.568754,4.506855],[9.569612,4.507233],[9.569697,4.507271],[9.56991,4.507362],[9.570227,4.507497],[9.571004,4.507844],[9.571432,4.508035],[9.571468,4.508051],[9.572092,4.508328],[9.57393,4.509144],[9.574167,4.509246],[9.575042,4.509621],[9.575104,4.509646],[9.575347,4.509737],[9.575655,4.509819],[9.575916,4.50986],[9.576589,4.509967],[9.576767,4.509996],[9.576904,4.510018],[9.577368,4.510095],[9.57814,4.510217],[9.579028,4.510373],[9.579794,4.51049],[9.580866,4.510641],[9.580877,4.510643],[9.581042,4.510681],[9.581217,4.510721],[9.581342,4.51075],[9.581566,4.510814],[9.581698,4.510851],[9.581739,4.510865],[9.58208,4.510982],[9.582251,4.511041],[9.582345,4.511073],[9.583001,4.5113],[9.583103,4.511336],[9.583487,4.511472],[9.583999,4.511655],[9.584213,4.511751],[9.58442,4.511884],[9.584568,4.511998],[9.584659,4.512078],[9.584705,4.512121],[9.584729,4.512143],[9.584791,4.512219],[9.584818,4.512261],[9.58484,4.512293],[9.584903,4.512399],[9.584912,4.512415],[9.584967,4.512523],[9.585044,4.512748],[9.585102,4.512931],[9.585122,4.513076],[9.585143,4.513276],[9.585164,4.513473],[9.58521,4.514058],[9.585256,4.514392],[9.585315,4.514655],[9.585408,4.515052],[9.585423,4.515119],[9.585451,4.515226],[9.585497,4.515401],[9.585723,4.516271],[9.585818,4.516579],[9.585903,4.516786],[9.586016,4.516983],[9.586141,4.517156],[9.586293,4.51733],[9.586497,4.51753],[9.586698,4.517654],[9.586858,4.517734],[9.587343,4.517918],[9.587419,4.517956],[9.58758,4.518037],[9.587638,4.518066],[9.587768,4.518149],[9.587951,4.518283],[9.588018,4.518351],[9.588103,4.518438],[9.58814,4.518483],[9.588253,4.518623],[9.588264,4.518637],[9.588364,4.518775],[9.588469,4.518954],[9.588634,4.51928],[9.589158,4.520222],[9.589225,4.520348],[9.589603,4.520967],[9.590303,4.521946],[9.590437,4.522133],[9.590646,4.522426],[9.590856,4.522719],[9.591065,4.523012],[9.591182,4.523175],[9.591365,4.523456],[9.591508,4.523681],[9.591604,4.523868],[9.591655,4.523979],[9.59178,4.524301],[9.591957,4.524826],[9.592123,4.525331],[9.59224,4.525592],[9.592365,4.525824],[9.592458,4.525943],[9.592548,4.526035],[9.592656,4.526143],[9.592696,4.526176],[9.592745,4.526217],[9.592879,4.526324],[9.592984,4.526393],[9.59304,4.52643],[9.593362,4.526567],[9.593719,4.5267],[9.593818,4.526729],[9.59397,4.526774],[9.594167,4.52682],[9.594199,4.526827],[9.594378,4.526863],[9.59476,4.526879],[9.595415,4.526828],[9.595423,4.526827],[9.595603,4.526812],[9.595738,4.526801],[9.595943,4.52679],[9.596152,4.526798],[9.596342,4.526813],[9.596613,4.526902],[9.596664,4.526926],[9.596827,4.527004],[9.596861,4.52702],[9.597026,4.527106],[9.597174,4.527192],[9.597346,4.527361],[9.597525,4.527566],[9.597675,4.527791],[9.597801,4.528054],[9.597876,4.5284],[9.597937,4.528679],[9.597996,4.52885],[9.598074,4.529027],[9.598233,4.529301],[9.598279,4.529366],[9.598414,4.529558],[9.598651,4.529775],[9.599069,4.530129],[9.599483,4.530448],[9.599741,4.530686],[9.599894,4.530893],[9.600017,4.53108],[9.600112,4.531285],[9.600396,4.532014],[9.60077,4.533129],[9.600866,4.533374],[9.600975,4.533662],[9.601064,4.533868],[9.601162,4.53405],[9.601259,4.534187],[9.601321,4.534261],[9.60143,4.534376],[9.601514,4.534445],[9.601634,4.534541],[9.601778,4.534636],[9.601942,4.534747],[9.602145,4.53487],[9.602442,4.535054],[9.602709,4.535264],[9.602763,4.53532],[9.602862,4.535422],[9.602886,4.535451],[9.602981,4.535564],[9.603163,4.535821],[9.603202,4.535888],[9.603293,4.536043],[9.603316,4.536083],[9.603395,4.536258],[9.603569,4.536689],[9.603575,4.536705],[9.603699,4.53703],[9.603846,4.53734],[9.603943,4.537514],[9.604029,4.537636],[9.604229,4.537889],[9.604316,4.537985],[9.604394,4.538054],[9.604631,4.538251],[9.605257,4.538746],[9.605554,4.538981],[9.605681,4.53908],[9.606119,4.539423],[9.606448,4.539682],[9.60672,4.539867],[9.606902,4.539962],[9.607074,4.540044],[9.607265,4.540128],[9.607334,4.540157],[9.607556,4.540248],[9.607666,4.540297],[9.607831,4.540371],[9.6079,4.540402],[9.608094,4.540515],[9.608343,4.540685],[9.608572,4.540877],[9.60871,4.540993],[9.608972,4.541241],[9.6091,4.541363],[9.609283,4.541576],[9.609401,4.541714],[9.609818,4.542257],[9.610112,4.542633],[9.610245,4.542803],[9.610331,4.542918],[9.61044,4.543062],[9.610548,4.543206],[9.610717,4.54343],[9.610921,4.543701],[9.611029,4.543858],[9.611114,4.543974],[9.611206,4.54416],[9.611295,4.544351],[9.611398,4.544625],[9.611485,4.544891],[9.611576,4.545176],[9.611611,4.545265],[9.611649,4.545364],[9.611773,4.545602],[9.611853,4.545729],[9.611862,4.545741],[9.611937,4.545838],[9.61206,4.545994],[9.612086,4.546023],[9.612176,4.546122],[9.612212,4.546152],[9.612415,4.546324],[9.612636,4.546486],[9.613048,4.546788],[9.613392,4.547034],[9.613511,4.547119],[9.614073,4.547524],[9.614731,4.548039],[9.614936,4.548223],[9.615122,4.54839],[9.615206,4.548462],[9.615343,4.54858],[9.615479,4.548698],[9.615615,4.548815],[9.616228,4.549344],[9.616424,4.549516],[9.61656,4.549619],[9.616716,4.549715],[9.616882,4.549806],[9.61699,4.549855],[9.617057,4.549875],[9.617138,4.5499],[9.617233,4.549917],[9.617278,4.549926],[9.617411,4.549941],[9.617432,4.549943],[9.617845,4.549996],[9.618421,4.550054],[9.618869,4.550103],[9.619184,4.550153],[9.619432,4.550199],[9.61954,4.550226],[9.619631,4.550254],[9.619746,4.55029],[9.619905,4.550351],[9.620079,4.550444],[9.620239,4.550544],[9.620463,4.550703],[9.620501,4.550737],[9.620517,4.550752],[9.620635,4.550858],[9.620814,4.551037],[9.62093,4.551171],[9.620997,4.551258],[9.621023,4.551292],[9.621096,4.551408],[9.621136,4.551471],[9.621189,4.551562],[9.621192,4.551567],[9.621239,4.551662],[9.621356,4.551937],[9.621406,4.552074],[9.62143,4.552169],[9.621474,4.552334],[9.621515,4.55254],[9.621542,4.552731],[9.621564,4.552941],[9.621581,4.553221],[9.6216,4.553673],[9.621619,4.554068],[9.621621,4.554389],[9.621599,4.554879],[9.621563,4.555429],[9.621564,4.555679],[9.621579,4.555909],[9.621618,4.55616],[9.621664,4.556324],[9.621703,4.556431],[9.621804,4.556679],[9.621805,4.556681],[9.621925,4.556949],[9.622188,4.557493],[9.622262,4.557668],[9.622292,4.557753],[9.622351,4.557947],[9.622386,4.558072],[9.622407,4.558177],[9.622425,4.558266],[9.622475,4.558554],[9.622495,4.558709],[9.622508,4.558812],[9.622629,4.559598],[9.622633,4.559626],[9.622677,4.559896],[9.62269,4.559953],[9.622727,4.560111],[9.62277,4.560275],[9.622825,4.560417],[9.622848,4.560468],[9.622886,4.560555],[9.622955,4.560673],[9.623029,4.560777],[9.623042,4.560796],[9.623074,4.560842],[9.623138,4.56092],[9.623187,4.560981],[9.623373,4.561193],[9.62343,4.561257],[9.623701,4.561563],[9.624007,4.5619],[9.62416,4.56203],[9.624238,4.562091],[9.624304,4.562133],[9.624436,4.562208],[9.624608,4.562282],[9.624742,4.56232],[9.624855,4.562336],[9.625004,4.562343],[9.625171,4.562333],[9.625338,4.562296],[9.625474,4.562255],[9.625638,4.562184],[9.625781,4.562105],[9.625955,4.561989],[9.626148,4.561841],[9.62677,4.561356],[9.626979,4.561216],[9.627164,4.561129],[9.627317,4.561065],[9.627454,4.561022],[9.627595,4.561003],[9.627744,4.560991],[9.627935,4.560989],[9.628111,4.56101],[9.628196,4.561025],[9.628324,4.561067],[9.628338,4.561072],[9.628585,4.561163],[9.62867,4.561211],[9.628757,4.561261],[9.62892,4.561371],[9.628967,4.561413],[9.629079,4.561515],[9.629097,4.561537],[9.62928,4.561752],[9.629374,4.561889],[9.629431,4.561984],[9.629834,4.56272],[9.629983,4.562966],[9.630074,4.563082],[9.630132,4.563143],[9.630244,4.563251],[9.630331,4.56332],[9.630462,4.563402],[9.630561,4.563449],[9.63089,4.563575],[9.631138,4.563659],[9.631389,4.563745],[9.631478,4.563778],[9.632144,4.56403],[9.632838,4.564288],[9.633115,4.56441],[9.633159,4.56443],[9.633273,4.564483],[9.633321,4.564511],[9.633374,4.564542],[9.633551,4.564655],[9.633624,4.564706],[9.633918,4.564914],[9.633996,4.56497],[9.634066,4.565017],[9.634268,4.565157],[9.634504,4.565334],[9.634648,4.565443],[9.634792,4.565551],[9.634891,4.565626],[9.634935,4.56566],[9.63509,4.56578],[9.635207,4.56589],[9.635445,4.566144],[9.635544,4.566266],[9.635618,4.566387],[9.635639,4.566425],[9.635867,4.566835],[9.636337,4.567731],[9.636479,4.567975],[9.636591,4.568142],[9.636602,4.568153],[9.63681,4.568366],[9.637011,4.56853],[9.637148,4.568623],[9.637297,4.568722],[9.637748,4.569019],[9.637851,4.569087],[9.6379,4.569117],[9.638307,4.569364],[9.638366,4.569391],[9.638544,4.569471],[9.638778,4.569528],[9.638882,4.569538],[9.638899,4.56954],[9.639029,4.569549],[9.639182,4.569546],[9.639332,4.56953],[9.63942,4.569513],[9.639597,4.569477],[9.639674,4.569461],[9.640121,4.569342],[9.640205,4.569319],[9.640539,4.569254],[9.640726,4.569229],[9.640858,4.569222],[9.64101,4.569216],[9.641141,4.569224],[9.64134,4.569258],[9.641552,4.569325],[9.641694,4.569395],[9.641799,4.569455],[9.641987,4.569616],[9.642072,4.569706],[9.642156,4.5698],[9.642339,4.570028],[9.642452,4.570168],[9.64246,4.570178],[9.642737,4.57056],[9.642863,4.570759],[9.642957,4.570909],[9.642958,4.570912],[9.643019,4.571023],[9.64308,4.571145],[9.64315,4.571312],[9.6432,4.571446],[9.64324,4.571573],[9.643293,4.571744],[9.643395,4.57207],[9.643481,4.57236],[9.643505,4.572432],[9.643561,4.572603],[9.643857,4.573504],[9.644287,4.574844],[9.644624,4.575903],[9.64474,4.57627],[9.645103,4.57743],[9.645304,4.578074],[9.645403,4.57839],[9.645507,4.578632],[9.645619,4.578862],[9.645811,4.579205],[9.646118,4.579696],[9.646786,4.5807],[9.647232,4.581393],[9.647374,4.581614],[9.647409,4.581667],[9.647854,4.582337],[9.647886,4.582388],[9.648323,4.583088],[9.648377,4.583185],[9.648417,4.583266],[9.64842,4.583272],[9.648544,4.58357],[9.648931,4.584403],[9.649245,4.585079],[9.649508,4.58565],[9.649762,4.586201],[9.649767,4.586211],[9.650124,4.58699],[9.650314,4.587403],[9.650704,4.588228],[9.650939,4.588718],[9.651367,4.589614],[9.651433,4.589733],[9.651572,4.589982],[9.651781,4.590326],[9.651811,4.590369],[9.652017,4.590664],[9.652062,4.590727],[9.652148,4.590837],[9.652326,4.591061],[9.65253,4.591292],[9.652669,4.591439],[9.653266,4.592071],[9.653874,4.592706],[9.653932,4.592767],[9.654344,4.593192],[9.655214,4.594079],[9.655318,4.594185],[9.655342,4.59421],[9.65606,4.594933],[9.657264,4.596137],[9.657378,4.596251],[9.657435,4.596308],[9.658608,4.597461],[9.658811,4.59765],[9.659019,4.597831],[9.659231,4.597987],[9.65936,4.598082],[9.659376,4.598094],[9.6595,4.598185],[9.659522,4.5982],[9.659669,4.598303],[9.659726,4.598343],[9.6603,4.598749],[9.661417,4.599544],[9.66167,4.599725],[9.662897,4.600573],[9.66308,4.6007],[9.664407,4.601621],[9.664967,4.602016],[9.665114,4.60212],[9.665798,4.602603],[9.666039,4.602749],[9.666184,4.602824],[9.666221,4.602843],[9.666392,4.602925],[9.666512,4.602982],[9.666696,4.603048],[9.666816,4.603084],[9.667131,4.603181],[9.667524,4.603282],[9.66784,4.603359],[9.668914,4.603605],[9.668933,4.60361],[9.669125,4.603662],[9.669351,4.603741],[9.669613,4.603847],[9.669845,4.603939],[9.670254,4.604143],[9.670267,4.60415],[9.670423,4.60424],[9.670663,4.604378],[9.671046,4.604648],[9.671312,4.604858],[9.671677,4.605191],[9.672019,4.605558],[9.672282,4.605872],[9.672405,4.606046],[9.672616,4.606381],[9.672883,4.606851],[9.672995,4.607067],[9.673603,4.608344],[9.673649,4.60844],[9.673726,4.608602],[9.673812,4.608784],[9.674398,4.610034],[9.675129,4.611584],[9.675531,4.612462],[9.675917,4.613261],[9.676209,4.613881],[9.676651,4.614824],[9.676799,4.615221],[9.676848,4.615374],[9.676882,4.615471],[9.676959,4.615889],[9.676994,4.61627],[9.677003,4.616548],[9.676986,4.616823],[9.676956,4.617098],[9.676892,4.617462],[9.676825,4.617755],[9.67661,4.618528],[9.676326,4.619515],[9.676319,4.619542],[9.676277,4.619688],[9.676228,4.619861],[9.676179,4.620034],[9.675808,4.621348],[9.675787,4.621419],[9.675561,4.622194],[9.675435,4.622628],[9.675424,4.622665],[9.675372,4.622875],[9.675303,4.623154],[9.675251,4.623386],[9.675242,4.623498],[9.675222,4.623799],[9.675223,4.623983],[9.675234,4.624244],[9.675251,4.624429],[9.675275,4.624604],[9.675303,4.624759],[9.675336,4.624948],[9.675404,4.625214],[9.67552,4.625556],[9.675631,4.625814],[9.675652,4.625854],[9.675781,4.6261],[9.675902,4.626307],[9.675972,4.626414],[9.67607,4.626563],[9.676248,4.626783],[9.676686,4.627321],[9.676691,4.627328],[9.676792,4.627467],[9.676909,4.627629],[9.676993,4.627765],[9.677004,4.627784],[9.677094,4.627969],[9.677142,4.628092],[9.677145,4.628101],[9.677183,4.62824],[9.677212,4.628406],[9.677217,4.628444],[9.67724,4.628597],[9.677249,4.628785],[9.677243,4.628907],[9.677236,4.629045],[9.677204,4.629243],[9.677175,4.629365],[9.677144,4.629473],[9.677085,4.629634],[9.67703,4.629769],[9.676985,4.629851],[9.676934,4.629928],[9.67679,4.630144],[9.676608,4.630354],[9.676348,4.630622],[9.676039,4.630913],[9.675909,4.631037],[9.67575,4.631187],[9.675403,4.631556],[9.675249,4.631747],[9.675154,4.631885],[9.675071,4.632025],[9.674999,4.632177],[9.674918,4.632369],[9.674841,4.632609],[9.674807,4.632734],[9.674775,4.632866],[9.674755,4.632987],[9.674745,4.633085],[9.674736,4.633235],[9.674729,4.633512],[9.674772,4.633811],[9.674794,4.633921],[9.674812,4.63399],[9.674839,4.634099],[9.674882,4.634238],[9.674936,4.63441],[9.674996,4.634559],[9.675169,4.634886],[9.67538,4.635255],[9.67563,4.635688],[9.675744,4.635892],[9.675802,4.636007],[9.675917,4.636323],[9.675974,4.636492],[9.675982,4.636521],[9.676023,4.636691],[9.676033,4.636734],[9.676062,4.636874],[9.676066,4.636892],[9.676089,4.637051],[9.676111,4.637297],[9.676119,4.637389],[9.676136,4.637992],[9.676137,4.638131],[9.676139,4.638292],[9.67614,4.638443],[9.676139,4.63849],[9.676131,4.639204],[9.676135,4.639717],[9.676135,4.63973],[9.676141,4.639884],[9.67616,4.640053],[9.676171,4.640149],[9.676206,4.640346],[9.676232,4.640446],[9.676256,4.640511],[9.676274,4.640565],[9.676277,4.640574],[9.676319,4.640681],[9.676336,4.640716],[9.676368,4.640788],[9.67637,4.640792],[9.676436,4.640916],[9.676491,4.641002],[9.676605,4.641172],[9.676705,4.641289],[9.676757,4.64134],[9.676884,4.641467],[9.677025,4.641583],[9.677156,4.641667],[9.677166,4.641674],[9.677416,4.641814],[9.677528,4.64187],[9.677633,4.641922],[9.677668,4.64194],[9.67835,4.642241],[9.678423,4.642273],[9.678961,4.642513],[9.679291,4.64266],[9.6796,4.642811],[9.679689,4.642855],[9.679776,4.642899],[9.679845,4.642933],[9.68024,4.643197],[9.680452,4.643347],[9.680856,4.643665],[9.681162,4.643905],[9.68129,4.644006],[9.681668,4.644316],[9.682037,4.644615],[9.682074,4.644643],[9.682333,4.644884],[9.682453,4.645017],[9.682563,4.645139],[9.682717,4.645329],[9.68285,4.64553],[9.683021,4.645817],[9.683156,4.646078],[9.683214,4.646204],[9.683339,4.646475],[9.683364,4.64653],[9.68357,4.646977],[9.683737,4.647339],[9.683876,4.647639],[9.683936,4.647762],[9.684047,4.647989],[9.684174,4.648247],[9.684206,4.648312],[9.684234,4.648368],[9.68444,4.64873],[9.684475,4.64878],[9.684619,4.648988],[9.684866,4.649296],[9.684894,4.64933],[9.684913,4.649351],[9.684984,4.649432],[9.685032,4.649486],[9.685151,4.649622],[9.685693,4.650238],[9.686175,4.650783],[9.686231,4.650848],[9.686614,4.651282],[9.686633,4.651303],[9.687124,4.651867],[9.687766,4.652607],[9.687905,4.652767],[9.688098,4.652986],[9.68902,4.654033],[9.690066,4.655221],[9.69052,4.655743],[9.690869,4.656144],[9.690975,4.656266],[9.691361,4.6567],[9.692038,4.65747],[9.692185,4.657638],[9.692411,4.657895],[9.692444,4.657933],[9.69253,4.65803],[9.692742,4.658269],[9.692916,4.658438],[9.693077,4.658586],[9.693536,4.658942],[9.693799,4.659141],[9.694029,4.65932],[9.694043,4.659331],[9.694171,4.659431],[9.694176,4.659435],[9.694324,4.659555],[9.694527,4.659719],[9.694757,4.659906],[9.694878,4.66001],[9.694881,4.660013],[9.694972,4.6601],[9.695111,4.660243],[9.695282,4.66043],[9.695468,4.66064],[9.695859,4.661124],[9.696407,4.661743],[9.696661,4.662045],[9.697069,4.66253],[9.697294,4.662795],[9.697517,4.663056],[9.697588,4.663148],[9.697775,4.663393],[9.697859,4.663517],[9.697938,4.66364],[9.697988,4.663724],[9.698052,4.66383],[9.698137,4.663999],[9.698257,4.664229],[9.698521,4.664789],[9.698719,4.665209],[9.69879,4.665349],[9.698976,4.665663],[9.699111,4.665866],[9.699241,4.666031],[9.699338,4.666156],[9.699401,4.666231],[9.699515,4.666363],[9.699596,4.666442],[9.699826,4.666668],[9.700043,4.666862],[9.700372,4.667169],[9.700444,4.667239],[9.700574,4.667364],[9.700592,4.667382],[9.700644,4.667432],[9.700716,4.667512],[9.700769,4.667571],[9.700889,4.667723],[9.70098,4.667856],[9.701076,4.668018],[9.701201,4.668268],[9.70128,4.668482],[9.701495,4.669064],[9.701687,4.6696],[9.701768,4.669895],[9.701814,4.67011],[9.701838,4.670291],[9.701877,4.670794],[9.701896,4.67122],[9.701929,4.672052],[9.701937,4.672174],[9.701949,4.672271],[9.701982,4.672417],[9.702032,4.672612],[9.702085,4.672779],[9.702516,4.674061],[9.702655,4.674531],[9.702697,4.674702],[9.702747,4.674945],[9.70276,4.675067],[9.7028,4.675441],[9.702884,4.676586],[9.702943,4.677407],[9.702953,4.677542],[9.70298,4.677738],[9.703001,4.677842],[9.703023,4.677932],[9.703076,4.678105],[9.703146,4.678289],[9.703239,4.678496],[9.703354,4.678693],[9.703551,4.678962],[9.703612,4.679043],[9.703808,4.679304],[9.703829,4.679331],[9.703936,4.679475],[9.704027,4.679595],[9.704218,4.67988],[9.70429,4.679992],[9.704346,4.680103],[9.704446,4.68032],[9.704551,4.680569],[9.704573,4.680622],[9.704818,4.681219],[9.705018,4.681607],[9.705074,4.681714],[9.70547,4.682414],[9.706368,4.68402],[9.706488,4.684228],[9.706876,4.684903],[9.707455,4.6859],[9.707812,4.686522],[9.708578,4.687837],[9.708652,4.687967],[9.709012,4.688591],[9.709101,4.688747],[9.710202,4.690656],[9.710654,4.691393],[9.710935,4.69178],[9.711119,4.691983],[9.711276,4.692121],[9.711441,4.692259],[9.711607,4.692372],[9.712133,4.692694],[9.712617,4.692977],[9.712982,4.693202],[9.713114,4.693297],[9.713212,4.693379],[9.7133,4.693469],[9.713404,4.693604],[9.71355,4.693841],[9.713994,4.694683],[9.714045,4.694779],[9.714079,4.694841],[9.714165,4.695],[9.714251,4.695158],[9.714499,4.695614],[9.715186,4.696827],[9.715321,4.697076],[9.71536,4.697169],[9.71563,4.697869],[9.715821,4.698371],[9.716159,4.699196],[9.716317,4.699592],[9.716388,4.699804],[9.716954,4.701229],[9.717223,4.701887],[9.717475,4.70252],[9.717875,4.703494],[9.718087,4.704046],[9.718319,4.704651],[9.718442,4.705],[9.718502,4.705244],[9.718541,4.705438],[9.718635,4.706091],[9.718658,4.706321],[9.718765,4.707282],[9.718777,4.70739],[9.718852,4.707924],[9.718937,4.708391],[9.719007,4.70872],[9.719017,4.70877],[9.719037,4.708857],[9.719321,4.710118],[9.71945,4.710637],[9.719562,4.710948],[9.719638,4.71111],[9.719664,4.711159],[9.719724,4.71127],[9.719834,4.711449],[9.719921,4.711571],[9.720523,4.712231],[9.720663,4.712384],[9.720857,4.712618],[9.720965,4.712783],[9.72105,4.712944],[9.721108,4.713067],[9.721213,4.713328],[9.721248,4.713416],[9.721501,4.714121],[9.721608,4.714433],[9.721608,4.714434],[9.721657,4.714576],[9.721795,4.714978],[9.721945,4.715401],[9.72201,4.715651],[9.722017,4.715683],[9.722053,4.715853],[9.722093,4.716126],[9.722109,4.71624],[9.722124,4.716338],[9.722156,4.716876],[9.72217,4.717236],[9.72221,4.717985],[9.722214,4.718062],[9.722214,4.718068],[9.722281,4.71906],[9.722308,4.719477],[9.722315,4.71957],[9.722326,4.719749],[9.72233,4.719819],[9.722362,4.720344],[9.722399,4.720933],[9.722409,4.721023],[9.722445,4.721418],[9.722511,4.721778],[9.722558,4.721987],[9.722598,4.722149],[9.722691,4.722411],[9.722739,4.722526],[9.722766,4.722586],[9.722834,4.722705],[9.722957,4.722896],[9.723068,4.723043],[9.723179,4.723165],[9.723281,4.723259],[9.723755,4.723665],[9.7239,4.723768],[9.724306,4.724068],[9.724754,4.724396],[9.725024,4.724601],[9.725247,4.724746],[9.725683,4.725013],[9.725824,4.725081],[9.725996,4.725154],[9.726479,4.725347],[9.727154,4.725584],[9.727311,4.725646],[9.727679,4.725793],[9.727985,4.725905],[9.728397,4.726055],[9.728493,4.72609],[9.728832,4.726215],[9.729079,4.726306],[9.729452,4.726438],[9.729773,4.72653],[9.730024,4.726619],[9.730621,4.72685],[9.732224,4.727441],[9.732732,4.727628],[9.733071,4.727753],[9.733423,4.727883],[9.73388,4.728069],[9.734082,4.728139],[9.734134,4.728158],[9.734253,4.728196],[9.734425,4.728251],[9.734597,4.728306],[9.734818,4.728378],[9.734869,4.728395],[9.734998,4.728441],[9.735531,4.728618],[9.736317,4.728849],[9.73634,4.728856],[9.736489,4.728903],[9.73659,4.728935],[9.736768,4.728997],[9.736992,4.729088],[9.737175,4.729177],[9.737378,4.729317],[9.737571,4.729474],[9.737759,4.729652],[9.73788,4.729794],[9.738072,4.730033],[9.738334,4.730485],[9.738439,4.730763],[9.738522,4.731055],[9.738562,4.731253],[9.738594,4.731649],[9.738603,4.732413],[9.738632,4.733326],[9.738633,4.733367],[9.738641,4.733506],[9.738654,4.733761],[9.738709,4.734798],[9.738758,4.735405],[9.738861,4.73699],[9.738923,4.737385],[9.738957,4.737573],[9.73901,4.737749],[9.73911,4.737924],[9.739202,4.738082],[9.739265,4.738161],[9.739332,4.738246],[9.739515,4.738409],[9.739634,4.738475],[9.739875,4.738594],[9.740113,4.738687],[9.740289,4.738771],[9.740577,4.738948],[9.74081,4.739139],[9.740954,4.739267],[9.741107,4.739439],[9.741214,4.739613],[9.74131,4.739809],[9.741358,4.739932],[9.741411,4.740127],[9.741435,4.74029],[9.741444,4.740441],[9.741442,4.740588],[9.741429,4.740793],[9.741399,4.74105],[9.741374,4.741224],[9.741372,4.741241],[9.741331,4.741666],[9.741317,4.741941],[9.741316,4.741978],[9.741323,4.742165],[9.741342,4.742377],[9.741394,4.742833],[9.741394,4.742837],[9.741398,4.742869],[9.741584,4.744344],[9.741623,4.744647],[9.741644,4.7448],[9.74168,4.74504],[9.741727,4.74529],[9.741789,4.745505],[9.741834,4.745637],[9.742103,4.746345],[9.742142,4.746466],[9.742206,4.746711],[9.74224,4.746947],[9.742246,4.747102],[9.742236,4.747325],[9.742224,4.747494],[9.742186,4.747877],[9.742186,4.747878],[9.742192,4.748057],[9.742204,4.748384],[9.742207,4.748417],[9.742223,4.748585],[9.742226,4.748595],[9.742278,4.748833],[9.742385,4.749119],[9.742452,4.749276],[9.742521,4.749442],[9.742591,4.749608],[9.742614,4.749662],[9.742665,4.749772],[9.74274,4.749936],[9.743004,4.750507],[9.743118,4.750752],[9.743345,4.751242],[9.743367,4.751289],[9.743418,4.751407],[9.74349,4.751572],[9.743562,4.751737],[9.743614,4.751859],[9.743716,4.752062],[9.743796,4.752223],[9.743876,4.752384],[9.743928,4.752489],[9.744054,4.752697],[9.744148,4.752851],[9.744239,4.753],[9.744242,4.753004],[9.744352,4.753147],[9.74466,4.753549],[9.744798,4.753712],[9.744914,4.75385],[9.74503,4.753988],[9.745092,4.754061],[9.745143,4.754128],[9.745253,4.754271],[9.745568,4.754681],[9.74558,4.7547],[9.745677,4.754852],[9.745819,4.755073],[9.746007,4.755437],[9.746138,4.755709],[9.746243,4.756011],[9.74631,4.75634],[9.746364,4.756662],[9.746397,4.756863],[9.746407,4.756924],[9.74649,4.757425],[9.746562,4.757793],[9.746662,4.758205],[9.746682,4.758272],[9.746739,4.758457],[9.746791,4.758615],[9.746845,4.758782],[9.746847,4.758786],[9.746918,4.758951],[9.746985,4.759106],[9.747223,4.75962],[9.747294,4.759769],[9.747578,4.760358],[9.748299,4.761882],[9.748475,4.762225],[9.748708,4.762707],[9.748913,4.763133],[9.749099,4.76352],[9.749267,4.763886],[9.749554,4.764452],[9.749568,4.764479],[9.749613,4.764567],[9.749765,4.764885],[9.749782,4.764921],[9.749951,4.765273],[9.750144,4.765676],[9.750147,4.765684],[9.750156,4.765701],[9.750359,4.766101],[9.750363,4.766109],[9.750547,4.766474],[9.750695,4.766764],[9.750749,4.766868],[9.750753,4.766876],[9.750932,4.767222],[9.750953,4.767263],[9.751132,4.767608],[9.751192,4.767723],[9.751207,4.767753],[9.751291,4.767912],[9.751341,4.768008],[9.751563,4.76843],[9.751698,4.768687],[9.751758,4.768799],[9.752147,4.769523],[9.752182,4.76959],[9.752776,4.770717],[9.75321,4.771573],[9.753296,4.771738],[9.753508,4.772146],[9.753591,4.772306],[9.753704,4.772524],[9.754047,4.773184],[9.754394,4.773805],[9.754492,4.773981],[9.754689,4.774372],[9.75477,4.774532],[9.754916,4.774821],[9.755387,4.775722],[9.755486,4.775911],[9.755601,4.776129],[9.75593,4.776753],[9.755937,4.776766],[9.755975,4.776837],[9.756299,4.777448],[9.756833,4.778484],[9.757259,4.779279],[9.757485,4.779703],[9.75765,4.780012],[9.757826,4.780338],[9.757873,4.780425],[9.757957,4.780581],[9.758128,4.780901],[9.758212,4.78106],[9.758407,4.781424],[9.758942,4.782477],[9.759155,4.782888],[9.759294,4.783216],[9.759443,4.783587],[9.759548,4.783892],[9.759691,4.784351],[9.75977,4.784672],[9.75983,4.784944],[9.759928,4.785547],[9.759963,4.785828],[9.760221,4.787548],[9.760316,4.788146],[9.760421,4.788851],[9.760475,4.789207],[9.760517,4.789491],[9.760559,4.78974],[9.76057,4.789805],[9.760717,4.790467],[9.760755,4.790618],[9.760769,4.790677],[9.760893,4.791139],[9.760961,4.791392],[9.761049,4.791656],[9.761114,4.791851],[9.761291,4.792333],[9.761381,4.792577],[9.761485,4.792829],[9.761563,4.793],[9.761663,4.793217],[9.762078,4.794008],[9.762526,4.794807],[9.762837,4.795372],[9.76284,4.795378],[9.763012,4.795719],[9.763112,4.795971],[9.763222,4.796299],[9.76327,4.796475],[9.763371,4.79691],[9.763382,4.796972],[9.763406,4.797107],[9.763429,4.79725],[9.763481,4.797744],[9.76348,4.798074],[9.763437,4.798488],[9.763324,4.799388],[9.763322,4.799403],[9.763281,4.799729],[9.763258,4.799907],[9.763236,4.800086],[9.763196,4.800406],[9.763143,4.80083],[9.763115,4.801063],[9.763095,4.801309],[9.763098,4.801565],[9.763123,4.80175],[9.76317,4.801898],[9.763182,4.801936],[9.763279,4.802179],[9.763385,4.802362],[9.763469,4.80247],[9.763568,4.802575],[9.763745,4.802753],[9.76409,4.80305],[9.76426,4.803207],[9.764288,4.803234],[9.764415,4.803362],[9.764437,4.803384],[9.764439,4.803387],[9.76453,4.8035],[9.764561,4.803538],[9.764673,4.803717],[9.764784,4.803932],[9.764887,4.804176],[9.765016,4.804495],[9.765071,4.804633],[9.76539,4.805426],[9.765557,4.805829],[9.765598,4.80593],[9.765638,4.806025],[9.765834,4.806468],[9.765971,4.806731],[9.766089,4.806905],[9.766193,4.807034],[9.766305,4.807145],[9.766387,4.807227],[9.766449,4.807277],[9.766594,4.807394],[9.766645,4.807428],[9.766868,4.807573],[9.767225,4.807788],[9.767503,4.807953],[9.767768,4.808145],[9.767782,4.808158],[9.767976,4.808337],[9.768128,4.808513],[9.768206,4.808623],[9.768231,4.808658],[9.7683,4.808776],[9.768345,4.808854],[9.768434,4.809063],[9.768518,4.809316],[9.768538,4.80945],[9.768551,4.809539],[9.768561,4.809609],[9.768564,4.809718],[9.768566,4.809806],[9.768554,4.809964],[9.768523,4.810191],[9.768483,4.810403],[9.768376,4.810966],[9.768264,4.811454],[9.768239,4.811585],[9.768195,4.811818],[9.768165,4.812142],[9.768165,4.812199],[9.768165,4.812449],[9.768175,4.812524],[9.768192,4.812643],[9.768192,4.812645],[9.768216,4.812777],[9.76828,4.813088],[9.768316,4.813264],[9.768386,4.81361],[9.76844,4.813871],[9.768496,4.814145],[9.768604,4.814667],[9.768622,4.814756],[9.768671,4.815055],[9.768676,4.815089],[9.768753,4.81565],[9.768768,4.815824],[9.768781,4.816208],[9.768791,4.81646],[9.768795,4.816578],[9.768802,4.816757],[9.768825,4.817359],[9.768837,4.817656],[9.768843,4.817836],[9.76885,4.818016],[9.768857,4.818195],[9.768862,4.818321],[9.768885,4.818797],[9.768891,4.818914],[9.768892,4.818949],[9.768899,4.819274],[9.76891,4.819843],[9.768923,4.820481],[9.768954,4.821148],[9.768987,4.821672],[9.768992,4.821761],[9.768993,4.82179],[9.769001,4.821969],[9.769008,4.822149],[9.769017,4.822393],[9.769049,4.822929],[9.769058,4.823078],[9.769099,4.823355],[9.769153,4.823641],[9.769193,4.823848],[9.769212,4.823932],[9.769282,4.824237],[9.769427,4.824723],[9.769587,4.825165],[9.769735,4.825528],[9.769779,4.825634],[9.769803,4.825694],[9.769884,4.825891],[9.769921,4.825983],[9.770248,4.826782],[9.77029,4.826885],[9.770415,4.827159],[9.770432,4.827196],[9.770595,4.827536],[9.770845,4.827985],[9.771021,4.82827],[9.77118,4.828494],[9.771491,4.828892],[9.7718,4.829221],[9.771969,4.829384],[9.772099,4.82951],[9.772284,4.829689],[9.772628,4.829999],[9.772854,4.830193],[9.772905,4.830229],[9.773052,4.830334],[9.773199,4.830438],[9.773265,4.830484],[9.773601,4.8307],[9.773972,4.8309],[9.774189,4.831017],[9.774295,4.831061],[9.774795,4.831267],[9.775069,4.831377],[9.775434,4.8315],[9.775674,4.831566],[9.776009,4.831645],[9.776296,4.831707],[9.776663,4.831793],[9.777234,4.831908],[9.777765,4.832014],[9.778296,4.83212],[9.778393,4.832139],[9.778473,4.832157],[9.778649,4.832195],[9.778825,4.832234],[9.779178,4.832311],[9.779354,4.83235],[9.779938,4.832481],[9.780239,4.832524],[9.78044,4.832533],[9.780703,4.832531],[9.781031,4.832521],[9.781335,4.8325],[9.781546,4.832464],[9.781732,4.832424],[9.782222,4.832298],[9.782373,4.83225],[9.782775,4.832123],[9.782863,4.832099],[9.783091,4.832038],[9.783335,4.831984],[9.783546,4.83195],[9.78375,4.831924],[9.783994,4.831903],[9.784136,4.831894],[9.784221,4.831889],[9.784544,4.8319],[9.784818,4.831913],[9.785173,4.831965],[9.785509,4.832039],[9.785851,4.832126],[9.786081,4.832185],[9.786894,4.832381],[9.787463,4.832532],[9.788941,4.832911],[9.788996,4.832927],[9.789531,4.833079],[9.790199,4.833288],[9.790551,4.833395],[9.790724,4.833447],[9.790896,4.833499],[9.791031,4.83354],[9.792449,4.833976],[9.793805,4.834392],[9.794232,4.834521],[9.794865,4.834713],[9.794867,4.834713],[9.7956,4.834938],[9.796162,4.835139],[9.796812,4.83539],[9.797244,4.835564],[9.797713,4.835763],[9.798127,4.835972],[9.798221,4.836023],[9.7997,4.836826],[9.800859,4.837461],[9.801125,4.837605],[9.801805,4.837974],[9.803274,4.838785],[9.804009,4.839191],[9.804528,4.839461],[9.804903,4.83964],[9.80528,4.839798],[9.805551,4.839901],[9.80563,4.839931],[9.806043,4.840068],[9.806643,4.840244],[9.807022,4.840354],[9.808019,4.840638],[9.808438,4.840758],[9.808873,4.840889],[9.809548,4.841092],[9.809911,4.841211],[9.810109,4.841285],[9.810138,4.841297],[9.810456,4.841437],[9.810684,4.841569],[9.81102,4.841784],[9.811208,4.841932],[9.811341,4.842037],[9.811572,4.842247],[9.811832,4.842541],[9.812027,4.842788],[9.812205,4.843057],[9.812351,4.843307],[9.81236,4.843321],[9.812618,4.843826],[9.812801,4.844184],[9.812909,4.844403],[9.813139,4.844866],[9.813327,4.845244],[9.813419,4.84543],[9.813626,4.845793],[9.813721,4.845961],[9.813866,4.846191],[9.814045,4.846463],[9.814059,4.846483],[9.814258,4.846764],[9.814554,4.847117],[9.81464,4.847206],[9.814706,4.847275],[9.814865,4.847441],[9.81487,4.847446],[9.815,4.847571],[9.815153,4.847717],[9.815221,4.847783],[9.815567,4.848078],[9.81621,4.848559],[9.816562,4.848786],[9.816621,4.848824],[9.816714,4.848884],[9.817056,4.849102],[9.817264,4.849227],[9.81751,4.849375],[9.817635,4.84945],[9.81768,4.849477],[9.818008,4.849622],[9.818247,4.849688],[9.818475,4.849719],[9.818488,4.84972],[9.818571,4.849726],[9.818722,4.84973],[9.818733,4.849729],[9.818936,4.849708],[9.819028,4.849697],[9.819075,4.849691],[9.819264,4.849636],[9.819499,4.849532],[9.820283,4.849094],[9.820636,4.848896],[9.820856,4.848774],[9.82152,4.848407],[9.822415,4.847912],[9.822845,4.847674],[9.82316,4.847498],[9.823405,4.84736],[9.823474,4.847321],[9.823488,4.847313],[9.823806,4.847178],[9.824116,4.847107],[9.824284,4.84709],[9.824399,4.847079],[9.82469,4.847089],[9.824859,4.847114],[9.825022,4.84715],[9.825224,4.847206],[9.825338,4.847238],[9.825512,4.847304],[9.825637,4.847365],[9.825754,4.847438],[9.82593,4.847549],[9.82631,4.847818],[9.826461,4.847948],[9.82664,4.848102],[9.826879,4.848334],[9.827055,4.848522],[9.827282,4.848811],[9.827346,4.848892],[9.827504,4.84912],[9.82768,4.849414],[9.827932,4.849884],[9.82828,4.850519],[9.828692,4.851297],[9.828841,4.851557],[9.829157,4.852086],[9.829402,4.852503],[9.829423,4.852539],[9.82954,4.852726],[9.829633,4.852836],[9.829903,4.853161],[9.830041,4.853304],[9.830131,4.853398],[9.83038,4.85363],[9.830422,4.853662],[9.830667,4.853847],[9.830817,4.853947],[9.830984,4.854059],[9.831279,4.854229],[9.831739,4.854455],[9.832249,4.854688],[9.833086,4.855048],[9.833633,4.855278],[9.833817,4.855356],[9.833965,4.855421],[9.834081,4.855473],[9.83413,4.855494],[9.834246,4.855546],[9.834571,4.855702],[9.834773,4.85582],[9.834929,4.855911],[9.834974,4.855938],[9.835035,4.85598],[9.835184,4.856083],[9.83549,4.856306],[9.835988,4.856715],[9.83672,4.857304],[9.837399,4.857836],[9.837572,4.857972],[9.837682,4.85806],[9.837822,4.858173],[9.837962,4.858286],[9.838182,4.858463],[9.838659,4.858858],[9.838936,4.859088],[9.839212,4.859321],[9.839488,4.859553],[9.839626,4.859669],[9.839907,4.859894],[9.840048,4.860007],[9.840611,4.860457],[9.841211,4.86094],[9.841723,4.861375],[9.842026,4.861633],[9.842131,4.86173],[9.842397,4.861973],[9.842662,4.862217],[9.843317,4.862836],[9.84347,4.86298],[9.843848,4.863324],[9.844478,4.863897],[9.84491,4.864319],[9.845025,4.864439],[9.845522,4.86496],[9.845647,4.865091],[9.845785,4.865236],[9.845894,4.865353],[9.846141,4.865615],[9.846758,4.866272],[9.846881,4.866403],[9.847005,4.866534],[9.847797,4.867376],[9.848026,4.867635],[9.848433,4.868064],[9.848925,4.868542],[9.849279,4.86892],[9.849798,4.869411],[9.850575,4.870175],[9.850857,4.870459],[9.851081,4.870669],[9.85181,4.871381],[9.852157,4.871719],[9.852475,4.872018],[9.853171,4.8727],[9.853548,4.87307],[9.853786,4.873302],[9.854494,4.873992],[9.854583,4.874069],[9.854983,4.874416],[9.855536,4.874895],[9.855678,4.875018],[9.856497,4.875692],[9.856637,4.875813],[9.857191,4.876287],[9.857597,4.876626],[9.857661,4.876679],[9.858203,4.877134],[9.858293,4.877218],[9.858542,4.877417],[9.858731,4.877567],[9.858899,4.877702],[9.85911,4.877853],[9.859271,4.87796],[9.85953,4.878087],[9.859624,4.878122],[9.859829,4.878198],[9.859902,4.878221],[9.860074,4.878273],[9.860235,4.87831],[9.860423,4.878325],[9.860428,4.878325],[9.860738,4.87834],[9.861126,4.878344],[9.861537,4.878335],[9.861765,4.878333],[9.86237,4.878328],[9.86255,4.878326],[9.863025,4.878322],[9.863334,4.878298],[9.863388,4.878291],[9.863609,4.878267],[9.86396,4.878202],[9.863985,4.878195],[9.864277,4.878109],[9.864648,4.877961],[9.86492,4.877841],[9.865209,4.87768],[9.86579,4.877359],[9.866317,4.877074],[9.866436,4.87701],[9.86688,4.876771],[9.866913,4.876753],[9.867914,4.876201],[9.868959,4.875623],[9.869004,4.875597],[9.869252,4.875458],[9.869409,4.87537],[9.869566,4.875282],[9.86979,4.875156],[9.870029,4.875022],[9.870578,4.874717],[9.871142,4.874403],[9.871164,4.874391],[9.871299,4.874316],[9.871457,4.874228],[9.871681,4.874103],[9.872124,4.873856],[9.873093,4.873301],[9.873209,4.873234],[9.873733,4.87295],[9.873998,4.87284],[9.874232,4.872767],[9.874337,4.872734],[9.87471,4.872629],[9.875065,4.872567],[9.875468,4.872517],[9.875487,4.872515],[9.875751,4.872496],[9.875931,4.872484],[9.876173,4.872467],[9.876549,4.87245],[9.876793,4.872439],[9.877373,4.872407],[9.877512,4.8724],[9.878282,4.872351],[9.878351,4.872346],[9.879175,4.872289],[9.880135,4.872222],[9.880406,4.87221],[9.880573,4.872202],[9.880997,4.872201],[9.881263,4.872216],[9.881367,4.872224],[9.881476,4.872233],[9.88186,4.872289],[9.88244,4.872406],[9.882778,4.872494],[9.88301,4.872569],[9.883057,4.872585],[9.883399,4.8727],[9.883746,4.87285],[9.884149,4.873059],[9.884698,4.873375],[9.885181,4.873653],[9.886413,4.874372],[9.886648,4.874496],[9.887188,4.874801],[9.887963,4.87525],[9.888293,4.875444],[9.888491,4.875559],[9.888883,4.875799],[9.888925,4.875823],[9.889751,4.876295],[9.889851,4.876353],[9.890085,4.876487],[9.890468,4.876694],[9.890762,4.876858],[9.891547,4.877295],[9.892253,4.877665],[9.892493,4.877819],[9.892631,4.877912],[9.892999,4.878225],[9.893304,4.878517],[9.893314,4.878529],[9.893337,4.878559],[9.893512,4.878782],[9.893663,4.878989],[9.893727,4.879077],[9.893822,4.879244],[9.893848,4.879294],[9.894094,4.879774],[9.894192,4.879995],[9.894245,4.880116],[9.894342,4.880414],[9.894424,4.880733],[9.894484,4.881102],[9.89453,4.881505],[9.894537,4.881811],[9.89455,4.882051],[9.89458,4.882605],[9.894633,4.883148],[9.894679,4.883325],[9.894726,4.883507],[9.894796,4.88373],[9.894811,4.883774],[9.894894,4.883985],[9.89497,4.884177],[9.89512,4.884482],[9.895476,4.885027],[9.895604,4.885234],[9.895732,4.885441],[9.896218,4.88612],[9.896827,4.887042],[9.897272,4.887694],[9.897839,4.888531],[9.898439,4.889403],[9.898656,4.889719],[9.89877,4.889873],[9.898774,4.889878],[9.898898,4.890023],[9.899101,4.890255],[9.899195,4.890361],[9.899454,4.890604],[9.899663,4.890781],[9.899895,4.890987],[9.900017,4.891096],[9.900452,4.89145],[9.900482,4.891473],[9.900593,4.891558],[9.901379,4.89216],[9.901451,4.892215],[9.901625,4.89235],[9.901771,4.892458],[9.901919,4.892568],[9.90206,4.892675],[9.90217,4.892759],[9.902179,4.892766],[9.902203,4.892785],[9.902403,4.892942],[9.902608,4.893143],[9.902788,4.893339],[9.902943,4.893513],[9.9031,4.893722],[9.903656,4.894535],[9.903688,4.894579],[9.903871,4.89484],[9.903876,4.894848],[9.904236,4.895264],[9.904435,4.895496],[9.904743,4.895731],[9.904962,4.895881],[9.905156,4.895991],[9.905346,4.896089],[9.905507,4.89615],[9.905844,4.896279],[9.90606,4.896356],[9.906921,4.89658],[9.907782,4.896795],[9.90815,4.896912],[9.908274,4.896964],[9.90844,4.897034],[9.908563,4.897085],[9.908605,4.897107],[9.908848,4.897235],[9.908922,4.897279],[9.909245,4.897472],[9.909421,4.897585],[9.909741,4.897835],[9.910151,4.898165],[9.910235,4.898228],[9.910379,4.898337],[9.910522,4.898446],[9.910666,4.898554],[9.910681,4.898566],[9.910906,4.89873],[9.911099,4.898892],[9.911223,4.899011],[9.911352,4.899136],[9.911506,4.899286],[9.911742,4.899548],[9.911836,4.899669],[9.911947,4.899811],[9.912051,4.899958],[9.91226,4.900252],[9.912391,4.900436],[9.912601,4.900763],[9.912754,4.901061],[9.912922,4.90145],[9.913143,4.902058],[9.913218,4.902308],[9.913327,4.902829],[9.913618,4.904488],[9.913705,4.905021],[9.913785,4.905502],[9.91388,4.905973],[9.913956,4.906261],[9.914045,4.906523],[9.914318,4.907262],[9.914469,4.907589],[9.914595,4.907823],[9.914964,4.908451],[9.915086,4.908648],[9.915181,4.908801],[9.915276,4.908954],[9.915279,4.908959],[9.915997,4.910051],[9.916433,4.910665],[9.916755,4.911216],[9.916899,4.911485],[9.917027,4.911797],[9.917114,4.912036],[9.917175,4.912205],[9.917234,4.912369],[9.917235,4.912375],[9.917316,4.91269],[9.917373,4.912971],[9.917677,4.914488],[9.917685,4.914533],[9.917711,4.914664],[9.917746,4.914841],[9.918258,4.917439],[9.918691,4.919724],[9.918753,4.919959],[9.918832,4.920253],[9.918848,4.920306],[9.91902,4.920851],[9.919187,4.921273],[9.919424,4.921751],[9.919789,4.922411],[9.920228,4.923193],[9.920337,4.923373],[9.920468,4.92359],[9.920687,4.923895],[9.920856,4.924073],[9.921001,4.924194],[9.921378,4.92447],[9.921646,4.924614],[9.921814,4.924675],[9.921959,4.924709],[9.922003,4.92472],[9.92236,4.924774],[9.922666,4.924789],[9.923013,4.924785],[9.923397,4.924771],[9.923558,4.924765],[9.92386,4.924774],[9.924176,4.924809],[9.924399,4.924848],[9.92458,4.924897],[9.924864,4.925016],[9.924971,4.925073],[9.925119,4.925151],[9.92513,4.925159],[9.925277,4.925263],[9.925351,4.925316],[9.925519,4.925462],[9.925669,4.925633],[9.925689,4.925657],[9.925868,4.925909],[9.926546,4.92688],[9.927286,4.92792],[9.927877,4.928721],[9.928174,4.929154],[9.928599,4.929723],[9.92895,4.930213],[9.929193,4.930564],[9.929672,4.931256],[9.929781,4.931414],[9.929939,4.931632],[9.930021,4.931743],[9.930232,4.932035],[9.930296,4.932122],[9.930328,4.932172],[9.930679,4.932717],[9.930968,4.93328],[9.931052,4.933467],[9.931091,4.933556],[9.931152,4.933705],[9.93129,4.93404],[9.931432,4.934447],[9.931437,4.934464],[9.931547,4.934844],[9.93169,4.935393],[9.931692,4.9354],[9.931701,4.935458],[9.931784,4.936011],[9.931805,4.936181],[9.931844,4.936493],[9.93186,4.936832],[9.931867,4.937068],[9.931887,4.937729],[9.931891,4.93786],[9.931894,4.937993],[9.931924,4.939205],[9.931932,4.939608],[9.931935,4.939791],[9.931944,4.940196],[9.931945,4.940235],[9.931976,4.941028],[9.931974,4.94139],[9.93196,4.941564],[9.931954,4.941629],[9.931901,4.942092],[9.931867,4.942272],[9.931819,4.94248],[9.931662,4.942937],[9.931479,4.943382],[9.931362,4.943638],[9.931281,4.943808],[9.931221,4.943909],[9.931059,4.944169],[9.930826,4.944491],[9.930732,4.944621],[9.930616,4.944764],[9.93051,4.944888],[9.930366,4.945028],[9.930064,4.945312],[9.929668,4.945686],[9.929561,4.945787],[9.929198,4.94613],[9.929031,4.946292],[9.928779,4.946561],[9.928453,4.946836],[9.928144,4.947117],[9.92793,4.94731],[9.927739,4.947511],[9.927526,4.947738],[9.927293,4.948022],[9.927089,4.948306],[9.926999,4.94847],[9.926896,4.948668],[9.92667,4.949124],[9.926565,4.949422],[9.926514,4.949595],[9.926443,4.949866],[9.92641,4.950059],[9.926383,4.950329],[9.926383,4.951308],[9.926374,4.951952],[9.926378,4.952049],[9.926393,4.952385],[9.926415,4.952884],[9.926476,4.953626],[9.92655,4.954045],[9.926642,4.954402],[9.926691,4.954576],[9.926842,4.954999],[9.926854,4.955088],[9.926865,4.955172],[9.926885,4.95524],[9.926929,4.95534],[9.927001,4.955474],[9.927089,4.955634],[9.927183,4.955786],[9.927355,4.956042],[9.927584,4.956355],[9.927856,4.956674],[9.928198,4.957068],[9.928469,4.957418],[9.928629,4.957668],[9.928714,4.957836],[9.928793,4.958039],[9.928838,4.958177],[9.928865,4.9583],[9.928896,4.958471],[9.928909,4.958629],[9.928911,4.958818],[9.928912,4.958888],[9.928895,4.959074],[9.928879,4.959183],[9.928835,4.959389],[9.928726,4.959681],[9.928549,4.960051],[9.928367,4.960415],[9.928114,4.960921],[9.927888,4.961373],[9.927575,4.96196],[9.927455,4.962195],[9.927229,4.962613],[9.927214,4.962642],[9.92715,4.962761],[9.926837,4.963358],[9.926549,4.963941],[9.926407,4.964322],[9.926324,4.964563],[9.926256,4.96483],[9.926226,4.964966],[9.926175,4.9652],[9.926169,4.965227],[9.926133,4.965403],[9.926131,4.965415],[9.92606,4.965755],[9.926049,4.965806],[9.926023,4.965931],[9.92572,4.967392],[9.92563,4.967822],[9.925622,4.967869],[9.925593,4.968047],[9.925584,4.968098],[9.925566,4.968205],[9.925564,4.968224],[9.92556,4.968276],[9.92555,4.968398],[9.925536,4.968621],[9.925556,4.968878],[9.925607,4.969179],[9.92567,4.969406],[9.925688,4.969466],[9.925738,4.969624],[9.925835,4.969832],[9.925983,4.970087],[9.926013,4.970129],[9.926411,4.970695],[9.926518,4.970848],[9.927021,4.971512],[9.927057,4.971559],[9.927502,4.972136],[9.927612,4.972278],[9.92782,4.972581],[9.927952,4.972753],[9.928179,4.97302],[9.928432,4.973312],[9.928751,4.973582],[9.929182,4.973928],[9.929842,4.97444],[9.930308,4.974802],[9.930678,4.97509],[9.930794,4.975178],[9.930926,4.975277],[9.931209,4.97549],[9.931253,4.975523],[9.931337,4.975586],[9.931517,4.975723],[9.931648,4.975824],[9.931702,4.975865],[9.932224,4.976278],[9.932539,4.976525],[9.933235,4.97707],[9.933649,4.977393],[9.93371,4.977441],[9.934043,4.977703],[9.934628,4.978161],[9.93488,4.978358],[9.935045,4.978481],[9.935519,4.978836],[9.935626,4.978916],[9.935855,4.979087],[9.93696,4.979948],[9.937011,4.979991],[9.937377,4.980298],[9.937624,4.980503],[9.9378,4.980661],[9.937976,4.980818],[9.938253,4.981116],[9.938527,4.981453],[9.938773,4.9818],[9.938985,4.982129],[9.939038,4.982236],[9.939127,4.982417],[9.939264,4.982706],[9.939343,4.982908],[9.939516,4.983396],[9.93955,4.983498],[9.939622,4.98374],[9.939635,4.983786],[9.939656,4.98387],[9.939799,4.984488],[9.939973,4.985449],[9.939975,4.985457],[9.940173,4.986454],[9.940184,4.986516],[9.940214,4.986693],[9.940244,4.986871],[9.940357,4.987542],[9.940522,4.988336],[9.940618,4.988743],[9.94064,4.988808],[9.940801,4.989284],[9.941035,4.989801],[9.94123,4.990115],[9.941325,4.990268],[9.94142,4.990421],[9.941663,4.990813],[9.94198,4.991345],[9.942029,4.991428],[9.942073,4.991499],[9.942168,4.991652],[9.9425,4.992187],[9.9427,4.992567],[9.942802,4.99279],[9.942887,4.993006],[9.942916,4.993085],[9.942944,4.993161],[9.943008,4.993364],[9.943023,4.993428],[9.943046,4.993529],[9.943096,4.993801],[9.943126,4.994026],[9.943138,4.994201],[9.943149,4.994512],[9.943139,4.994799],[9.943114,4.995051],[9.943069,4.99534],[9.943005,4.995668],[9.942907,4.996243],[9.942718,4.997233],[9.942681,4.997424],[9.942445,4.998646],[9.94244,4.998671],[9.942407,4.998822],[9.942217,4.999677],[9.942135,5.000155],[9.942123,5.000232],[9.942047,5.000729],[9.942011,5.001076],[9.942001,5.001299],[9.941996,5.001662],[9.942007,5.001824],[9.94203,5.002007],[9.942051,5.00214],[9.942093,5.002375],[9.942109,5.002468],[9.942199,5.002848],[9.942276,5.003088],[9.942384,5.003328],[9.942493,5.003511],[9.942674,5.0038],[9.942923,5.004146],[9.942931,5.004157],[9.943036,5.004286],[9.943159,5.004436],[9.943299,5.004588],[9.943385,5.004678],[9.943673,5.00492],[9.943756,5.00499],[9.943813,5.005033],[9.943958,5.005141],[9.943993,5.005167],[9.944108,5.00524],[9.944187,5.005289],[9.944262,5.005334],[9.944712,5.005597],[9.945159,5.005854],[9.945357,5.005962],[9.945516,5.006049],[9.945674,5.006135],[9.945818,5.006214],[9.945833,5.006221],[9.946369,5.006493],[9.94653,5.006577],[9.946909,5.006786],[9.947104,5.006903],[9.947169,5.006941],[9.947256,5.006999],[9.947404,5.007097],[9.947407,5.007099],[9.947693,5.007318],[9.947703,5.007325],[9.947827,5.007439],[9.947942,5.007545],[9.948066,5.007674],[9.94821,5.00782],[9.948275,5.007887],[9.948326,5.007957],[9.948429,5.008096],[9.948433,5.008102],[9.94853,5.008254],[9.948605,5.008369],[9.948831,5.008777],[9.948918,5.008962],[9.948951,5.009048],[9.948975,5.009111],[9.949005,5.009219],[9.949055,5.009392],[9.949088,5.009508],[9.949101,5.009566],[9.949142,5.009741],[9.94918,5.009902],[9.949183,5.009916],[9.94922,5.010092],[9.949391,5.010914],[9.949495,5.011476],[9.949588,5.011919],[9.949647,5.012178],[9.949706,5.012374],[9.949774,5.012563],[9.949864,5.012775],[9.950007,5.013085],[9.950135,5.013314],[9.950264,5.013521],[9.950338,5.013629],[9.950615,5.013943],[9.950842,5.014168],[9.950961,5.014272],[9.951122,5.014412],[9.95132,5.01456],[9.951537,5.014713],[9.951693,5.014823],[9.952628,5.015429],[9.952743,5.015504],[9.952893,5.015604],[9.953577,5.016055],[9.953951,5.016293],[9.954103,5.01639],[9.954213,5.01646],[9.954254,5.016488],[9.955932,5.017613],[9.956254,5.017865],[9.956501,5.018092],[9.956658,5.018253],[9.9569,5.01854],[9.957057,5.01876],[9.957174,5.018944],[9.957338,5.019228],[9.957459,5.01946],[9.958404,5.021528],[9.959201,5.023253],[9.959559,5.024032],[9.959746,5.02445],[9.959834,5.024652],[9.959932,5.024897],[9.959976,5.025008],[9.9601,5.025381],[9.960164,5.025586],[9.960195,5.02572],[9.960282,5.026098],[9.960283,5.026105],[9.96033,5.026397],[9.960371,5.026781],[9.960395,5.027095],[9.960405,5.027312],[9.960422,5.027987],[9.960444,5.028603],[9.960457,5.028818],[9.960508,5.030392],[9.960541,5.031397],[9.960598,5.033098],[9.960615,5.033704],[9.960624,5.033839],[9.96065,5.034149],[9.960678,5.034363],[9.960687,5.034435],[9.960731,5.0347],[9.960735,5.034718],[9.960771,5.034902],[9.960829,5.035166],[9.960902,5.035418],[9.960952,5.03559],[9.961035,5.035879],[9.961104,5.036108],[9.96117,5.036325],[9.961463,5.037439],[9.961478,5.037498],[9.961524,5.037672],[9.961746,5.038515],[9.961754,5.038542],[9.962115,5.039748],[9.962204,5.040097],[9.962249,5.040271],[9.962288,5.040426],[9.962293,5.040445],[9.962331,5.040621],[9.962361,5.040759],[9.962368,5.040797],[9.962384,5.040887],[9.962408,5.041082],[9.962414,5.041154],[9.962426,5.041292],[9.96243,5.041492],[9.96242,5.041722],[9.962413,5.041836],[9.962408,5.041872],[9.962386,5.04205],[9.962373,5.042151],[9.962324,5.042405],[9.962291,5.042548],[9.962257,5.042675],[9.962195,5.042865],[9.962138,5.043021],[9.962047,5.043259],[9.961969,5.043462],[9.961737,5.044016],[9.961421,5.044803],[9.961275,5.045187],[9.961204,5.045378],[9.961132,5.045647],[9.961078,5.045878],[9.961012,5.046232],[9.960995,5.046324],[9.960963,5.046548],[9.960921,5.047175],[9.960902,5.047735],[9.960887,5.047897],[9.960863,5.048139],[9.960838,5.048425],[9.960827,5.048596],[9.960827,5.048791],[9.960803,5.049703],[9.960765,5.050496],[9.960714,5.051305],[9.960703,5.051485],[9.960688,5.051734],[9.960623,5.052356],[9.960588,5.052557],[9.960521,5.05295],[9.960485,5.053119],[9.960455,5.053228],[9.96035,5.053554],[9.960303,5.053691],[9.960258,5.053815],[9.960209,5.053945],[9.960101,5.054204],[9.959953,5.05456],[9.959806,5.054919],[9.959654,5.055287],[9.959507,5.055652],[9.959386,5.055968],[9.959302,5.056185],[9.959262,5.056281],[9.959174,5.056525],[9.95915,5.056578],[9.959029,5.056923],[9.958906,5.057326],[9.958732,5.058054],[9.958658,5.058363],[9.958511,5.059078],[9.958424,5.059507],[9.958388,5.059684],[9.958246,5.06038],[9.958097,5.061093],[9.957963,5.061745],[9.957636,5.063259],[9.957449,5.064239],[9.957328,5.064839],[9.957214,5.065316],[9.957175,5.065482],[9.957083,5.065965],[9.957074,5.06601],[9.957041,5.066187],[9.956955,5.066649],[9.956819,5.067303],[9.95667,5.067947],[9.956651,5.068026],[9.956598,5.068299],[9.956564,5.068476],[9.956529,5.068652],[9.956486,5.068873],[9.956335,5.069583],[9.956255,5.069901],[9.95616,5.070204],[9.956091,5.070395],[9.956021,5.070587],[9.955904,5.070878],[9.955804,5.071074],[9.95554,5.071572],[9.955262,5.071991],[9.95504,5.072269],[9.954851,5.072504],[9.954393,5.073015],[9.953852,5.073605],[9.953457,5.074083],[9.953236,5.074396],[9.953025,5.074729],[9.952877,5.074965],[9.952793,5.075117],[9.952618,5.075484],[9.952542,5.075689],[9.952422,5.076035],[9.952404,5.076085],[9.952345,5.076255],[9.952189,5.076697],[9.951939,5.077451],[9.951644,5.07832],[9.951448,5.078958],[9.951353,5.079337],[9.951276,5.079728],[9.951233,5.080089],[9.951204,5.080453],[9.951184,5.080993],[9.951191,5.081488],[9.951185,5.082146],[9.951154,5.082737],[9.951101,5.083296],[9.951025,5.083767],[9.950945,5.08426],[9.950798,5.085163],[9.950677,5.085923],[9.950649,5.086064],[9.950598,5.086254],[9.950564,5.0864],[9.950542,5.086557],[9.950526,5.086765],[9.950525,5.08678],[9.950514,5.086945],[9.950503,5.087124],[9.950491,5.087304],[9.950477,5.087515],[9.950456,5.088075],[9.950455,5.088335],[9.950451,5.08883],[9.950439,5.089293],[9.950426,5.09018],[9.950395,5.091191],[9.950391,5.091588],[9.950403,5.092109],[9.950435,5.092796],[9.950462,5.093133],[9.950489,5.09337],[9.950512,5.093549],[9.950703,5.095029],[9.950856,5.096143],[9.951007,5.097297],[9.951227,5.098834],[9.951393,5.100149],[9.951416,5.100328],[9.95148,5.10084],[9.95163,5.101855],[9.951752,5.102741],[9.951773,5.103044],[9.95179,5.103333],[9.951815,5.104118],[9.951788,5.104709],[9.951735,5.105164],[9.951631,5.105761],[9.951614,5.105861],[9.951599,5.105938],[9.951475,5.106583],[9.951229,5.107607],[9.951061,5.108377],[9.951028,5.108574],[9.951019,5.108632],[9.950988,5.108842],[9.950962,5.109058],[9.950947,5.109275],[9.950935,5.109492],[9.950936,5.110027],[9.950939,5.11026],[9.950949,5.110577],[9.950977,5.110873],[9.951087,5.111613],[9.951088,5.111617],[9.951094,5.11166],[9.951101,5.111704],[9.951108,5.111746],[9.951108,5.11175],[9.951181,5.112265],[9.951296,5.112976],[9.951325,5.113153],[9.95141,5.113679],[9.951499,5.114189],[9.951536,5.114459],[9.951538,5.114519],[9.951532,5.114565],[9.951535,5.114606],[9.951546,5.11475],[9.951582,5.115072],[9.95167,5.115708],[9.951717,5.115946],[9.951734,5.116062],[9.951821,5.11666],[9.95186,5.116952],[9.951868,5.117017],[9.951884,5.117131],[9.951908,5.117309],[9.951933,5.117487],[9.951959,5.11768],[9.951992,5.117841],[9.952029,5.118018],[9.952052,5.118132],[9.952117,5.118328],[9.952194,5.118515],[9.952341,5.118792],[9.952445,5.118961],[9.952567,5.119129],[9.952647,5.119226],[9.952725,5.119305],[9.95287,5.119454],[9.953051,5.119625],[9.953133,5.119699],[9.953411,5.119946],[9.953609,5.120123],[9.953877,5.120385],[9.954004,5.120508],[9.954006,5.12051],[9.954125,5.120646],[9.954154,5.120679],[9.954297,5.120871],[9.954335,5.120938],[9.954405,5.121059],[9.954493,5.121261],[9.954872,5.122791],[9.954944,5.123045],[9.955019,5.123282],[9.955089,5.123442],[9.955158,5.123583],[9.95529,5.123843],[9.955437,5.124081],[9.955531,5.124218],[9.955642,5.124358],[9.955835,5.124583],[9.955974,5.124736],[9.956129,5.124887],[9.956334,5.125066],[9.956776,5.125339],[9.956889,5.125404],[9.95731,5.125626],[9.957631,5.125791],[9.957954,5.125953],[9.958041,5.125995],[9.958132,5.126039],[9.958223,5.126083],[9.958314,5.126126],[9.958406,5.12617],[9.958442,5.126187],[9.958497,5.126214],[9.958588,5.126257],[9.958604,5.126265],[9.958679,5.126301],[9.95877,5.126345],[9.958861,5.126389],[9.95893,5.126421],[9.958952,5.126432],[9.959044,5.126476],[9.959093,5.126499],[9.959135,5.126519],[9.959226,5.126562],[9.959318,5.126604],[9.959409,5.126648],[9.959501,5.126691],[9.959592,5.126733],[9.959684,5.126778],[9.959774,5.126822],[9.959865,5.126866],[9.959888,5.126876],[9.96039,5.127105],[9.960527,5.127167],[9.961044,5.127412],[9.96186,5.127867],[9.964257,5.129054],[9.965155,5.129509],[9.965782,5.129809],[9.967064,5.130434],[9.968463,5.131125],[9.969272,5.131524],[9.969434,5.131604],[9.96972,5.131745],[9.970404,5.132085],[9.970565,5.132165],[9.971697,5.132726],[9.972942,5.133342],[9.973339,5.133543],[9.973626,5.133669],[9.973787,5.133719],[9.973962,5.133763],[9.974201,5.133816],[9.974472,5.13386],[9.97563,5.134062],[9.97569,5.134072],[9.975765,5.134085],[9.975839,5.134097],[9.975914,5.13411],[9.976026,5.134129],[9.976361,5.134179],[9.976896,5.134263],[9.976919,5.134267],[9.977069,5.134315],[9.977212,5.134361],[9.977404,5.134456],[9.977731,5.134665],[9.977853,5.134751],[9.978474,5.135185],[9.978923,5.135497],[9.979572,5.13595],[9.98005,5.136272],[9.98116,5.137054],[9.982217,5.137767],[9.982967,5.13829],[9.983435,5.138609],[9.983522,5.138658],[9.983712,5.138734],[9.9839,5.138787],[9.984142,5.138834],[9.984319,5.138868],[9.984386,5.138881],[9.984571,5.138918],[9.984857,5.138987],[9.985095,5.139053],[9.98533,5.13914],[9.985527,5.139226],[9.986659,5.13965],[9.986669,5.139654],[9.986828,5.139714],[9.98915,5.140587],[9.990376,5.141048],[9.990431,5.141068],[9.990545,5.141112],[9.990713,5.141177],[9.99105,5.141307],[9.99294,5.142037],[9.994021,5.142448],[9.996172,5.143271],[9.996622,5.143444],[9.996786,5.14349],[9.996867,5.143506],[9.996964,5.143506],[9.997096,5.143493],[9.99723,5.143455],[9.99739,5.143385],[9.997698,5.143212],[9.997843,5.143113],[9.99803,5.142974],[9.998377,5.142688],[9.998579,5.142549],[9.998839,5.142401],[9.999132,5.142265],[9.999252,5.14223],[9.999307,5.142221],[9.999391,5.142213],[9.999466,5.142212],[9.999562,5.142227],[9.99974,5.142266],[10.000372,5.142392],[10.001022,5.142521],[10.00116,5.142566],[10.001319,5.142639],[10.001414,5.14269],[10.001504,5.142757],[10.001636,5.14287],[10.001798,5.143016],[10.002,5.143228],[10.002204,5.14339],[10.00234,5.143497],[10.00243,5.14356],[10.002534,5.143625],[10.00263,5.14367],[10.002782,5.143729],[10.002917,5.143769],[10.00388,5.144001],[10.003892,5.144004],[10.004059,5.144023],[10.004074,5.144024],[10.004317,5.144025],[10.004425,5.144024],[10.004556,5.144001],[10.005056,5.14391],[10.005467,5.143835],[10.006643,5.143657],[10.006736,5.143639],[10.006913,5.143603],[10.007011,5.143583],[10.007291,5.143539],[10.0074,5.143542],[10.007447,5.143554],[10.007487,5.143564],[10.007567,5.14359],[10.007618,5.143613],[10.007662,5.143633],[10.007921,5.143806],[10.007965,5.143836],[10.008227,5.143998],[10.008244,5.144009],[10.008381,5.144093],[10.008466,5.144145],[10.008575,5.144226],[10.008642,5.144292],[10.008733,5.144394],[10.009036,5.144769],[10.009991,5.14602],[10.010353,5.146529],[10.010417,5.146628],[10.010463,5.146737],[10.010485,5.146847],[10.010494,5.146954],[10.010477,5.147079],[10.010438,5.147204],[10.010429,5.147224],[10.010234,5.147648],[10.010151,5.147834],[10.010094,5.148023],[10.010044,5.148249],[10.01003,5.148472],[10.010036,5.148573],[10.010082,5.148719],[10.01015,5.148894],[10.010289,5.149121],[10.010436,5.149327],[10.010716,5.149661],[10.011162,5.150201],[10.0124,5.151704],[10.012657,5.152018],[10.013114,5.15259],[10.013677,5.153293],[10.013914,5.153589],[10.014646,5.154489],[10.015442,5.155468],[10.015896,5.156027],[10.016511,5.156758],[10.016946,5.157285],[10.01696,5.157303],[10.016982,5.157329],[10.017003,5.157355],[10.017025,5.157381],[10.017046,5.157407],[10.017068,5.157433],[10.01709,5.157459],[10.017111,5.157485],[10.017132,5.157511],[10.017154,5.157537],[10.017175,5.157563],[10.017197,5.157589],[10.017218,5.157615],[10.017239,5.157641],[10.017261,5.157667],[10.017282,5.157693],[10.017971,5.158543],[10.018637,5.159365],[10.018678,5.15942],[10.018698,5.159443],[10.018718,5.159468],[10.018738,5.159491],[10.018758,5.159515],[10.018779,5.159539],[10.018799,5.159563],[10.018819,5.159586],[10.018839,5.15961],[10.018859,5.159634],[10.018879,5.159658],[10.018899,5.159682],[10.01892,5.159706],[10.01894,5.15973],[10.01896,5.159754],[10.01898,5.159777],[10.019,5.159801],[10.019021,5.159825],[10.019041,5.159849],[10.019061,5.159873],[10.019081,5.159896],[10.019101,5.15992],[10.019122,5.159944],[10.019142,5.159968],[10.019162,5.159992],[10.019182,5.160016],[10.019202,5.16004],[10.019222,5.160063],[10.019243,5.160087],[10.019263,5.160111],[10.019283,5.160135],[10.019301,5.16016],[10.01932,5.160186],[10.019339,5.160213],[10.019358,5.16024],[10.019377,5.160266],[10.019397,5.160293],[10.019416,5.160319],[10.019428,5.160334],[10.019441,5.160349],[10.019454,5.160363],[10.019466,5.160378],[10.019479,5.160393],[10.019492,5.160408],[10.019504,5.160422],[10.019517,5.160437],[10.01953,5.160452],[10.019542,5.160467],[10.019555,5.160481],[10.019567,5.160496],[10.01958,5.160511],[10.019593,5.160526],[10.019605,5.16054],[10.019618,5.160555],[10.019631,5.160569],[10.019644,5.160584],[10.019656,5.160599],[10.019669,5.160614],[10.019682,5.160629],[10.019694,5.160644],[10.019707,5.160658],[10.01972,5.160673],[10.019732,5.160688],[10.019745,5.160703],[10.019758,5.160717],[10.01977,5.160732],[10.019783,5.160747],[10.019796,5.160762],[10.019808,5.160776],[10.019821,5.160791],[10.019834,5.160805],[10.019846,5.16082],[10.019846,5.16082],[10.019862,5.160839],[10.019876,5.160858],[10.019891,5.160876],[10.019906,5.160896],[10.019921,5.160914],[10.019936,5.160933],[10.01995,5.160952],[10.019965,5.160971],[10.01998,5.16099],[10.019995,5.161009],[10.02001,5.161027],[10.020025,5.161046],[10.02004,5.161065],[10.020055,5.161084],[10.02007,5.161103],[10.020085,5.161122],[10.0201,5.16114],[10.020114,5.161159],[10.020129,5.161178],[10.020145,5.161196],[10.020159,5.161216],[10.020179,5.16124],[10.020742,5.161924],[10.020936,5.162155],[10.021438,5.162768],[10.02215,5.163651],[10.023075,5.164825],[10.023217,5.165041],[10.023288,5.165185],[10.02336,5.16533],[10.023431,5.165474],[10.023502,5.165619],[10.023555,5.165733],[10.02357,5.165766],[10.023638,5.165913],[10.023707,5.166059],[10.023747,5.166146],[10.024021,5.166577],[10.024208,5.166773],[10.024243,5.166809],[10.024438,5.166942],[10.024703,5.167112],[10.02492,5.16732],[10.025051,5.167444],[10.025093,5.167484],[10.025421,5.167923],[10.025635,5.168126],[10.025656,5.168147],[10.025786,5.168223],[10.026356,5.168559],[10.026426,5.168589],[10.026789,5.168772],[10.026902,5.168809],[10.027073,5.168866],[10.02708,5.168868],[10.02728,5.168905],[10.027457,5.168903],[10.028087,5.168759],[10.028311,5.168708],[10.028488,5.168668],[10.028499,5.168666],[10.028915,5.168682],[10.029384,5.168753],[10.02942,5.168759],[10.030088,5.168916],[10.0308,5.169037],[10.030858,5.169047],[10.031174,5.169127],[10.031337,5.169221],[10.031485,5.169335],[10.031588,5.169434],[10.031622,5.169468],[10.031769,5.169579],[10.031927,5.16968],[10.032043,5.169714],[10.032127,5.169739],[10.032285,5.169782],[10.032383,5.169831],[10.032475,5.169877],[10.032537,5.169924],[10.032634,5.169997],[10.032922,5.170269],[10.033017,5.170306],[10.033144,5.170327],[10.033246,5.170338],[10.033493,5.170336],[10.033513,5.170336],[10.033645,5.170323],[10.033812,5.170308],[10.033977,5.170279],[10.034193,5.170219],[10.034203,5.170217],[10.034267,5.1702],[10.034318,5.170193],[10.034562,5.170203],[10.034605,5.170205],[10.034872,5.170203],[10.035091,5.170183],[10.035215,5.170159],[10.035289,5.170139],[10.035379,5.170108],[10.035461,5.170073],[10.035612,5.170006],[10.035804,5.16992],[10.036417,5.169593],[10.036576,5.169513],[10.036594,5.169504],[10.036752,5.169426],[10.036856,5.169389],[10.036908,5.169373],[10.036935,5.169365],[10.037124,5.169311],[10.037477,5.169228],[10.037785,5.169161],[10.037962,5.169123],[10.03902,5.168893],[10.039677,5.16875],[10.040081,5.168671],[10.040998,5.168455],[10.041196,5.168425],[10.041346,5.168413],[10.041493,5.168413],[10.041658,5.168423],[10.041852,5.168455],[10.042312,5.168506],[10.042906,5.168558],[10.043046,5.168552],[10.04317,5.168532],[10.043323,5.16849],[10.043411,5.168459],[10.043489,5.168426],[10.043561,5.16837],[10.043762,5.168194],[10.044266,5.167722],[10.044397,5.167598],[10.044953,5.167076],[10.046136,5.16601],[10.046589,5.165623],[10.046998,5.16525],[10.047066,5.165168],[10.047525,5.164502],[10.047684,5.164292],[10.047972,5.164004],[10.048207,5.163797],[10.048342,5.163677],[10.048377,5.163646],[10.048631,5.163462],[10.048636,5.163459],[10.048765,5.163394],[10.048842,5.163364],[10.048917,5.163341],[10.049035,5.163321],[10.049128,5.16332],[10.049238,5.16332],[10.049401,5.16336],[10.049542,5.163405],[10.049646,5.163448],[10.04987,5.163557],[10.049908,5.163579],[10.050091,5.163691],[10.050216,5.163767],[10.050342,5.163845],[10.050445,5.163893],[10.050543,5.163916],[10.050689,5.16393],[10.050882,5.163923],[10.050902,5.163919],[10.051004,5.163901],[10.051079,5.163885],[10.051139,5.163872],[10.051294,5.163827],[10.051414,5.163785],[10.051501,5.163744],[10.051605,5.163686],[10.051692,5.163611],[10.05172,5.163581],[10.05175,5.163547],[10.051804,5.16347],[10.051826,5.163435],[10.051862,5.163377],[10.051911,5.163277],[10.051924,5.16325],[10.052007,5.163066],[10.052104,5.162908],[10.052167,5.162813],[10.052173,5.162806],[10.052248,5.162719],[10.052365,5.162624],[10.052437,5.162583],[10.052518,5.162545],[10.053102,5.162297],[10.053111,5.162293],[10.05328,5.16223],[10.053619,5.162104],[10.05382,5.162029],[10.054293,5.161847],[10.054464,5.161781],[10.054631,5.161719],[10.055059,5.161562],[10.055204,5.161524],[10.055316,5.161514],[10.055432,5.161515],[10.055498,5.161523],[10.055557,5.161538],[10.055779,5.16161],[10.056045,5.161714],[10.056618,5.161943],[10.057517,5.162303],[10.057788,5.162419],[10.058265,5.162623],[10.058623,5.162762],[10.058791,5.162828],[10.059285,5.16302],[10.059964,5.163295],[10.060132,5.163363],[10.060634,5.163566],[10.062177,5.164176],[10.063511,5.16472],[10.065143,5.165377],[10.065812,5.165646],[10.06598,5.165713],[10.066507,5.165925],[10.068133,5.166573],[10.068877,5.166883],[10.069316,5.167042],[10.069626,5.167174],[10.06997,5.167315],[10.070147,5.167407],[10.070229,5.167469],[10.070288,5.167531],[10.070348,5.167621],[10.070502,5.167982],[10.070588,5.168251],[10.070633,5.168379],[10.070719,5.168565],[10.070787,5.168661],[10.07081,5.168693],[10.070948,5.168799],[10.071089,5.168868],[10.071206,5.168903],[10.071311,5.168924],[10.07142,5.168937],[10.071545,5.168947],[10.071798,5.168941],[10.072339,5.168915],[10.072467,5.168911],[10.072612,5.168919],[10.072713,5.168938],[10.07283,5.168977],[10.072953,5.169028],[10.0731,5.169107],[10.073328,5.16922],[10.073496,5.169306],[10.073581,5.169338],[10.073627,5.169351],[10.073684,5.16936],[10.07375,5.16936],[10.073826,5.169345],[10.073861,5.16933],[10.073942,5.169296],[10.074064,5.169226],[10.074123,5.169193],[10.07437,5.169035],[10.074995,5.168637],[10.075289,5.168464],[10.075295,5.168461],[10.075617,5.168299],[10.075846,5.168233],[10.076,5.168202],[10.076189,5.168187],[10.076377,5.1682],[10.076547,5.168228],[10.076702,5.168265],[10.076801,5.168299],[10.076861,5.168319],[10.07698,5.168371],[10.077158,5.168471],[10.077332,5.168586],[10.077722,5.168861],[10.07786,5.168958],[10.078039,5.169049],[10.078193,5.169108],[10.078271,5.169132],[10.078372,5.169146],[10.078423,5.169142],[10.078491,5.169135],[10.07864,5.169111],[10.079149,5.168957],[10.079251,5.168936],[10.079296,5.168927],[10.079395,5.168916],[10.079503,5.168918],[10.079643,5.168939],[10.079758,5.168974],[10.079877,5.169024],[10.080433,5.169277],[10.080441,5.169279],[10.080536,5.169311],[10.080608,5.169321],[10.08067,5.169325],[10.080802,5.169313],[10.080914,5.16929],[10.081033,5.16925],[10.08118,5.169188],[10.081498,5.169015],[10.081745,5.168894],[10.081876,5.168854],[10.082023,5.168835],[10.082142,5.168834],[10.083576,5.168834],[10.084359,5.168846],[10.084714,5.168845],[10.085106,5.168844],[10.085301,5.168857],[10.085457,5.168882],[10.085533,5.168903],[10.085603,5.168927],[10.085657,5.168952],[10.085774,5.169026],[10.085876,5.169108],[10.08603,5.169273],[10.086138,5.169371],[10.08627,5.169468],[10.086362,5.169521],[10.086463,5.169563],[10.086549,5.169584],[10.086628,5.169594],[10.086751,5.169595],[10.086858,5.169589],[10.086977,5.16956],[10.086981,5.169558],[10.087042,5.169537],[10.087129,5.169501],[10.087224,5.169449],[10.087337,5.169369],[10.087461,5.16926],[10.087751,5.169],[10.087993,5.168781],[10.088238,5.168527],[10.08841,5.168336],[10.088524,5.168173],[10.08886,5.167687],[10.08906,5.16739],[10.08916,5.16724],[10.089261,5.167091],[10.089328,5.16699],[10.089447,5.166833],[10.089526,5.166755],[10.089612,5.166684],[10.089797,5.166559],[10.089953,5.16647],[10.090132,5.166393],[10.090309,5.166339],[10.09048,5.166302],[10.090631,5.166278],[10.091024,5.166185],[10.091119,5.166149],[10.091666,5.165857],[10.091672,5.165854],[10.092139,5.165594],[10.092296,5.165506],[10.092349,5.165477],[10.093002,5.16511],[10.093387,5.164902],[10.093651,5.164755],[10.093718,5.164716],[10.093764,5.164676],[10.093821,5.164625],[10.093869,5.164569],[10.093961,5.164434],[10.094019,5.16432],[10.094097,5.164137],[10.094196,5.163937],[10.094257,5.163828],[10.094335,5.16373],[10.094488,5.163618],[10.094605,5.163556],[10.094744,5.163502],[10.094762,5.163498],[10.094833,5.16348],[10.094893,5.16347],[10.095031,5.163467],[10.095187,5.163477],[10.095323,5.163502],[10.09553,5.163548],[10.095887,5.163645],[10.095997,5.163678],[10.096235,5.163747],[10.097225,5.163978],[10.097288,5.163993],[10.098278,5.164233],[10.098698,5.164335],[10.099271,5.164478],[10.099466,5.16452],[10.099619,5.164535],[10.099819,5.164523],[10.099979,5.164483],[10.100112,5.164428],[10.100194,5.164388],[10.100274,5.164335],[10.100316,5.164294],[10.100368,5.164231],[10.100441,5.164119],[10.100453,5.164101],[10.100499,5.164015],[10.100523,5.163932],[10.100651,5.163027],[10.100781,5.162178],[10.100795,5.162086],[10.10081,5.162],[10.10086,5.161707],[10.100951,5.161372],[10.101045,5.161143],[10.101144,5.160945],[10.101276,5.160714],[10.1014,5.160508],[10.101454,5.160418],[10.101641,5.160118],[10.10173,5.159919],[10.101772,5.159762],[10.10178,5.159702],[10.101791,5.159618],[10.101793,5.159402],[10.101782,5.158966],[10.101792,5.15885],[10.101822,5.158717],[10.101847,5.158631],[10.101859,5.15859],[10.101916,5.158461],[10.102042,5.158263],[10.102161,5.158117],[10.102236,5.15805],[10.102246,5.158041],[10.102362,5.157938],[10.102383,5.157925],[10.102534,5.157826],[10.102706,5.157715],[10.103273,5.157362],[10.103959,5.156938],[10.104218,5.156776],[10.104371,5.15668],[10.104524,5.156585],[10.104983,5.156298],[10.105781,5.155799],[10.106056,5.155633],[10.106211,5.15554],[10.106365,5.155447],[10.106367,5.155445],[10.106664,5.155246],[10.106773,5.155172],[10.107266,5.154861],[10.107397,5.154771],[10.107505,5.154678],[10.107621,5.154561],[10.108165,5.153883],[10.108302,5.153711],[10.10846,5.153548],[10.108583,5.153443],[10.108731,5.153332],[10.108899,5.153241],[10.109095,5.153163],[10.109105,5.153159],[10.109268,5.15311],[10.10928,5.153106],[10.109474,5.153072],[10.10966,5.153065],[10.109843,5.153077],[10.110039,5.153103],[10.110213,5.153134],[10.110347,5.153173],[10.110477,5.153225],[10.110503,5.15324],[10.110908,5.153462],[10.111043,5.153532],[10.111213,5.153593],[10.111292,5.153604],[10.111386,5.153602],[10.111506,5.153585],[10.111629,5.153549],[10.111736,5.153506],[10.111843,5.153455],[10.112511,5.15309],[10.112906,5.152881],[10.113059,5.152831],[10.113142,5.152808],[10.113228,5.1528],[10.113355,5.152807],[10.113421,5.152821],[10.113481,5.152842],[10.113579,5.152905],[10.113635,5.152952],[10.113695,5.153024],[10.113775,5.15316],[10.113846,5.153285],[10.11385,5.153292],[10.113967,5.153481],[10.114047,5.153597],[10.114095,5.153644],[10.114134,5.153672],[10.114226,5.153708],[10.114316,5.153724],[10.114399,5.153719],[10.114466,5.153707],[10.114529,5.153686],[10.114909,5.153478],[10.115054,5.153419],[10.11515,5.153393],[10.115227,5.153384],[10.115299,5.153382],[10.115477,5.153386],[10.115627,5.153392],[10.116157,5.153428],[10.116452,5.153446],[10.116687,5.153461],[10.116911,5.153487],[10.117074,5.153522],[10.117237,5.153579],[10.117326,5.153628],[10.117353,5.153643],[10.117446,5.153711],[10.117513,5.153775],[10.117573,5.153858],[10.117582,5.153875],[10.117625,5.153954],[10.117669,5.154049],[10.117752,5.154359],[10.117818,5.154516],[10.11786,5.154588],[10.1179,5.154648],[10.117935,5.154696],[10.118041,5.154841],[10.11814,5.154976],[10.118174,5.155047],[10.118193,5.155113],[10.118201,5.155167],[10.118204,5.155215],[10.118199,5.155267],[10.118178,5.155325],[10.118139,5.155389],[10.118082,5.155451],[10.118,5.155512],[10.117929,5.155554],[10.117851,5.155584],[10.117735,5.155598],[10.11773,5.155598],[10.11755,5.155614],[10.117519,5.155617],[10.117416,5.155633],[10.117372,5.155645],[10.117337,5.155654],[10.117258,5.1557],[10.117193,5.155762],[10.117146,5.15583],[10.117098,5.155935],[10.117081,5.156086],[10.117053,5.156711],[10.117044,5.157138],[10.117035,5.157532],[10.117063,5.157698],[10.117096,5.157766],[10.117173,5.157847],[10.117257,5.157906],[10.117375,5.157955],[10.117471,5.157985],[10.117604,5.158007],[10.11799,5.158031],[10.118009,5.158031],[10.118302,5.158034],[10.118484,5.158025],[10.118664,5.157994],[10.118786,5.157953],[10.118892,5.157905],[10.118991,5.157861],[10.119054,5.157825],[10.119238,5.157721],[10.119381,5.1576],[10.119467,5.15751],[10.119548,5.157391],[10.11964,5.157212],[10.119711,5.157012],[10.119729,5.15696],[10.119789,5.156802],[10.119873,5.15664],[10.11996,5.15653],[10.120038,5.156467],[10.120096,5.156422],[10.120129,5.156397],[10.120264,5.15632],[10.120575,5.156168],[10.120776,5.156091],[10.120933,5.156051],[10.121004,5.156039],[10.121142,5.156032],[10.121635,5.156072],[10.122002,5.156102],[10.122531,5.15615],[10.123052,5.156253],[10.123242,5.156295],[10.12357,5.156368],[10.123774,5.156393],[10.124097,5.156433],[10.124133,5.156435],[10.124304,5.156442],[10.124313,5.156442],[10.124448,5.156442],[10.124779,5.156433],[10.124854,5.156425],[10.124924,5.156418],[10.125058,5.156389],[10.125151,5.156356],[10.125267,5.156291],[10.125405,5.156194],[10.125586,5.156054],[10.125778,5.155875],[10.125929,5.155746],[10.126053,5.155658],[10.126193,5.155574],[10.126305,5.155525],[10.126418,5.155483],[10.126511,5.155459],[10.126603,5.155435],[10.126657,5.155422],[10.126694,5.155406],[10.126749,5.155373],[10.126795,5.15533],[10.126797,5.155328],[10.126853,5.155265],[10.126898,5.155203],[10.126928,5.155151],[10.12695,5.155089],[10.126967,5.155039],[10.126971,5.154995],[10.126959,5.154905],[10.126938,5.15483],[10.126916,5.15476],[10.126896,5.154718],[10.126872,5.154686],[10.126827,5.154629],[10.126764,5.154576],[10.126407,5.154323],[10.126197,5.154173],[10.126015,5.154024],[10.125924,5.153923],[10.125849,5.153815],[10.125806,5.153726],[10.125782,5.153621],[10.125774,5.153558],[10.125771,5.153469],[10.125775,5.153423],[10.125784,5.153361],[10.125822,5.153261],[10.125848,5.153204],[10.125881,5.153131],[10.125946,5.153036],[10.126004,5.15296],[10.126098,5.152881],[10.126181,5.152832],[10.127038,5.152465],[10.127404,5.152309],[10.127517,5.152267],[10.12764,5.152239],[10.127776,5.152226],[10.127898,5.152234],[10.127936,5.152236],[10.128118,5.152271],[10.128251,5.152305],[10.128327,5.152325],[10.128601,5.152383],[10.128603,5.152384],[10.128837,5.152399],[10.129041,5.152373],[10.1292,5.152323],[10.12933,5.152249],[10.130513,5.151482],[10.130869,5.151245],[10.131258,5.15099],[10.13152,5.150835],[10.131839,5.150683],[10.131909,5.150663],[10.131982,5.150643],[10.132088,5.150618],[10.132615,5.150516],[10.132783,5.15048],[10.132938,5.150432],[10.133259,5.150308],[10.133413,5.150225],[10.134367,5.14975],[10.134774,5.149547],[10.135586,5.149152],[10.135719,5.149087],[10.135749,5.149076],[10.13602,5.148975],[10.136213,5.148927],[10.136411,5.148916],[10.136771,5.148959],[10.137162,5.149017],[10.137627,5.149153],[10.138504,5.149415],[10.138552,5.149427],[10.138902,5.149517],[10.138996,5.149541],[10.139078,5.149555],[10.13909,5.149557],[10.139194,5.149567],[10.139311,5.149567],[10.139434,5.149552],[10.139437,5.149551],[10.139542,5.14952],[10.139627,5.149488],[10.139707,5.149441],[10.140003,5.149223],[10.140328,5.148956],[10.140627,5.148666],[10.140895,5.148367],[10.141068,5.148167],[10.141187,5.148032],[10.141261,5.147946],[10.141672,5.147499],[10.141749,5.147414],[10.141791,5.147364],[10.141996,5.147118],[10.142015,5.147082],[10.142133,5.146866],[10.142263,5.1466],[10.142314,5.146523],[10.142352,5.146469],[10.142402,5.146407],[10.142425,5.146389],[10.14246,5.14637],[10.142508,5.146353],[10.142511,5.146352],[10.142567,5.14634],[10.142628,5.146332],[10.142686,5.146322],[10.142721,5.146316],[10.142865,5.146303],[10.142985,5.146292],[10.143045,5.146289],[10.143226,5.14628],[10.143586,5.146262],[10.143644,5.14626],[10.143947,5.14626],[10.144082,5.146261],[10.144127,5.146267],[10.144169,5.146274],[10.144256,5.146305],[10.144297,5.146326],[10.144311,5.146334],[10.144353,5.146367],[10.144408,5.146433],[10.144459,5.146558],[10.144472,5.146626],[10.144496,5.146749],[10.144501,5.146804],[10.144517,5.146983],[10.144527,5.147093],[10.144522,5.147162],[10.144513,5.147277],[10.144487,5.147349],[10.144422,5.147462],[10.144285,5.147608],[10.144143,5.147751],[10.143937,5.147947],[10.143889,5.148001],[10.143869,5.148024],[10.143828,5.148099],[10.143805,5.148159],[10.143796,5.148182],[10.143782,5.148261],[10.143781,5.148337],[10.143802,5.148442],[10.143826,5.148509],[10.143861,5.14857],[10.143891,5.148618],[10.143932,5.148655],[10.144013,5.148704],[10.144057,5.148721],[10.144145,5.148743],[10.144237,5.148744],[10.144318,5.148736],[10.144417,5.1487],[10.144596,5.148591],[10.14479,5.148447],[10.145186,5.148173],[10.145342,5.148085],[10.145507,5.147992],[10.145756,5.147876],[10.145829,5.147851],[10.146021,5.147784],[10.146358,5.147692],[10.146833,5.147571],[10.146873,5.147564],[10.14705,5.147532],[10.147111,5.14752],[10.147229,5.147504],[10.147261,5.1475],[10.147395,5.147492],[10.147517,5.147501],[10.147625,5.147518],[10.147792,5.147571],[10.147931,5.147624],[10.147962,5.147636],[10.148099,5.14769],[10.148364,5.147795],[10.148934,5.14803],[10.149226,5.14815],[10.149508,5.148265],[10.14984,5.148395],[10.150075,5.148513],[10.150255,5.148609],[10.150357,5.14867],[10.150455,5.148759],[10.150492,5.148811],[10.150531,5.148866],[10.151051,5.149724],[10.15139,5.150254],[10.151475,5.150396],[10.151552,5.150492],[10.151643,5.150598],[10.151748,5.15069],[10.151815,5.150739],[10.152039,5.150869],[10.152128,5.15092],[10.152268,5.151],[10.152285,5.151008],[10.152522,5.151124],[10.152675,5.151201],[10.15281,5.151245],[10.152951,5.151277],[10.153089,5.151293],[10.153298,5.151304],[10.153442,5.1513],[10.154071,5.151299],[10.154403,5.151299],[10.15468,5.151312],[10.154736,5.151315],[10.154993,5.151347],[10.155034,5.151359],[10.155246,5.151422],[10.155507,5.151511],[10.155836,5.151625],[10.156229,5.151754],[10.156533,5.151854],[10.157241,5.152116],[10.157249,5.152119],[10.157829,5.15234],[10.158051,5.152421],[10.15822,5.152467],[10.158269,5.15248],[10.158508,5.152533],[10.158663,5.152549],[10.158744,5.152535],[10.1588,5.152514],[10.158933,5.152459],[10.159147,5.152359],[10.159276,5.152293],[10.159566,5.152165],[10.159718,5.152083],[10.159886,5.151953],[10.160266,5.151587],[10.160726,5.151105],[10.160836,5.150995],[10.161152,5.150683],[10.161603,5.150257],[10.161891,5.150034],[10.162271,5.149801],[10.162429,5.14971],[10.162658,5.149584],[10.163013,5.149413],[10.163252,5.149318],[10.163544,5.14922],[10.163916,5.149128],[10.164145,5.149081],[10.165014,5.148905],[10.165495,5.1488],[10.166642,5.14855],[10.167045,5.148465],[10.167191,5.148436],[10.167439,5.148408],[10.167662,5.148396],[10.168116,5.148421],[10.168509,5.148473],[10.168717,5.148525],[10.16884,5.148583],[10.16897,5.148679],[10.16927,5.148964],[10.169446,5.149084],[10.16955,5.14914],[10.16964,5.149173],[10.169732,5.149192],[10.169859,5.149193],[10.169999,5.149178],[10.170346,5.14908],[10.17038,5.149071],[10.17049,5.149037],[10.170593,5.149021],[10.170661,5.149021],[10.170737,5.149026],[10.170833,5.149037],[10.170974,5.149078],[10.171035,5.149103],[10.17109,5.149137],[10.171138,5.14918],[10.171205,5.149241],[10.171268,5.149318],[10.171385,5.149488],[10.171433,5.1496],[10.171456,5.149704],[10.17147,5.149861],[10.17151,5.150529],[10.171552,5.150791],[10.171582,5.150879],[10.171608,5.150935],[10.171662,5.151015],[10.171708,5.151068],[10.171785,5.151142],[10.171823,5.151169],[10.171878,5.151202],[10.17193,5.151226],[10.172072,5.151276],[10.172191,5.151304],[10.172324,5.151298],[10.172396,5.151287],[10.172471,5.151262],[10.172563,5.151225],[10.172667,5.151181],[10.172961,5.151051],[10.173264,5.1509],[10.173424,5.150823],[10.173429,5.150821],[10.173572,5.150778],[10.17366,5.150759],[10.173745,5.150753],[10.17382,5.150752],[10.173899,5.150759],[10.17405,5.150788],[10.174191,5.150841],[10.174318,5.150905],[10.174327,5.150909],[10.174412,5.150968],[10.174479,5.151031],[10.174538,5.151109],[10.174608,5.151207],[10.174646,5.151288],[10.17469,5.151426],[10.174731,5.151627],[10.174772,5.151867],[10.174829,5.152123],[10.174869,5.152255],[10.174906,5.152356],[10.174944,5.152442],[10.17503,5.152597],[10.175137,5.152763],[10.175151,5.152786],[10.175271,5.152928],[10.175368,5.15303],[10.175512,5.153147],[10.175673,5.15327],[10.175834,5.153388],[10.176104,5.153576],[10.176312,5.153703],[10.176547,5.153827],[10.176742,5.153923],[10.176979,5.154023],[10.177337,5.154152],[10.177525,5.154209],[10.178297,5.154426],[10.179257,5.154689],[10.17975,5.154833],[10.180238,5.154971],[10.180882,5.155131],[10.181043,5.155152],[10.181193,5.155156],[10.181302,5.155151],[10.181419,5.155134],[10.181569,5.155099],[10.181609,5.155083],[10.181681,5.155055],[10.181867,5.154963],[10.18194,5.154904],[10.181943,5.154902],[10.181958,5.15489],[10.181973,5.154878],[10.181988,5.154866],[10.182003,5.154854],[10.182018,5.154842],[10.182033,5.15483],[10.182059,5.154809],[10.182074,5.154797],[10.182088,5.154783],[10.182101,5.15477],[10.182114,5.154756],[10.182127,5.154742],[10.182141,5.154728],[10.182154,5.154714],[10.182167,5.154701],[10.182181,5.154687],[10.182194,5.154673],[10.182207,5.154659],[10.182221,5.154646],[10.182234,5.154632],[10.182247,5.154618],[10.18226,5.154604],[10.182274,5.15459],[10.182287,5.154577],[10.1823,5.154563],[10.182314,5.154549],[10.182327,5.154535],[10.18234,5.154522],[10.182354,5.154508],[10.182367,5.154494],[10.18238,5.15448],[10.182394,5.154466],[10.182407,5.154453],[10.18242,5.154439],[10.182434,5.154425],[10.182447,5.154411],[10.18246,5.154397],[10.182473,5.154384],[10.182487,5.15437],[10.1825,5.154356],[10.182513,5.154342],[10.182527,5.154329],[10.18254,5.154315],[10.182553,5.154301],[10.182557,5.154297],[10.182927,5.153916],[10.183085,5.153801],[10.183171,5.153749],[10.183308,5.153695],[10.183415,5.153686],[10.18352,5.153683],[10.18373,5.153683],[10.183842,5.153709],[10.183938,5.153748],[10.18406,5.15382],[10.18414,5.153883],[10.184211,5.153954],[10.184408,5.154172],[10.184715,5.1545],[10.184823,5.15461],[10.184936,5.154709],[10.185021,5.154767],[10.185116,5.154824],[10.185225,5.154879],[10.185364,5.154934],[10.186063,5.155167],[10.186272,5.155229],[10.186424,5.155263],[10.186756,5.155316],[10.187347,5.155306],[10.187656,5.155297],[10.187846,5.155302],[10.18805,5.155327],[10.188137,5.155344],[10.188196,5.155356],[10.188282,5.155374],[10.188313,5.155382],[10.188372,5.155397],[10.188507,5.155431],[10.18869,5.155494],[10.188871,5.155575],[10.189045,5.155668],[10.189937,5.156212],[10.190061,5.156299],[10.190062,5.156299],[10.190206,5.156454],[10.190297,5.156559],[10.190407,5.156708],[10.190435,5.156765],[10.190485,5.156868],[10.190529,5.157006],[10.190572,5.157203],[10.190578,5.157408],[10.190557,5.1576],[10.190447,5.157945],[10.190312,5.15836],[10.19029,5.158475],[10.190275,5.158588],[10.190269,5.158746],[10.190294,5.15893],[10.19033,5.159077],[10.190408,5.159266],[10.190513,5.159437],[10.190644,5.15965],[10.190939,5.160094],[10.191233,5.160546],[10.191366,5.160747],[10.191683,5.161224],[10.191954,5.161628],[10.192377,5.162244],[10.19246,5.162307],[10.192514,5.162339],[10.192589,5.16238],[10.192618,5.162382],[10.192649,5.16239],[10.192678,5.162401],[10.192703,5.162416],[10.192737,5.162448],[10.192764,5.162488],[10.192774,5.162509],[10.192779,5.162528],[10.192783,5.162571],[10.193057,5.162527],[10.19349,5.162475],[10.193649,5.162482],[10.193797,5.162497],[10.19391,5.162516],[10.194006,5.162535],[10.194095,5.162559],[10.194191,5.162589],[10.194236,5.162603],[10.194375,5.16266],[10.19467,5.162822],[10.19498,5.163013],[10.195351,5.163255],[10.195571,5.163376],[10.195732,5.163454],[10.19592,5.163535],[10.196163,5.163631],[10.19629,5.163681],[10.196372,5.163704],[10.196611,5.163769],[10.196814,5.163818],[10.196922,5.163843],[10.197106,5.163879],[10.197361,5.163916],[10.197553,5.163927],[10.197725,5.163933],[10.197967,5.163929],[10.198127,5.163926],[10.198211,5.163921],[10.198447,5.163914],[10.198676,5.163897],[10.199105,5.163854],[10.199332,5.163832],[10.199449,5.163825],[10.199529,5.163824],[10.199639,5.163831],[10.199731,5.163839],[10.199841,5.163855],[10.199929,5.163871],[10.200038,5.163899],[10.200138,5.163922],[10.200238,5.163946],[10.200334,5.163983],[10.200428,5.164025],[10.200522,5.164066],[10.200617,5.164107],[10.200711,5.164149],[10.200805,5.16419],[10.2009,5.164231],[10.200994,5.164272],[10.201089,5.164312],[10.201187,5.164345],[10.201286,5.164372],[10.201386,5.164394],[10.201488,5.164411],[10.201591,5.164417],[10.201693,5.164418],[10.201797,5.164416],[10.20183,5.164415],[10.201899,5.164412],[10.202002,5.164407],[10.202105,5.164402],[10.202309,5.164371],[10.20241,5.164354],[10.202512,5.164337],[10.202613,5.164319],[10.202918,5.164267],[10.203019,5.16425],[10.203222,5.164214],[10.203422,5.164164],[10.203611,5.164116],[10.203728,5.16408],[10.203822,5.164041],[10.203971,5.163976],[10.204095,5.163913],[10.204183,5.16386],[10.204266,5.1638],[10.204348,5.163737],[10.204593,5.16355],[10.204753,5.163421],[10.20482,5.163359],[10.204903,5.163287],[10.205323,5.16291],[10.205531,5.162748],[10.205568,5.162719],[10.205776,5.162584],[10.205991,5.162463],[10.206144,5.162375],[10.206271,5.162312],[10.206366,5.162272],[10.206462,5.162234],[10.206558,5.1622],[10.206656,5.162167],[10.206753,5.162133],[10.206851,5.162102],[10.207063,5.162046],[10.207178,5.162021],[10.207334,5.16199],[10.207464,5.161973],[10.207718,5.161946],[10.207824,5.161941],[10.208104,5.161941],[10.208864,5.161966],[10.208902,5.161969],[10.208918,5.16197],[10.209663,5.162],[10.210024,5.162015],[10.210385,5.162029],[10.210566,5.162037],[10.210926,5.162051],[10.211468,5.162073],[10.211822,5.162091],[10.213594,5.162166],[10.21418,5.162197],[10.214446,5.162211],[10.214721,5.162229],[10.215356,5.162272],[10.215671,5.162304],[10.215866,5.162323],[10.215966,5.162338],[10.216236,5.162384],[10.216336,5.1624],[10.216576,5.162453],[10.216624,5.162464],[10.21694,5.162548],[10.217112,5.1626],[10.217349,5.162672],[10.217443,5.162705],[10.21763,5.16277],[10.217685,5.162791],[10.2179,5.16287],[10.217952,5.162889],[10.21866,5.163143],[10.21897,5.163265],[10.219033,5.163288],[10.21967,5.163515],[10.220257,5.163741],[10.220857,5.163992],[10.221313,5.164183],[10.222167,5.16456],[10.222945,5.164922],[10.223207,5.165023],[10.22339,5.165083],[10.22352,5.165115],[10.223622,5.165138],[10.22376,5.165159],[10.223939,5.165174],[10.2241,5.165182],[10.224256,5.165189],[10.224422,5.165192],[10.224534,5.165192],[10.224671,5.165185],[10.224861,5.16516],[10.224979,5.165138],[10.225132,5.165104],[10.225255,5.165072],[10.225386,5.165031],[10.226144,5.164745],[10.226531,5.164607],[10.226833,5.164524],[10.227031,5.164471],[10.227269,5.164423],[10.227569,5.164367],[10.227875,5.16432],[10.228175,5.164296],[10.228438,5.164284],[10.228691,5.16428],[10.228885,5.164282],[10.229097,5.164294],[10.229233,5.164304],[10.229412,5.164316],[10.229923,5.164351],[10.230192,5.16436],[10.230277,5.164363],[10.230467,5.164361],[10.230625,5.164347],[10.230649,5.164345],[10.230758,5.164334],[10.230898,5.164315],[10.231036,5.164284],[10.231209,5.164241],[10.231339,5.164196],[10.231487,5.16412],[10.231582,5.16406],[10.23164,5.164027],[10.232218,5.163798],[10.232367,5.163737],[10.232534,5.163668],[10.232553,5.163659],[10.232773,5.163584],[10.232876,5.163554],[10.23305,5.163505],[10.233078,5.163497],[10.233291,5.163451],[10.233755,5.163373],[10.23376,5.163373],[10.234298,5.163307],[10.234477,5.163285],[10.234554,5.163276],[10.234955,5.163208],[10.235547,5.163115],[10.236261,5.163003],[10.2368,5.162863],[10.236959,5.162818],[10.237653,5.162621],[10.238156,5.162478],[10.238349,5.162428],[10.238398,5.162415],[10.238524,5.162384],[10.23938,5.162171],[10.2394,5.162166],[10.239974,5.162037],[10.240107,5.16202],[10.240286,5.161998],[10.240441,5.161978],[10.240466,5.161976],[10.240924,5.161933],[10.241186,5.161933],[10.241367,5.161933],[10.241674,5.161933],[10.242448,5.161998],[10.242538,5.162006],[10.242807,5.162028],[10.242987,5.162044],[10.243395,5.162078],[10.243887,5.162121],[10.244787,5.162198],[10.24495,5.162212],[10.245145,5.16224],[10.245324,5.162265],[10.245392,5.162274],[10.245502,5.162296],[10.245741,5.162343],[10.245854,5.162375],[10.246367,5.162519],[10.246375,5.162522],[10.246541,5.162594],[10.246706,5.162666],[10.247037,5.16281],[10.247368,5.162954],[10.247428,5.16298],[10.247532,5.163029],[10.248185,5.163337],[10.248295,5.163389],[10.248508,5.163498],[10.249006,5.163752],[10.249517,5.163925],[10.249519,5.163926],[10.24974,5.163993],[10.250085,5.16407],[10.250399,5.16412],[10.250552,5.164144],[10.250578,5.164144],[10.250758,5.164141],[10.250816,5.16414],[10.250939,5.164132],[10.250964,5.164131],[10.251232,5.164096],[10.251473,5.164046],[10.251667,5.164005],[10.251826,5.163972],[10.252068,5.16392],[10.252528,5.1638],[10.252877,5.163709],[10.253052,5.163663],[10.253095,5.163652],[10.253381,5.163597],[10.253406,5.163594],[10.253559,5.163574],[10.253765,5.163558],[10.253873,5.16355],[10.253945,5.163545],[10.254126,5.163534],[10.254141,5.163533],[10.254306,5.163538],[10.254447,5.163542],[10.254487,5.163543],[10.254753,5.163551],[10.254848,5.163554],[10.255028,5.16356],[10.255059,5.163561],[10.255209,5.163565],[10.255389,5.163571],[10.25575,5.163582],[10.255931,5.163588],[10.255975,5.163589],[10.256281,5.163598],[10.256292,5.163599],[10.256472,5.163604],[10.256653,5.16361],[10.257096,5.163623],[10.257397,5.163626],[10.25761,5.16362],[10.2578,5.163595],[10.258046,5.16353],[10.258451,5.163363],[10.258771,5.163207],[10.258984,5.16306],[10.259127,5.162938],[10.259271,5.162813],[10.259622,5.162446],[10.259878,5.16213],[10.260647,5.161255],[10.260658,5.161242],[10.261346,5.16041],[10.261747,5.159994],[10.26184,5.15991],[10.261842,5.159909],[10.261999,5.159768],[10.26223,5.159586],[10.262522,5.159421],[10.264002,5.158688],[10.264194,5.158598],[10.264503,5.158454],[10.264855,5.158268],[10.265321,5.157964],[10.265556,5.1578],[10.265851,5.157524],[10.266408,5.157724],[10.266446,5.15774],[10.266612,5.15781],[10.266648,5.157826],[10.266878,5.157937],[10.266934,5.157972],[10.267087,5.158068],[10.267196,5.158137],[10.267243,5.158158],[10.267386,5.158223],[10.267552,5.158278],[10.267761,5.158296],[10.267794,5.158298],[10.267941,5.158298],[10.268025,5.158298],[10.268122,5.158293],[10.268524,5.158269],[10.26884,5.15822],[10.269768,5.158009],[10.27011,5.157932],[10.270121,5.157929],[10.270297,5.157889],[10.270814,5.157772],[10.270998,5.157825],[10.271161,5.157872],[10.271172,5.157875],[10.271335,5.157922],[10.271345,5.157925],[10.271479,5.157964],[10.271499,5.158],[10.27176,5.15846],[10.271765,5.15847],[10.271854,5.158626],[10.272203,5.159244],[10.272208,5.159253],[10.272337,5.159481],[10.272421,5.159508],[10.272431,5.159511],[10.272593,5.159563],[10.272874,5.159652],[10.272943,5.159618],[10.273094,5.159542],[10.273181,5.159499],[10.273389,5.159396],[10.273409,5.159185],[10.273418,5.159089],[10.273434,5.15891],[10.273468,5.158552],[10.273476,5.158468],[10.273485,5.158373],[10.273502,5.158194],[10.273509,5.15811],[10.273518,5.158015],[10.273539,5.157793],[10.273649,5.157601],[10.273696,5.157517],[10.273827,5.157288],[10.273875,5.157205],[10.273964,5.157049],[10.274143,5.156736],[10.274185,5.156663],[10.274233,5.15658],[10.274333,5.156404],[10.274756,5.156391],[10.27502,5.156383],[10.275032,5.156385],[10.275115,5.156401],[10.275564,5.156487],[10.275855,5.156544],[10.276001,5.156572],[10.276082,5.156587],[10.276175,5.156605],[10.276179,5.156606],[10.27635,5.156639],[10.276939,5.156416],[10.277028,5.156383],[10.277031,5.156381],[10.277277,5.156288],[10.277423,5.156233],[10.277585,5.156358],[10.277663,5.156418],[10.278088,5.156746],[10.278496,5.156598],[10.278601,5.15656],[10.278665,5.156537],[10.27911,5.156376],[10.279268,5.156318],[10.279347,5.156337],[10.279633,5.156404],[10.280093,5.156802],[10.280177,5.156875],[10.280942,5.157536],[10.28107,5.157591],[10.281173,5.157635],[10.281236,5.157662],[10.281339,5.157706],[10.281393,5.157729],[10.281591,5.157417],[10.281785,5.157113],[10.281845,5.157019],[10.281882,5.156961],[10.28195,5.156853],[10.282108,5.156809],[10.282348,5.156742],[10.282487,5.156703],[10.282702,5.156672],[10.282813,5.156657],[10.283252,5.156594],[10.283528,5.156555],[10.283707,5.15653],[10.283839,5.156511],[10.283867,5.156473],[10.283973,5.156327],[10.284399,5.155746],[10.284505,5.155601],[10.284824,5.155165],[10.285037,5.154874],[10.285144,5.154729],[10.285169,5.154694],[10.285161,5.154557],[10.285151,5.154378],[10.285148,5.15431],[10.285075,5.154225],[10.28484,5.153952],[10.284633,5.153711],[10.284625,5.153669],[10.284591,5.153492],[10.284525,5.153139],[10.284504,5.153027],[10.284527,5.152782],[10.284547,5.152578],[10.284684,5.152505],[10.284869,5.152407],[10.28502,5.152396],[10.285448,5.152365],[10.285538,5.152296],[10.285681,5.152187],[10.285727,5.152151],[10.285766,5.152036],[10.285823,5.151865],[10.28588,5.151694],[10.28592,5.151574],[10.286107,5.151434],[10.286251,5.151325],[10.286539,5.151109],[10.286683,5.151],[10.286971,5.150783],[10.287445,5.150521],[10.28775,5.150352],[10.288173,5.150118],[10.288242,5.15008],[10.288709,5.149822],[10.288896,5.149808],[10.289257,5.149782],[10.289281,5.149781],[10.289354,5.149793],[10.289426,5.149831],[10.289586,5.149915],[10.289746,5.149999],[10.289906,5.150083],[10.290065,5.150167],[10.290371,5.150328],[10.29056,5.150379],[10.290734,5.150427],[10.290816,5.150449],[10.290891,5.150443],[10.291437,5.150308],[10.291612,5.150264],[10.292388,5.150072],[10.292457,5.15009],[10.292757,5.150275],[10.29294,5.150437],[10.29309,5.150589],[10.293094,5.150595],[10.293143,5.150653],[10.293166,5.15068],[10.293214,5.150737],[10.293289,5.150812],[10.293306,5.150829],[10.293344,5.150852],[10.293353,5.150858],[10.293399,5.150869],[10.293416,5.150872],[10.29344,5.150875],[10.293494,5.150864],[10.293518,5.150855],[10.29352,5.150854],[10.293586,5.15082],[10.293617,5.150802],[10.293685,5.150762],[10.293787,5.150705],[10.293893,5.150627],[10.293957,5.150547],[10.293978,5.150522],[10.294056,5.150413],[10.294141,5.150288],[10.294202,5.150193],[10.29426,5.150129],[10.294331,5.150057],[10.294391,5.150007],[10.294399,5.15],[10.294502,5.149942],[10.294552,5.14993],[10.294649,5.149906],[10.294665,5.149902],[10.294751,5.149884],[10.294845,5.149864],[10.294929,5.149852],[10.295263,5.149805],[10.295466,5.149777],[10.295668,5.151311],[10.295801,5.15208],[10.295861,5.152229],[10.295891,5.152302],[10.295934,5.152368],[10.295973,5.152402],[10.296014,5.152432],[10.296084,5.152466],[10.296174,5.1525],[10.296241,5.152513],[10.296337,5.152513],[10.296451,5.1525],[10.296489,5.152494],[10.296513,5.152489],[10.296656,5.152426],[10.296659,5.152425],[10.297036,5.152263],[10.297161,5.152224],[10.297228,5.152211],[10.297316,5.152203],[10.297393,5.1522],[10.297483,5.15221],[10.297564,5.152237],[10.297684,5.152288],[10.298244,5.152711],[10.29882,5.1532],[10.299266,5.153578],[10.300173,5.154237],[10.300437,5.15444],[10.300489,5.154482],[10.300532,5.154528],[10.300576,5.154598],[10.300615,5.154669],[10.300656,5.154745],[10.300687,5.154816],[10.300714,5.154901],[10.300735,5.154987],[10.300752,5.155106],[10.300738,5.155382],[10.30074,5.155529],[10.300763,5.155657],[10.300784,5.155726],[10.300808,5.155794],[10.300907,5.155932],[10.301132,5.156355],[10.301367,5.156675],[10.30157,5.156879],[10.301751,5.157032],[10.302086,5.157299],[10.30245,5.157533],[10.302734,5.157748],[10.302792,5.15781],[10.302914,5.157942],[10.302928,5.157958],[10.303021,5.158087],[10.303025,5.158092],[10.30309,5.158261],[10.303144,5.158506],[10.303158,5.158727],[10.303147,5.15891],[10.303093,5.159106],[10.302998,5.159426],[10.302925,5.159654],[10.302896,5.159746],[10.302869,5.159913],[10.302877,5.160101],[10.302901,5.16026],[10.302944,5.160459],[10.30302,5.160644],[10.303101,5.160792],[10.303236,5.160975],[10.30334,5.161095],[10.303424,5.161175],[10.303489,5.161232],[10.303636,5.161305],[10.303768,5.161373],[10.303912,5.161432],[10.304016,5.161465],[10.304294,5.16152],[10.304642,5.161558],[10.304869,5.16159],[10.305097,5.161615],[10.305325,5.161646],[10.305594,5.161698],[10.305901,5.161782],[10.306115,5.161846],[10.306152,5.161859],[10.30777,5.162419],[10.308183,5.162607],[10.308664,5.162825],[10.309277,5.163124],[10.30964,5.163323],[10.31006,5.163554],[10.310771,5.164072],[10.310848,5.164105],[10.310866,5.164113],[10.310977,5.164143],[10.311075,5.164154],[10.311307,5.164158],[10.311464,5.164168],[10.311599,5.164185],[10.311728,5.164227],[10.311829,5.164279],[10.311865,5.164316],[10.311869,5.16432],[10.311916,5.16439],[10.311944,5.16447],[10.311982,5.164593],[10.312003,5.164708],[10.312098,5.165093],[10.312225,5.16537],[10.312329,5.165494],[10.312494,5.165685],[10.312572,5.16576],[10.312667,5.165843],[10.312798,5.165918],[10.312879,5.165941],[10.31298,5.165966],[10.313052,5.165968],[10.313135,5.16596],[10.313208,5.165941],[10.313286,5.165909],[10.313384,5.165862],[10.313396,5.165856],[10.313487,5.165813],[10.313559,5.165779],[10.313743,5.165694],[10.313846,5.165663],[10.313966,5.165658],[10.314091,5.165691],[10.314132,5.165706],[10.314185,5.165725],[10.314238,5.165759],[10.314286,5.165797],[10.314348,5.165845],[10.31446,5.165958],[10.314566,5.166116],[10.314607,5.166174],[10.314624,5.166191],[10.314667,5.166217],[10.314718,5.166232],[10.314751,5.166238],[10.314758,5.166239],[10.314813,5.166239],[10.314856,5.166232],[10.314896,5.166216],[10.314924,5.166202],[10.31494,5.166195],[10.315163,5.166057],[10.315336,5.165913],[10.315514,5.165789],[10.315647,5.165706],[10.315759,5.165666],[10.315844,5.165662],[10.316266,5.165645],[10.316466,5.165612],[10.316628,5.165597],[10.31676,5.165598],[10.316901,5.165602],[10.316994,5.165616],[10.317088,5.165657],[10.317137,5.165685],[10.317196,5.165746],[10.317213,5.165778],[10.317229,5.165824],[10.317307,5.166281],[10.317361,5.166455],[10.317413,5.16653],[10.317471,5.166599],[10.317533,5.166651],[10.317629,5.166694],[10.317714,5.166712],[10.317787,5.166722],[10.31787,5.166726],[10.317975,5.1667],[10.318072,5.166656],[10.31815,5.166618],[10.318222,5.166568],[10.318251,5.166547],[10.318439,5.166383],[10.318632,5.166187],[10.318757,5.166088],[10.318837,5.166036],[10.318949,5.165995],[10.31908,5.165958],[10.319176,5.165961],[10.319326,5.165987],[10.319506,5.166046],[10.319644,5.166122],[10.319868,5.166305],[10.32005,5.166409],[10.320162,5.166454],[10.320256,5.166482],[10.320339,5.166496],[10.3204,5.166496],[10.320464,5.166484],[10.320513,5.166463],[10.320568,5.166445],[10.320663,5.166383],[10.320803,5.166271],[10.320952,5.166113],[10.321378,5.165625],[10.321577,5.165495],[10.321704,5.165409],[10.32192,5.165338],[10.322174,5.165286],[10.322247,5.165275],[10.322425,5.165249],[10.322575,5.165227],[10.322949,5.165165],[10.323461,5.165114],[10.32369,5.165111],[10.323898,5.165124],[10.324211,5.165181],[10.32439,5.16523],[10.324732,5.165347],[10.325063,5.165537],[10.325499,5.165839],[10.325706,5.166018],[10.325867,5.166218],[10.32594,5.166309],[10.325975,5.166362],[10.326075,5.166512],[10.326175,5.166662],[10.326613,5.16732],[10.326735,5.167516],[10.326873,5.167686],[10.326888,5.167699],[10.327024,5.167818],[10.327096,5.167881],[10.327158,5.167938],[10.327253,5.168027],[10.327293,5.168057],[10.327438,5.168165],[10.327455,5.168178],[10.328341,5.168761],[10.32839,5.168793],[10.32849,5.168862],[10.328787,5.169067],[10.328935,5.16917],[10.329084,5.169272],[10.329669,5.169676],[10.329822,5.16979],[10.330079,5.16998],[10.33033,5.170244],[10.330564,5.170571],[10.330716,5.17084],[10.330965,5.171365],[10.331265,5.171986],[10.331383,5.17227],[10.331404,5.172356],[10.331428,5.172453],[10.331432,5.172557],[10.331428,5.172712],[10.331428,5.172717],[10.331379,5.172983],[10.33131,5.17317],[10.331279,5.173227],[10.331143,5.173478],[10.330722,5.173991],[10.33052,5.174229],[10.330403,5.174366],[10.330044,5.174789],[10.329943,5.17492],[10.329846,5.175046],[10.329836,5.175065],[10.329658,5.175409],[10.32963,5.175482],[10.329604,5.175582],[10.329597,5.175682],[10.329608,5.175786],[10.329645,5.17589],[10.329681,5.175963],[10.329747,5.176056],[10.329774,5.176094],[10.329841,5.176153],[10.329876,5.176181],[10.329932,5.176225],[10.330026,5.176281],[10.330335,5.176468],[10.330353,5.176478],[10.330498,5.176543],[10.330502,5.176544],[10.330587,5.176576],[10.330642,5.176585],[10.330672,5.176588],[10.330713,5.176591],[10.330769,5.176585],[10.330809,5.176573],[10.330864,5.176541],[10.330931,5.176493],[10.331012,5.176421],[10.331074,5.176331],[10.331114,5.176249],[10.331126,5.17618],[10.331135,5.176102],[10.331132,5.175974],[10.331101,5.175475],[10.331125,5.175357],[10.331141,5.175274],[10.331183,5.175158],[10.33124,5.175],[10.331342,5.174855],[10.331501,5.174686],[10.331606,5.174598],[10.331711,5.17454],[10.3318,5.174498],[10.33193,5.174456],[10.332082,5.174426],[10.332175,5.174416],[10.332247,5.174416],[10.332356,5.174419],[10.332487,5.174451],[10.332659,5.174506],[10.333205,5.174693],[10.333647,5.174868],[10.333869,5.174991],[10.333982,5.175067],[10.334185,5.175228],[10.334269,5.175299],[10.334418,5.175405],[10.334495,5.175449],[10.334613,5.175513],[10.334796,5.175582],[10.334923,5.175621],[10.335102,5.175666],[10.335242,5.175684],[10.335372,5.175685],[10.33548,5.175685],[10.335555,5.175683],[10.335626,5.175674],[10.336115,5.1756],[10.336394,5.175575],[10.336663,5.175575],[10.336931,5.175582],[10.33726,5.175623],[10.337869,5.175715],[10.338446,5.175794],[10.338486,5.175799],[10.338802,5.175854],[10.33882,5.175857],[10.33898,5.175885],[10.339101,5.175906],[10.339157,5.175921],[10.339432,5.175994],[10.3407,5.176356],[10.340816,5.176386],[10.340903,5.176398],[10.341059,5.176405],[10.341135,5.176405],[10.341325,5.176381],[10.341392,5.176365],[10.341421,5.176358],[10.341534,5.176318],[10.341609,5.17629],[10.341677,5.17626],[10.341738,5.176226],[10.341853,5.176149],[10.342088,5.175962],[10.343043,5.175125],[10.343399,5.174822],[10.343589,5.174705],[10.34374,5.174626],[10.343989,5.174534],[10.344123,5.174496],[10.344213,5.17448],[10.344222,5.174479],[10.344393,5.174462],[10.344408,5.174461],[10.344573,5.174456],[10.344618,5.174455],[10.344724,5.174459],[10.344906,5.174484],[10.345102,5.174524],[10.345224,5.174563],[10.345464,5.174669],[10.345764,5.174834],[10.346391,5.175183],[10.346549,5.175271],[10.346706,5.175359],[10.347401,5.175746],[10.347626,5.17586],[10.347765,5.17592],[10.347897,5.175969],[10.347996,5.176],[10.348085,5.176028],[10.348171,5.176046],[10.348311,5.176074],[10.348348,5.17608],[10.348442,5.176095],[10.348601,5.176107],[10.348856,5.176111],[10.349013,5.176106],[10.349198,5.176081],[10.349324,5.17606],[10.349818,5.175953],[10.35002,5.175915],[10.350242,5.175886],[10.350312,5.175881],[10.35045,5.175872],[10.350789,5.175895],[10.351508,5.176037],[10.351685,5.176076],[10.351778,5.176095],[10.351936,5.176113],[10.35225,5.176143],[10.352275,5.176144],[10.352429,5.176151],[10.352592,5.176151],[10.352702,5.176142],[10.352786,5.176133],[10.353252,5.176055],[10.353527,5.176002],[10.353737,5.175979],[10.353953,5.175971],[10.354049,5.175971],[10.354108,5.175972],[10.354168,5.175974],[10.354287,5.175988],[10.354496,5.176023],[10.354695,5.176068],[10.354868,5.176124],[10.355057,5.176193],[10.355493,5.176359],[10.355828,5.176491],[10.356035,5.176572],[10.356457,5.17673],[10.356851,5.176863],[10.357119,5.176935],[10.357512,5.177022],[10.358082,5.17712],[10.35816,5.177135],[10.358661,5.177233],[10.35925,5.17736],[10.359921,5.177544],[10.359936,5.177549],[10.360689,5.177794],[10.361203,5.177961],[10.361923,5.178195],[10.362051,5.17823],[10.362711,5.178441],[10.363059,5.178561],[10.363896,5.178798],[10.364652,5.178979],[10.365208,5.179107],[10.365345,5.179138],[10.365575,5.179203],[10.36572,5.17924],[10.365825,5.179257],[10.365995,5.179279],[10.366114,5.179288],[10.366271,5.17929],[10.366467,5.179288],[10.366772,5.179249],[10.366895,5.179221],[10.367064,5.17918],[10.367252,5.17911],[10.367387,5.179048],[10.367513,5.17899],[10.367649,5.178907],[10.367852,5.178778],[10.367964,5.178691],[10.367979,5.178679],[10.368054,5.178616],[10.368114,5.17856],[10.368198,5.178481],[10.368356,5.17831],[10.368453,5.178187],[10.36859,5.177985],[10.368716,5.17778],[10.368885,5.177516],[10.369064,5.177289],[10.36929,5.177073],[10.369451,5.176967],[10.369636,5.17686],[10.369779,5.176791],[10.3699,5.17674],[10.370033,5.176702],[10.370235,5.176663],[10.370401,5.176642],[10.370619,5.176641],[10.37082,5.176661],[10.370959,5.176686],[10.371113,5.176723],[10.371271,5.17677],[10.37141,5.176836],[10.37157,5.176914],[10.371607,5.176939],[10.372288,5.177419],[10.37288,5.177831],[10.373084,5.177961],[10.373178,5.178009],[10.373244,5.178036],[10.373315,5.178063],[10.373389,5.178085],[10.373471,5.178106],[10.373562,5.17812],[10.373674,5.178125],[10.373779,5.178121],[10.373942,5.17811],[10.374022,5.178094],[10.374085,5.178079],[10.37422,5.178031],[10.37488,5.177745],[10.375196,5.177627],[10.375633,5.177482],[10.375929,5.177407],[10.376106,5.177363],[10.376437,5.177304],[10.376689,5.177264],[10.376902,5.177232],[10.376914,5.17723],[10.377302,5.177188],[10.377625,5.177174],[10.37802,5.177169],[10.378303,5.177173],[10.378464,5.177174],[10.378753,5.177196],[10.378838,5.177203],[10.378932,5.177215],[10.379257,5.177257],[10.379478,5.177291],[10.379647,5.17732],[10.379999,5.177398],[10.380087,5.177417],[10.380336,5.177479],[10.380587,5.177551],[10.380819,5.177627],[10.381156,5.177756],[10.38167,5.177952],[10.381906,5.178051],[10.381879,5.178114],[10.381643,5.178721],[10.381474,5.179099],[10.381459,5.179136],[10.381417,5.179239],[10.381375,5.179341],[10.381333,5.179444],[10.381291,5.179546],[10.381249,5.179649],[10.381231,5.179694],[10.381207,5.179752],[10.381165,5.179855],[10.381123,5.179957],[10.381081,5.18006],[10.381062,5.180168],[10.381058,5.180202],[10.381051,5.180278],[10.381041,5.180389],[10.381036,5.180499],[10.381037,5.18061],[10.381038,5.180721],[10.381039,5.180832],[10.38104,5.180903],[10.38104,5.180943],[10.381041,5.181054],[10.381042,5.181125],[10.381042,5.181165],[10.381017,5.181272],[10.38099,5.18138],[10.380957,5.181485],[10.380904,5.181583],[10.380872,5.181643],[10.380831,5.181717],[10.380791,5.181792],[10.38075,5.181867],[10.38071,5.181941],[10.380669,5.182016],[10.380631,5.182092],[10.380594,5.182169],[10.380557,5.182245],[10.38052,5.182322],[10.380491,5.182382],[10.380483,5.182398],[10.380449,5.182476],[10.380419,5.182555],[10.380388,5.182635],[10.380358,5.182714],[10.380327,5.182793],[10.380299,5.182874],[10.380275,5.182955],[10.380254,5.183037],[10.380233,5.18312],[10.380212,5.183202],[10.380191,5.183284],[10.38017,5.183367],[10.380149,5.183449],[10.380135,5.183532],[10.380129,5.183617],[10.380125,5.183702],[10.380124,5.183747],[10.380122,5.183787],[10.380131,5.183871],[10.380147,5.183954],[10.380164,5.184037],[10.380181,5.184121],[10.380197,5.184204],[10.380214,5.184287],[10.380231,5.18437],[10.380248,5.184454],[10.380264,5.184537],[10.380281,5.18462],[10.380298,5.184704],[10.380314,5.184787],[10.380331,5.18487],[10.380348,5.184954],[10.380365,5.185037],[10.380381,5.18512],[10.380398,5.185203],[10.380415,5.185287],[10.380422,5.185321],[10.380431,5.18537],[10.380448,5.185453],[10.380465,5.185537],[10.380482,5.18562],[10.3805,5.185703],[10.380522,5.185785],[10.380556,5.185862],[10.380591,5.18594],[10.380625,5.186018],[10.380661,5.186095],[10.3807,5.18617],[10.380755,5.186256],[10.380804,5.186326],[10.380856,5.186393],[10.38091,5.186458],[10.380965,5.186524],[10.381019,5.186589],[10.381073,5.186655],[10.381128,5.18672],[10.381143,5.186738],[10.381182,5.186785],[10.381237,5.186851],[10.381258,5.186876],[10.381291,5.186916],[10.381346,5.186981],[10.3814,5.187047],[10.381455,5.187112],[10.381509,5.187178],[10.381561,5.18724],[10.381563,5.187243],[10.381618,5.187308],[10.381672,5.187374],[10.381716,5.187433],[10.381723,5.187442],[10.381772,5.187511],[10.381821,5.187581],[10.381871,5.18765],[10.38192,5.187719],[10.381963,5.187792],[10.382002,5.187868],[10.382039,5.187944],[10.382077,5.188021],[10.382114,5.188097],[10.382152,5.188173],[10.382189,5.18825],[10.382227,5.188326],[10.382232,5.188337],[10.382248,5.18837],[10.382264,5.188402],[10.382297,5.18848],[10.382326,5.18856],[10.382355,5.18864],[10.382384,5.18872],[10.382411,5.188801],[10.382436,5.188882],[10.382455,5.188964],[10.382475,5.189047],[10.382494,5.18913],[10.382508,5.189213],[10.382507,5.189298],[10.382488,5.189653],[10.382474,5.189913],[10.382447,5.190552],[10.382446,5.190594],[10.382458,5.190731],[10.382494,5.191151],[10.382534,5.191347],[10.382559,5.191442],[10.382606,5.191616],[10.382745,5.192137],[10.382788,5.192266],[10.382922,5.192467],[10.383111,5.192754],[10.38322,5.192918],[10.383454,5.193272],[10.383526,5.19334],[10.383657,5.193463],[10.384315,5.19408],[10.384327,5.194091],[10.38455,5.194301],[10.384771,5.194835],[10.384958,5.195285],[10.385075,5.195486],[10.385083,5.1955],[10.385347,5.195952],[10.385438,5.196108],[10.385528,5.196263],[10.385537,5.196278],[10.385809,5.196744],[10.385678,5.197136],[10.385614,5.197618],[10.385607,5.197675],[10.385604,5.1977],[10.38556,5.198032],[10.385505,5.198449],[10.385471,5.198563],[10.385463,5.198587],[10.385435,5.19868],[10.38529,5.199153],[10.385128,5.199414],[10.385076,5.199497],[10.385046,5.199546],[10.385011,5.199602],[10.384962,5.199705],[10.384652,5.200354],[10.384603,5.200455],[10.384482,5.200603],[10.384429,5.200666],[10.384367,5.200742],[10.384331,5.200786],[10.384066,5.201106],[10.383847,5.201673],[10.383827,5.201727],[10.383817,5.20175],[10.383502,5.202566],[10.383497,5.202579],[10.38349,5.202587],[10.383427,5.202662],[10.383379,5.202718],[10.382734,5.203423],[10.382522,5.203655],[10.382209,5.203998],[10.382299,5.204238],[10.382241,5.204361],[10.382295,5.204898],[10.382331,5.205255],[10.382422,5.20615],[10.38244,5.206329],[10.382458,5.206508],[10.382477,5.206695],[10.382022,5.207244],[10.382241,5.208591],[10.382253,5.208665],[10.382414,5.209657],[10.382425,5.20973],[10.382512,5.210263],[10.382681,5.211306],[10.383114,5.211909],[10.383176,5.211996],[10.383217,5.212054],[10.383261,5.212414],[10.38336,5.213233],[10.383412,5.213664],[10.383477,5.214199],[10.38349,5.214304],[10.38352,5.214556],[10.383576,5.215016],[10.383646,5.215601],[10.383733,5.215938],[10.383777,5.216112],[10.383911,5.216635],[10.384134,5.217507],[10.384226,5.217866],[10.384121,5.218284],[10.384062,5.218519],[10.38399,5.218806],[10.384024,5.219166],[10.38403,5.219228],[10.384074,5.219703],[10.384076,5.219719],[10.384247,5.221541],[10.384365,5.221761],[10.384877,5.222713],[10.384881,5.222722],[10.385222,5.223356],[10.385234,5.223379],[10.385272,5.223645],[10.38528,5.2237],[10.38538,5.224412],[10.385382,5.224422],[10.385423,5.224714],[10.385431,5.224768],[10.385581,5.225837],[10.385583,5.225847],[10.385599,5.225961],[10.385607,5.226015],[10.385814,5.227482],[10.385721,5.227981],[10.38569,5.228148],[10.385688,5.228158],[10.385559,5.228855],[10.385493,5.229209],[10.385491,5.229219],[10.38547,5.229332],[10.385459,5.229392],[10.385449,5.229448],[10.385447,5.22951],[10.38544,5.229707],[10.385439,5.229744],[10.385434,5.229887],[10.385416,5.230426],[10.385374,5.231719],[10.385363,5.232033],[10.385344,5.232074],[10.385337,5.232088],[10.385288,5.23219],[10.384878,5.233048],[10.384822,5.233164],[10.3848,5.233211],[10.38459,5.233651],[10.384505,5.233828],[10.384378,5.234021],[10.383885,5.234774],[10.383724,5.23502],[10.383631,5.235162],[10.383328,5.235625],[10.383231,5.235773],[10.383229,5.235775],[10.38313,5.235926],[10.383032,5.236077],[10.382637,5.236679],[10.38254,5.236827],[10.382538,5.23683],[10.382531,5.236841],[10.382526,5.237007],[10.382515,5.237367],[10.38251,5.237547],[10.382509,5.237568],[10.382389,5.237668],[10.382249,5.237786],[10.382101,5.237909],[10.382101,5.238072],[10.382101,5.238251],[10.382104,5.238253],[10.382257,5.238354],[10.382402,5.238451],[10.382407,5.238454],[10.382703,5.238651],[10.38281,5.238721],[10.382796,5.238774],[10.382783,5.238822],[10.38275,5.238948],[10.382707,5.239111],[10.382616,5.239459],[10.3826,5.239517],[10.38257,5.239633],[10.382554,5.239692],[10.382478,5.239981],[10.382386,5.240329],[10.382383,5.24034],[10.382371,5.240387],[10.382292,5.240688],[10.382203,5.241024],[10.382096,5.241431],[10.382066,5.241547],[10.38202,5.24172],[10.381971,5.241906],[10.381959,5.241953],[10.381887,5.242226],[10.381774,5.242387],[10.38167,5.242534],[10.381428,5.242879],[10.381359,5.242977],[10.381352,5.242986],[10.381249,5.243134],[10.381221,5.243174],[10.381136,5.243294],[10.381158,5.243318],[10.381281,5.24345],[10.381371,5.243546],[10.381404,5.243582],[10.38165,5.243845],[10.381694,5.243893],[10.381715,5.244064],[10.381379,5.244194],[10.38121,5.244259],[10.381042,5.244324],[10.380943,5.244363],[10.380913,5.24443],[10.380857,5.244555],[10.381035,5.24469],[10.381179,5.2448],[10.381238,5.244845],[10.381322,5.244909],[10.381896,5.245345],[10.382037,5.245452],[10.382038,5.245456],[10.382049,5.245529],[10.382101,5.24588],[10.382066,5.245985],[10.382043,5.246056],[10.382015,5.246139],[10.381994,5.2462],[10.381788,5.246172],[10.381522,5.246135],[10.381164,5.246085],[10.381072,5.246072],[10.380992,5.246107],[10.380907,5.246145],[10.380685,5.246243],[10.380578,5.246521],[10.381029,5.247269],[10.381116,5.247456],[10.381192,5.24762],[10.381497,5.248272],[10.381508,5.248296],[10.38152,5.248323],[10.381573,5.248435],[10.381587,5.248465],[10.3817,5.248559],[10.382209,5.248978],[10.382338,5.249192],[10.382167,5.249161],[10.382112,5.249151],[10.381989,5.249129],[10.381963,5.249125],[10.381456,5.249034],[10.381278,5.249002],[10.381252,5.248997],[10.381223,5.248992],[10.380923,5.248938],[10.380567,5.248874],[10.380212,5.248811],[10.380192,5.248807],[10.379853,5.248849],[10.379495,5.248894],[10.379136,5.248938],[10.378957,5.248961],[10.378931,5.248964],[10.378901,5.248968],[10.378303,5.249042],[10.378242,5.249026],[10.378068,5.24898],[10.377867,5.248927],[10.377838,5.248919],[10.377663,5.248873],[10.37714,5.248734],[10.376965,5.248688],[10.37682,5.248649],[10.376791,5.248641],[10.376616,5.248595],[10.376608,5.248593],[10.376442,5.248549],[10.376296,5.248511],[10.376287,5.248508],[10.376266,5.248506],[10.375548,5.248435],[10.375218,5.248403],[10.375038,5.248385],[10.375008,5.248382],[10.374499,5.248332],[10.374334,5.248316],[10.37432,5.248322],[10.374293,5.248334],[10.374156,5.248396],[10.373003,5.248913],[10.372976,5.248925],[10.372838,5.248987],[10.372652,5.24907],[10.372646,5.249073],[10.372132,5.249303],[10.371988,5.249368],[10.371952,5.249384],[10.371647,5.249489],[10.371626,5.249496],[10.370965,5.249724],[10.370772,5.24979],[10.370253,5.249803],[10.369351,5.249825],[10.36917,5.249829],[10.369034,5.249833],[10.368469,5.25002],[10.368261,5.250089],[10.368135,5.250131],[10.367964,5.250188],[10.367875,5.250217],[10.367492,5.250581],[10.3671,5.250954],[10.367028,5.251022],[10.366839,5.251202],[10.366447,5.251575],[10.366055,5.251947],[10.365793,5.252195],[10.365721,5.252264],[10.365663,5.252319],[10.36559,5.252388],[10.365536,5.25244],[10.365533,5.252445],[10.365474,5.252536],[10.365143,5.25305],[10.365,5.253273],[10.364917,5.253321],[10.36476,5.253411],[10.364674,5.25346],[10.364604,5.2535],[10.364448,5.25359],[10.364442,5.253594],[10.364105,5.253705],[10.364056,5.253722],[10.363965,5.253812],[10.363894,5.253882],[10.363837,5.253939],[10.363582,5.254194],[10.363511,5.254264],[10.363455,5.25432],[10.363182,5.254388],[10.363103,5.254408],[10.36294,5.254448],[10.362936,5.25446],[10.362794,5.254906],[10.362742,5.255069],[10.362699,5.255203],[10.362639,5.255388],[10.362638,5.255412],[10.362615,5.25578],[10.362532,5.257119],[10.362569,5.25721],[10.362459,5.257345],[10.362339,5.257717],[10.362208,5.257755],[10.362196,5.257759],[10.362035,5.257805],[10.361524,5.257952],[10.361404,5.258302],[10.3614,5.258314],[10.361346,5.258472],[10.361342,5.258484],[10.361287,5.258643],[10.361171,5.258983],[10.361054,5.259324],[10.360863,5.259883],[10.36064,5.259595],[10.360794,5.260132],[10.360757,5.260471],[10.360746,5.260574],[10.360738,5.26065],[10.3607,5.261008],[10.360688,5.261111],[10.360687,5.261126],[10.360655,5.261178],[10.360289,5.261795],[10.360268,5.261831],[10.360241,5.26189],[10.360095,5.262203],[10.360071,5.262254],[10.359989,5.262429],[10.359799,5.263062],[10.359798,5.263066],[10.3597,5.26339],[10.359725,5.263585],[10.359725,5.263589],[10.359826,5.26438],[10.359839,5.26448],[10.359839,5.264481],[10.359933,5.264909],[10.359972,5.265085],[10.359994,5.265184],[10.360109,5.265711],[10.360118,5.265752],[10.360085,5.265991],[10.360074,5.266067],[10.360054,5.266211],[10.360057,5.266319],[10.360057,5.266348],[10.360065,5.266611],[10.360086,5.267398],[10.360087,5.267427],[10.360091,5.267577],[10.360093,5.267684],[10.360095,5.267757],[10.360097,5.267803],[10.360065,5.267933],[10.360058,5.267962],[10.359981,5.268283],[10.359955,5.268387],[10.359931,5.268486],[10.359876,5.268715],[10.359828,5.268911],[10.359749,5.269239],[10.359668,5.269576],[10.359657,5.269769],[10.359647,5.269949],[10.359646,5.269971],[10.359637,5.270128],[10.359627,5.27033],[10.359625,5.270367],[10.359658,5.270527],[10.359823,5.271332],[10.359882,5.271617],[10.359913,5.271739],[10.359942,5.271858],[10.360116,5.272554],[10.360261,5.273136],[10.360334,5.273427],[10.360348,5.273485],[10.360377,5.273601],[10.360404,5.273706],[10.36056,5.274334],[10.360595,5.274474],[10.36061,5.274532],[10.360733,5.275027],[10.360805,5.275313],[10.360818,5.275559],[10.360819,5.275587],[10.360827,5.275737],[10.360837,5.275917],[10.360856,5.276278],[10.360858,5.276306],[10.360886,5.276836],[10.360901,5.277129],[10.360883,5.277611],[10.360871,5.277922],[10.360862,5.278159],[10.360848,5.278518],[10.360875,5.278696],[10.360902,5.278874],[10.360921,5.278996],[10.360998,5.279501],[10.360936,5.280215],[10.360912,5.280495],[10.36086,5.28063],[10.360807,5.280765],[10.360753,5.280904],[10.360664,5.281133],[10.360362,5.28191],[10.360273,5.282139],[10.36009,5.28261],[10.360036,5.28275],[10.3597,5.283614],[10.359575,5.283955],[10.359539,5.284052],[10.359655,5.284657],[10.359689,5.284834],[10.359712,5.284957],[10.359723,5.28501],[10.359756,5.285187],[10.359833,5.285588],[10.359944,5.286165],[10.359946,5.286178],[10.359986,5.28637],[10.360014,5.286502],[10.360051,5.286678],[10.36006,5.286722],[10.360172,5.287257],[10.360201,5.287563],[10.360218,5.287743],[10.360235,5.287922],[10.360239,5.287966],[10.360251,5.288098],[10.360302,5.288635],[10.360338,5.289011],[10.360372,5.289369],[10.360395,5.289617],[10.360397,5.28964],[10.360442,5.290115],[10.360446,5.290154],[10.360463,5.290334],[10.360504,5.290772],[10.360419,5.291242],[10.360347,5.291386],[10.360285,5.291512],[10.360267,5.291548],[10.360108,5.291871],[10.359896,5.292299],[10.359858,5.292375],[10.359852,5.292387],[10.35983,5.292433],[10.359747,5.2926],[10.359743,5.292609],[10.359753,5.293272],[10.359799,5.293361],[10.359963,5.293682],[10.36004,5.293832],[10.360054,5.293859],[10.360327,5.294045],[10.36033,5.294047],[10.360531,5.294184],[10.360665,5.294276],[10.360708,5.294263],[10.360968,5.294184],[10.361052,5.294158],[10.361222,5.294224],[10.361245,5.294233],[10.361446,5.293964],[10.361608,5.293747],[10.361803,5.293485],[10.361906,5.2932],[10.361968,5.293031],[10.362061,5.292777],[10.362101,5.292666],[10.362114,5.292631],[10.362629,5.29231],[10.362705,5.292325],[10.362766,5.292336],[10.362882,5.292358],[10.36306,5.292391],[10.363237,5.292425],[10.363298,5.292436],[10.363414,5.292458],[10.363423,5.29246],[10.363581,5.292529],[10.364465,5.292913],[10.364528,5.292941],[10.36457,5.292968],[10.364674,5.293037],[10.364871,5.293166],[10.365074,5.293299],[10.365324,5.293463],[10.365568,5.293624],[10.365889,5.294141],[10.365921,5.294194],[10.365965,5.294265],[10.366182,5.294383],[10.366297,5.294445],[10.366685,5.294655],[10.36674,5.294685],[10.366876,5.294759],[10.366931,5.294789],[10.367134,5.295007],[10.367478,5.295376],[10.367522,5.295549],[10.367532,5.295585],[10.367538,5.29561],[10.367607,5.295878],[10.367491,5.296464],[10.367435,5.296744],[10.367327,5.297164],[10.367246,5.297477],[10.367242,5.297491],[10.367245,5.297693],[10.367263,5.298702],[10.367266,5.298915],[10.367269,5.299084],[10.367272,5.299264],[10.367281,5.299804],[10.367285,5.300013],[10.36723,5.300339],[10.3672,5.300516],[10.367198,5.300526],[10.367128,5.300942],[10.367124,5.300963],[10.367124,5.300964],[10.367284,5.30153],[10.367345,5.301749],[10.367479,5.302223],[10.367521,5.302374],[10.367521,5.302706],[10.367521,5.302804],[10.367521,5.303022],[10.367521,5.303239],[10.36743,5.303548],[10.367328,5.303893],[10.367168,5.304433],[10.367134,5.304547],[10.36706,5.304799],[10.367044,5.305436],[10.367038,5.305685],[10.367076,5.305853],[10.367183,5.306206],[10.367227,5.306352],[10.367268,5.306627],[10.367278,5.306736],[10.367292,5.306908],[10.367291,5.306915],[10.36725,5.30709],[10.367231,5.307173],[10.367155,5.307415],[10.367144,5.307433],[10.366949,5.307748],[10.36662,5.308136],[10.366605,5.308152],[10.366479,5.30828],[10.366339,5.308422],[10.3663,5.308493],[10.366255,5.308559],[10.366265,5.308742],[10.366383,5.309448],[10.366387,5.309477],[10.366411,5.309626],[10.366417,5.309663],[10.366417,5.309805],[10.366416,5.309923],[10.366429,5.309984],[10.366466,5.31016],[10.366481,5.310232],[10.366487,5.310399],[10.36648,5.310466],[10.366463,5.310512],[10.366462,5.310515],[10.366437,5.310582],[10.366328,5.310821],[10.366112,5.311284],[10.366073,5.311358],[10.366072,5.311373],[10.366061,5.311658],[10.366053,5.311839],[10.36605,5.311912],[10.366011,5.312717],[10.365996,5.312849],[10.365913,5.313295],[10.365912,5.313313],[10.365905,5.313563],[10.365937,5.313668],[10.365965,5.313762],[10.366098,5.313963],[10.366215,5.314092],[10.366216,5.314093],[10.366308,5.314161],[10.36637,5.31419],[10.366702,5.314264],[10.3669,5.314278],[10.367254,5.314302],[10.367264,5.314303],[10.367442,5.314311],[10.367586,5.314317],[10.367623,5.314315],[10.367803,5.314306],[10.367984,5.314297],[10.368164,5.314288],[10.368446,5.314273],[10.368525,5.314271],[10.368706,5.314266],[10.369067,5.314256],[10.369363,5.314339],[10.369414,5.314361],[10.36958,5.314432],[10.369746,5.314503],[10.369864,5.314554],[10.369913,5.314572],[10.370128,5.314652],[10.370613,5.31474],[10.370616,5.31474],[10.371061,5.31479],[10.371327,5.314844],[10.371329,5.314844],[10.371494,5.314923],[10.371642,5.315072],[10.371716,5.315198],[10.372264,5.316129],[10.372447,5.31644],[10.372521,5.316582],[10.372574,5.316661],[10.372603,5.316959],[10.372591,5.317253],[10.372574,5.317631],[10.372543,5.317845],[10.372491,5.318015],[10.372491,5.318016],[10.372464,5.31808],[10.372398,5.31824],[10.372254,5.3185],[10.372081,5.318816],[10.37167,5.319567],[10.371651,5.319606],[10.371496,5.319914],[10.371149,5.320608],[10.371112,5.320682],[10.370957,5.321018],[10.370762,5.321441],[10.370727,5.321528],[10.370665,5.321687],[10.370661,5.321696],[10.370596,5.321864],[10.370551,5.321967],[10.370375,5.322416],[10.370261,5.322755],[10.370218,5.322865],[10.370206,5.322909],[10.369938,5.323785],[10.369896,5.32392],[10.369888,5.323958],[10.369697,5.324773],[10.369607,5.325186],[10.369495,5.325421],[10.369293,5.325804],[10.369081,5.326209],[10.368979,5.326403],[10.368964,5.326983],[10.368958,5.32736],[10.368925,5.328236],[10.368929,5.328613],[10.368934,5.328972],[10.368933,5.329103],[10.368919,5.329238],[10.368921,5.329462],[10.368925,5.330012],[10.368919,5.330744],[10.368918,5.330868],[10.368933,5.331126],[10.368931,5.331151],[10.368968,5.33187],[10.36897,5.33189],[10.368961,5.332049],[10.368959,5.332091],[10.368921,5.332365],[10.368781,5.333021],[10.368764,5.333106],[10.368697,5.333455],[10.368696,5.333459],[10.368511,5.334272],[10.368505,5.334296],[10.368482,5.334455],[10.368442,5.334731],[10.368551,5.334878],[10.368645,5.335021],[10.368711,5.335121],[10.368919,5.335526],[10.36902,5.335722],[10.369229,5.336201],[10.369235,5.336212],[10.369425,5.336524],[10.3695,5.336637],[10.369568,5.336719],[10.369609,5.336779],[10.369708,5.336904],[10.369721,5.336921],[10.369878,5.337089],[10.369888,5.3371],[10.370003,5.337206],[10.370105,5.3373],[10.370134,5.337322],[10.370316,5.337463],[10.370532,5.337603],[10.370783,5.337747],[10.370866,5.337792],[10.371079,5.337906],[10.371191,5.337967],[10.371679,5.338221],[10.3717,5.338233],[10.372432,5.338614],[10.372635,5.338721],[10.372759,5.338787],[10.372868,5.338845],[10.373509,5.339172],[10.373831,5.339348],[10.374082,5.339481],[10.374152,5.339518],[10.374336,5.33963],[10.374356,5.339643],[10.374482,5.339721],[10.374665,5.339851],[10.3748,5.339976],[10.374918,5.340091],[10.375042,5.340234],[10.375151,5.340386],[10.375165,5.340406],[10.375282,5.340576],[10.375388,5.340761],[10.375485,5.340966],[10.375632,5.341268],[10.375644,5.341294],[10.375734,5.341463],[10.375797,5.341571],[10.376024,5.341988],[10.376402,5.3427],[10.376572,5.343056],[10.37675,5.343341],[10.376888,5.343532],[10.377082,5.343758],[10.377319,5.343998],[10.3776,5.344259],[10.377835,5.344436],[10.377885,5.344466],[10.377919,5.344481],[10.378153,5.344636],[10.378505,5.344835],[10.378873,5.345042],[10.379313,5.345271],[10.379736,5.345496],[10.380012,5.34565],[10.380286,5.345826],[10.380449,5.345947],[10.380505,5.345988],[10.380725,5.346165],[10.380955,5.346386],[10.381103,5.346541],[10.381432,5.346876],[10.38176,5.347196],[10.382216,5.347713],[10.382704,5.348234],[10.382832,5.348371],[10.383586,5.349136],[10.383948,5.349518],[10.38441,5.350009],[10.384586,5.350215],[10.384602,5.350236],[10.384734,5.350407],[10.384847,5.350567],[10.384935,5.350708],[10.385027,5.350868],[10.385249,5.351301],[10.385433,5.351624],[10.385932,5.352779],[10.386147,5.353314],[10.386385,5.353851],[10.386796,5.354731],[10.387218,5.355649],[10.387431,5.356104],[10.387481,5.356183],[10.387605,5.356342],[10.387726,5.356482],[10.387856,5.35662],[10.387865,5.356629],[10.387986,5.356731],[10.38805,5.356785],[10.38815,5.356861],[10.388227,5.35692],[10.388398,5.357039],[10.388463,5.357087],[10.388986,5.357347],[10.389838,5.357871],[10.390078,5.35799],[10.390532,5.358175],[10.390587,5.358197],[10.390829,5.358297],[10.392352,5.358865],[10.392519,5.358929],[10.392741,5.359014],[10.393027,5.35912],[10.393375,5.359249],[10.393432,5.35927],[10.394114,5.359527],[10.394429,5.35964],[10.394727,5.359749],[10.394896,5.359811],[10.395021,5.359858],[10.395622,5.360086],[10.396246,5.360322],[10.396921,5.360578],[10.397895,5.360945],[10.397939,5.360962],[10.39912,5.361407],[10.399553,5.361574],[10.39962,5.361598],[10.399644,5.361607],[10.400125,5.361781],[10.400382,5.361872],[10.400956,5.362098],[10.401246,5.362212],[10.401543,5.362334],[10.401877,5.362509],[10.40217,5.362704],[10.402581,5.363071],[10.402714,5.363202],[10.402842,5.363329],[10.40336,5.36384],[10.403486,5.363959],[10.40353,5.364009],[10.403753,5.364213],[10.404039,5.364514],[10.404147,5.364626],[10.404164,5.364643],[10.404222,5.3647],[10.404636,5.365111],[10.404949,5.365408],[10.405153,5.365581],[10.405235,5.365642],[10.405295,5.365687],[10.40541,5.365755],[10.405508,5.3658],[10.405555,5.365821],[10.405722,5.365872],[10.405907,5.365918],[10.406177,5.365958],[10.406294,5.365972],[10.406384,5.365982],[10.406547,5.366001],[10.407213,5.366041],[10.407884,5.366088],[10.408104,5.366104],[10.40866,5.366143],[10.409208,5.366179],[10.409767,5.366216],[10.409794,5.366218],[10.410089,5.366243],[10.410618,5.366288],[10.411036,5.36633],[10.411227,5.366356],[10.411718,5.366461],[10.412158,5.366676],[10.412235,5.366713],[10.412273,5.366735],[10.412308,5.366761],[10.412521,5.366932],[10.412553,5.366955],[10.412606,5.366987],[10.412692,5.367039],[10.412743,5.367072],[10.412838,5.367152],[10.413006,5.367351],[10.413148,5.367499],[10.413205,5.367563],[10.413599,5.368042],[10.41402,5.368517],[10.414438,5.368824],[10.414723,5.369004],[10.414877,5.369103],[10.415359,5.369306],[10.415979,5.369576],[10.416144,5.36966],[10.416254,5.369722],[10.416308,5.369752],[10.416463,5.369849],[10.416606,5.369959],[10.416626,5.369977],[10.416678,5.37002],[10.416783,5.370113],[10.416916,5.370257],[10.417068,5.370445],[10.417254,5.370685],[10.417352,5.370826],[10.417475,5.371094],[10.417689,5.371592],[10.417956,5.372286],[10.418109,5.372774],[10.418176,5.372985],[10.418184,5.373102],[10.418244,5.373286],[10.418642,5.374296],[10.418849,5.374809],[10.419274,5.375864],[10.419347,5.376048],[10.419837,5.377238],[10.420547,5.379098],[10.420791,5.379651],[10.4209,5.379942],[10.420969,5.380081],[10.421074,5.380291],[10.42113,5.380387],[10.42125,5.380603],[10.421364,5.380766],[10.421482,5.380928],[10.42157,5.38104],[10.421716,5.381213],[10.421877,5.381386],[10.422109,5.381594],[10.422385,5.38183],[10.422618,5.382007],[10.422857,5.382189],[10.423788,5.382903],[10.424003,5.383079],[10.424108,5.383165],[10.424383,5.383385],[10.424693,5.383699],[10.424915,5.383964],[10.425083,5.384181],[10.425217,5.384377],[10.425256,5.384438],[10.425366,5.384611],[10.425408,5.384671],[10.425416,5.384682],[10.425629,5.385031],[10.425824,5.385332],[10.42695,5.387072],[10.426984,5.387124],[10.427397,5.387786],[10.427728,5.388355],[10.427868,5.388605],[10.427936,5.388756],[10.428078,5.389074],[10.428137,5.389233],[10.428165,5.38931],[10.428192,5.389405],[10.428246,5.389592],[10.428296,5.389801],[10.428318,5.389895],[10.42833,5.389977],[10.428353,5.390131],[10.428385,5.390419],[10.428405,5.390658],[10.428408,5.390909],[10.428387,5.391179],[10.42837,5.39136],[10.428368,5.391382],[10.428365,5.391419],[10.428305,5.39171],[10.428289,5.391761],[10.428228,5.391955],[10.428141,5.39225],[10.428126,5.392294],[10.428045,5.392518],[10.427864,5.392954],[10.427738,5.393229],[10.427662,5.393393],[10.427639,5.393436],[10.427568,5.393571],[10.427261,5.394153],[10.426684,5.395318],[10.426275,5.396144],[10.425016,5.398502],[10.424583,5.399337],[10.424334,5.399825],[10.424253,5.399986],[10.424171,5.400146],[10.424142,5.400209],[10.424033,5.400442],[10.423823,5.400956],[10.423767,5.401138],[10.423648,5.401576],[10.423588,5.401804],[10.423551,5.402043],[10.423519,5.402338],[10.423502,5.402576],[10.423505,5.402971],[10.423538,5.403415],[10.423555,5.40351],[10.423602,5.403776],[10.423707,5.404287],[10.423811,5.404691],[10.424148,5.405769],[10.424572,5.407145],[10.42497,5.408441],[10.425042,5.408769],[10.42508,5.409055],[10.425109,5.409419],[10.42512,5.409589],[10.425129,5.40989],[10.425054,5.411177],[10.424979,5.412001],[10.424963,5.41218],[10.424948,5.412343],[10.424884,5.413064],[10.424842,5.413583],[10.424831,5.413942],[10.42483,5.414154],[10.42483,5.414242],[10.42485,5.414597],[10.4249,5.415027],[10.424963,5.415366],[10.425012,5.415579],[10.425107,5.415939],[10.42538,5.416639],[10.425645,5.417272],[10.425732,5.41748],[10.426099,5.418322],[10.42627,5.418733],[10.426341,5.418928],[10.426459,5.4193],[10.426562,5.419812],[10.426612,5.420133],[10.42665,5.420578],[10.426643,5.420908],[10.426621,5.421252],[10.426568,5.421609],[10.426494,5.421959],[10.426304,5.422587],[10.426179,5.422946],[10.426106,5.423137],[10.425826,5.423599],[10.425445,5.424129],[10.425196,5.424432],[10.425063,5.424558],[10.425013,5.424605],[10.424741,5.424836],[10.424406,5.425097],[10.423966,5.42539],[10.423503,5.42567],[10.422682,5.426158],[10.422418,5.426335],[10.422126,5.426531],[10.421807,5.426811],[10.421627,5.426983],[10.421364,5.42728],[10.421245,5.427429],[10.420986,5.427774],[10.420808,5.428076],[10.420551,5.428579],[10.420483,5.428758],[10.420374,5.429065],[10.420267,5.429375],[10.420201,5.429629],[10.42015,5.429957],[10.420117,5.430239],[10.420103,5.430456],[10.420092,5.430758],[10.420092,5.430902],[10.420092,5.430935],[10.420104,5.431232],[10.420156,5.431832],[10.420269,5.432793],[10.420436,5.43426],[10.420477,5.434617],[10.420554,5.435297],[10.420633,5.436043],[10.420643,5.436658],[10.420626,5.436975],[10.420598,5.437253],[10.420595,5.43728],[10.420567,5.43743],[10.420544,5.437557],[10.420531,5.437606],[10.420486,5.43778],[10.420441,5.437954],[10.420389,5.438153],[10.420229,5.438642],[10.419862,5.439864],[10.419846,5.439914],[10.419583,5.440771],[10.41954,5.440916],[10.419502,5.441103],[10.419465,5.441364],[10.419457,5.441474],[10.419449,5.441583],[10.419449,5.441765],[10.419458,5.441912],[10.419477,5.442067],[10.419502,5.442197],[10.41956,5.442418],[10.419612,5.442584],[10.419705,5.44282],[10.420172,5.443663],[10.420517,5.444285],[10.42068,5.444539],[10.4209,5.444828],[10.42102,5.44498],[10.421102,5.445084],[10.421275,5.445256],[10.421512,5.44547],[10.4216,5.445538],[10.421649,5.445576],[10.421851,5.445719],[10.42215,5.445908],[10.423284,5.446587],[10.423725,5.446872],[10.423946,5.447038],[10.42415,5.447208],[10.424325,5.447377],[10.424496,5.447575],[10.424615,5.44773],[10.424684,5.447822],[10.424878,5.448087],[10.42505,5.448424],[10.425177,5.4487],[10.425261,5.44891],[10.425391,5.449291],[10.425562,5.449803],[10.425681,5.45016],[10.425804,5.450531],[10.425994,5.451073],[10.426109,5.451414],[10.426198,5.451678],[10.426293,5.451921],[10.426409,5.45222],[10.426422,5.452257],[10.426575,5.452678],[10.426832,5.453481],[10.426891,5.453706],[10.426926,5.453864],[10.426945,5.453961],[10.426969,5.454071],[10.42699,5.45422],[10.427016,5.45439],[10.427039,5.454588],[10.427042,5.454615],[10.427067,5.454856],[10.42709,5.455126],[10.427128,5.455518],[10.427158,5.455741],[10.427183,5.455893],[10.427186,5.455913],[10.427207,5.456051],[10.427214,5.456097],[10.427245,5.456266],[10.427247,5.45628],[10.427268,5.456368],[10.427292,5.456467],[10.427335,5.456617],[10.427438,5.456899],[10.427635,5.457452],[10.427692,5.457608],[10.427726,5.457723],[10.427784,5.458],[10.427802,5.458077],[10.427847,5.458383],[10.427873,5.45863],[10.427886,5.458905],[10.427867,5.459263],[10.427857,5.45937],[10.427885,5.459484],[10.427859,5.459702],[10.427807,5.459974],[10.427777,5.460169],[10.427687,5.460782],[10.427606,5.461332],[10.427571,5.46155],[10.427528,5.461831],[10.427484,5.462012],[10.427447,5.462123],[10.42742,5.462187],[10.427381,5.462267],[10.427339,5.462343],[10.427284,5.46244],[10.427185,5.462559],[10.42713,5.462612],[10.427023,5.462706],[10.426906,5.462789],[10.426797,5.462853],[10.426691,5.462909],[10.426241,5.463116],[10.426095,5.46318],[10.425666,5.463348],[10.425071,5.463621],[10.424875,5.463732],[10.424748,5.463819],[10.42464,5.463906],[10.424518,5.464022],[10.424428,5.464136],[10.424322,5.464307],[10.424268,5.464404],[10.42419,5.46459],[10.423976,5.465145],[10.423497,5.466447],[10.423416,5.466668],[10.423322,5.466923],[10.423197,5.46726],[10.423135,5.467429],[10.423072,5.467598],[10.422651,5.468686],[10.42264,5.468705],[10.422628,5.468724],[10.422524,5.46887],[10.422573,5.46903],[10.422617,5.469222],[10.422649,5.469468],[10.42266,5.469616],[10.422672,5.469796],[10.422721,5.470531],[10.422758,5.470946],[10.42281,5.471713],[10.422711,5.472113],[10.422693,5.472163],[10.422538,5.472577],[10.422528,5.4726],[10.422514,5.472631],[10.4225,5.472662],[10.422485,5.472693],[10.422471,5.472724],[10.422457,5.472756],[10.422443,5.472787],[10.422428,5.472818],[10.422414,5.472849],[10.4224,5.47288],[10.422385,5.472912],[10.422371,5.472943],[10.422357,5.472974],[10.422342,5.473005],[10.422328,5.473037],[10.422314,5.473068],[10.4223,5.473099],[10.422285,5.47313],[10.422271,5.473161],[10.422257,5.473192],[10.422242,5.473224],[10.422228,5.473255],[10.422214,5.473286],[10.4222,5.473317],[10.422185,5.473349],[10.422171,5.47338],[10.422157,5.473411],[10.422142,5.473442],[10.422128,5.473473],[10.422114,5.473505],[10.4221,5.473536],[10.422085,5.473567],[10.422071,5.473598],[10.422057,5.47363],[10.422049,5.473646],[10.422043,5.473661],[10.422028,5.473692],[10.422014,5.473723],[10.422,5.473754],[10.421985,5.473786],[10.421971,5.473817],[10.421957,5.473848],[10.421943,5.473879],[10.421928,5.47391],[10.421914,5.473942],[10.4219,5.473973],[10.421885,5.474004],[10.421873,5.474036],[10.421864,5.474069],[10.421853,5.474102],[10.421844,5.474135],[10.421841,5.474144],[10.421834,5.474168],[10.421824,5.4742],[10.421814,5.474233],[10.421804,5.474266],[10.421794,5.474299],[10.421784,5.474332],[10.421774,5.474365],[10.421764,5.474397],[10.421754,5.47443],[10.421744,5.474463],[10.421734,5.474496],[10.421724,5.474529],[10.421714,5.474562],[10.421695,5.474625],[10.421685,5.474658],[10.421675,5.474691],[10.421665,5.474723],[10.421655,5.474756],[10.421645,5.474789],[10.421637,5.474822],[10.421634,5.474856],[10.421631,5.474891],[10.421629,5.474925],[10.421626,5.474959],[10.421623,5.474993],[10.421621,5.475028],[10.421618,5.475062],[10.421615,5.475096],[10.421613,5.47513],[10.421613,5.475133],[10.42161,5.475164],[10.421608,5.475199],[10.421605,5.475233],[10.421602,5.475267],[10.421599,5.475301],[10.421597,5.475335],[10.421594,5.475369],[10.421591,5.475404],[10.421589,5.475438],[10.421586,5.475472],[10.421584,5.475506],[10.421581,5.47554],[10.421578,5.475575],[10.421576,5.475609],[10.421573,5.475643],[10.42157,5.475677],[10.421568,5.475711],[10.421565,5.475746],[10.421562,5.47578],[10.42156,5.475814],[10.421557,5.475848],[10.421557,5.47585],[10.421422,5.476158],[10.421327,5.476373],[10.421132,5.476817],[10.420945,5.477241],[10.420913,5.477314],[10.420801,5.477542],[10.420688,5.477773],[10.420602,5.477949],[10.420387,5.478387],[10.420116,5.47894],[10.419904,5.479261],[10.419805,5.479412],[10.419811,5.479454],[10.41981,5.479492],[10.42026,5.47957],[10.420388,5.479589],[10.420585,5.479618],[10.421163,5.479679],[10.421505,5.479723],[10.422154,5.479805],[10.422488,5.479844],[10.422578,5.479854],[10.42279,5.479876],[10.423215,5.479915],[10.423348,5.479927],[10.423758,5.479976],[10.423944,5.480011],[10.424132,5.480051],[10.424274,5.480085],[10.424466,5.480138],[10.424573,5.480168],[10.42476,5.480226],[10.424893,5.480271],[10.42508,5.480353],[10.42509,5.480356],[10.425251,5.480432],[10.425331,5.480472],[10.425443,5.480537],[10.425978,5.480878],[10.426796,5.481398],[10.426883,5.48145],[10.426961,5.481489],[10.427107,5.481549],[10.427134,5.48156]]}}]}